"ID_MGN","Telecomunicaciones_4Ginteriores","Telecomunicaciones_4Gexteriores","Telecomunicaciones_4Gvehiculos","Movilidad_congestionamiento","Residuos_recoleccion","cantidad_empresas","Movilidad_accidentes_Calle_buen_estado","Movilidad_accidentes_buenTiempo","Movilidad_accidentes_pavimento","Agua_conexiones_edific","Electricidad_medidoresint_edific","Electricidad_postes_edific","Electricidad_transformadores_edific","cluster"
47195,3,0,2,4,1,2,40,80,80,0.156626506024096,1.37349397590361,0.168674698795181,0.036144578313253,1
47196,3,0,1,4,1,9,100,83.3333333333333,100,0.896907216494845,1.12371134020619,0.185567010309278,0.0824742268041237,1
47197,3,0,2,4,1,6,94.7368421052632,89.4736842105263,100,0.141025641025641,1.64102564102564,0.230769230769231,0.0384615384615385,1
47198,3,0,2,4,1,4,100,100,100,0.978947368421053,1.21052631578947,0.168421052631579,0.0315789473684211,1
47199,3,0,2,4,1,2,50,100,100,0.803921568627451,1.86274509803922,0.176470588235294,0.0392156862745098,1
47200,3,0,2,4,1,0,50,100,100,0.0333333333333333,2.53333333333333,0.233333333333333,0.0666666666666667,1
47201,3,0,1,3,1,1,75,91.6666666666667,75,0.0804597701149425,1.42528735632184,0.149425287356322,0.0459770114942529,2
47202,3,0,1,0,1,0,50,50,100,0.794117647058823,1.55882352941176,0.235294117647059,0.0294117647058824,1
47204,3,0,1,0,1,1,100,100,100,0.560975609756098,1.19512195121951,0.219512195121951,0.024390243902439,2
47205,3,0,1,0,1,0,75,100,100,1.175,1.6,0.175,0.025,1
47206,3,0,1,3,1,0,75,100,100,0.861111111111111,2.02777777777778,0.222222222222222,0.0555555555555556,1
47207,3,0,1,4,1,4,70,90,90,0.844086021505376,1.52150537634409,0.209677419354839,0.0591397849462366,2
47208,3,0,1,0,1,1,100,100,100,2.36363636363636,3.63636363636364,0.545454545454545,0.181818181818182,2
47209,3,0,1,4,1,11,85.7142857142857,100,100,0.626794258373206,1.44019138755981,0.296650717703349,0.0526315789473684,1
47210,3,0,1,3,1,1,100,100,100,0.568181818181818,1.29545454545455,0.227272727272727,0.0454545454545455,2
47211,3,0,2,4,1,0,100,100,100,0.777777777777778,1.47222222222222,0.222222222222222,0.0555555555555556,1
47212,3,0,2,3,1,2,50,100,100,1.01923076923077,1.38461538461538,0.211538461538462,0.0576923076923077,1
47213,3,0,1,3,1,3,100,100,100,0.148648648648649,1.35135135135135,0.148648648648649,0.0675675675675676,2
47214,3,0,3,4,1,3,100,84.6153846153846,100,0.376623376623377,0.987012987012987,0.233766233766234,0.0746753246753247,1
47215,3,0,1,4,1,1,100,84.6153846153846,100,0.758620689655172,1.93103448275862,0.206896551724138,0.0344827586206897,2
47216,3,0,1,4,1,0,100,84.6153846153846,100,1.08333333333333,3.08333333333333,0.5,0.666666666666667,2
47217,3,0,2,4,1,7,97.6190476190476,85.7142857142857,97.6190476190476,0.745341614906832,1.13664596273292,0.15527950310559,0.118012422360248,1
47218,3,0,2,4,1,3,100,100,100,0.795918367346939,2.14285714285714,0.244897959183673,0.0408163265306122,1
47219,3,0,1,4,1,3,87.8787878787879,93.9393939393939,93.9393939393939,1.11515151515152,1.33939393939394,0.121212121212121,0.0666666666666667,2
47220,3,0,1,4,1,1,66.6666666666667,100,66.6666666666667,3.01694915254237,1.25423728813559,0.11864406779661,0.0677966101694915,2
47221,3,0,1,3,1,1,93.3333333333333,86.6666666666667,93.3333333333333,0.0384615384615385,1.94230769230769,0.134615384615385,0.0576923076923077,2
47222,3,0,1,4,1,5,83.8709677419355,74.1935483870968,90.3225806451613,0.854838709677419,1.59677419354839,0.120967741935484,0.104838709677419,2
47223,3,0,1,3,1,3,76.9230769230769,92.3076923076923,84.6153846153846,0.892857142857143,1.55357142857143,0.232142857142857,0.0357142857142857,2
47224,3,0,1,3,1,2,75,100,100,0.785714285714286,2.89285714285714,0.321428571428571,0.0714285714285714,1
47225,3,0,1,0,1,0,75,100,100,0.92,2.92,0.32,0.04,1
47226,3,0,1,0,1,0,100,100,100,0.947368421052632,1.78947368421053,0.210526315789474,0,2
47227,3,0,1,4,1,0,100,100,100,0.78125,1.5,0.3125,0.0625,2
47228,3,0,2,4,1,2,100,100,100,0.633333333333333,1.43333333333333,0.266666666666667,0.0333333333333333,1
47230,3,0,2,4,1,0,75,100,100,0.933333333333333,1.03809523809524,0.180952380952381,0.019047619047619,1
47231,3,0,2,4,1,0,100,100,100,0.588235294117647,0.970588235294118,0.176470588235294,0.0294117647058824,1
47232,3,0,2,4,1,3,86.268032209008,86.485919736114,94.0033444054856,0.465346534653465,0.871287128712871,0.108910891089109,0.0396039603960396,1
47233,2,0,2,3,1,0,100,100,100,0.824561403508772,1.03508771929825,0.0789473684210526,0.0175438596491228,1
47234,2,1,2,4,1,2,100,100,100,0.6,2.5,0.6,0.05,1
47235,2,0,2,4,1,1,100,100,100,0.634146341463415,1.51219512195122,0.170731707317073,0.0487804878048781,1
47236,2,0,2,4,1,1,100,100,100,0.863636363636364,2.04545454545455,0.272727272727273,0.0909090909090909,1
47237,2,0,2,4,1,2,100,85.7142857142857,100,1.36842105263158,2.73684210526316,0.368421052631579,0.157894736842105,1
47238,2,1,2,4,1,0,100,100,100,0.892857142857143,1.82142857142857,0.214285714285714,0.0535714285714286,1
47239,2,1,2,3,1,3,91.6666666666667,100,100,0.688524590163934,1.73770491803279,0.19672131147541,0.0491803278688525,1
47240,2,1,2,4,1,11,91.6666666666667,95.8333333333333,100,0.660944206008584,0.969957081545064,0.120171673819742,0.0386266094420601,3
47241,1,1,2,4,1,0,100,100,100,1.125,2.875,0.75,0.125,1
47242,2,1,2,4,1,1,100,100,100,0.5,0.90625,0.28125,0.0625,1
47243,2,0,2,23,1,4,94.7368421052632,94.7368421052632,100,0.710526315789474,1.47368421052632,0.289473684210526,0.263157894736842,1
47244,3,0,2,0,1,1,90.9090909090909,100,100,1.5,2.5,0.4,0.1,1
47245,3,0,2,4,1,3,100,75,100,0.936507936507937,1.68253968253968,0.238095238095238,0.0952380952380952,1
47246,3,0,2,0,1,1,100,85.7142857142857,100,0.961538461538462,1.92307692307692,0.25,0.115384615384615,1
47247,3,0,1,4,1,0,86.268032209008,86.485919736114,94.0033444054856,0.565217391304348,1.60869565217391,0.130434782608696,0.130434782608696,2
47248,3,1,2,4,1,3,90,90,100,1.97674418604651,1.81395348837209,0.162790697674419,0.0930232558139535,1
47249,3,0,2,4,1,3,93.75,100,100,0.611764705882353,1.32941176470588,0.211764705882353,0.0588235294117647,1
47250,3,0,2,4,1,1,100,100,100,0.577777777777778,2.26666666666667,0.488888888888889,0.0666666666666667,1
47251,1,0,2,4,1,3,100,100,100,0.616161616161616,1.05555555555556,0.161616161616162,0.0303030303030303,1
47252,1,0,2,4,1,0,86.268032209008,86.485919736114,94.0033444054856,0.407407407407407,1.55555555555556,0.296296296296296,0.037037037037037,1
47253,1,0,2,4,1,0,100,100,100,0.836734693877551,1.61224489795918,0.224489795918367,0.0408163265306122,1
47254,3,0,2,4,1,0,50,75,100,1.07407407407407,1.66666666666667,0.222222222222222,0.111111111111111,1
47255,3,0,2,4,1,1,50,75,100,1.08695652173913,1.78260869565217,0.260869565217391,0.217391304347826,1
47256,3,1,2,23,1,2,100,70,95,5.58823529411765,4.05882352941176,0.529411764705882,0.529411764705882,1
47257,3,0,2,23,1,6,92.6829268292683,87.8048780487805,97.5609756097561,1.37179487179487,2.1025641025641,0.307692307692308,0.128205128205128,1
47258,3,0,2,23,1,3,90.9090909090909,93.1818181818182,97.7272727272727,0.940298507462687,1.59701492537313,0.26865671641791,0.149253731343284,1
47259,3,0,2,4,1,5,96.1538461538462,90.3846153846154,98.0769230769231,0.700680272108844,1.1156462585034,0.238095238095238,0.17687074829932,1
47260,3,0,1,4,1,0,100,75,100,1,6.33333333333333,1,0.333333333333333,2
47261,3,0,1,4,1,1,100,83.3333333333333,100,1,2,0.241379310344828,0.0344827586206897,2
47262,3,0,3,4,1,0,100,100,100,0.891304347826087,1.89130434782609,0.173913043478261,0.0652173913043478,1
47263,2,0,2,4,1,1,100,100,100,0.810344827586207,1.96551724137931,0.172413793103448,0.0517241379310345,1
47264,2,1,2,4,1,4,95,95,100,0.53448275862069,1.24712643678161,0.17816091954023,0.0517241379310345,1
47265,2,0,2,0,1,0,86.268032209008,86.485919736114,94.0033444054856,0.933333333333333,1.63333333333333,0.2,0.0333333333333333,1
47266,3,0,2,0,1,2,100,100,100,0.770491803278688,1.68852459016393,0.213114754098361,0.0819672131147541,1
47267,3,0,3,3,1,3,80,84,96,0.771929824561403,1.56140350877193,0.192982456140351,0.105263157894737,1
47268,3,1,3,4,1,10,84.4444444444444,80,97.7777777777778,0.791208791208791,1.21978021978022,0.120879120879121,0.153846153846154,3
47269,3,1,3,4,1,6,70.9677419354839,70.9677419354839,96.7741935483871,0.948051948051948,0.922077922077922,0.116883116883117,0.0909090909090909,3
47270,3,0,2,4,1,4,73.3333333333333,80,93.3333333333333,0.559322033898305,0.847457627118644,0.152542372881356,0.186440677966102,1
47271,3,1,3,4,1,9,86.3636363636364,81.8181818181818,100,1.76,1.73,0.39,0.3,3
47272,3,0,2,4,1,6,97.2222222222222,80.5555555555556,100,0.0555555555555556,2.30555555555556,0.263888888888889,0.208333333333333,1
47273,3,0,1,4,1,0,100,100,100,1.85714285714286,5.71428571428571,0.285714285714286,1.14285714285714,2
47274,3,0,1,4,1,0,96.1538461538462,88.4615384615385,100,1.57142857142857,3.25,0.214285714285714,0.357142857142857,2
47275,3,0,2,23,1,5,95.8333333333333,79.1666666666667,97.9166666666667,1.24731182795699,1.83870967741935,0.236559139784946,0.247311827956989,1
47276,3,1,3,4,1,4,77.2727272727273,81.8181818181818,95.4545454545455,0.441176470588235,0.507352941176471,0.0808823529411765,0.0441176470588235,3
47277,3,0,2,4,1,0,100,94.1176470588235,100,0.428571428571429,2,0.571428571428571,0.285714285714286,1
47278,3,0,1,4,1,1,100,100,100,2,3.33333333333333,0.266666666666667,0.266666666666667,2
47279,3,0,1,0,1,2,96,88,100,1.35294117647059,3.58823529411765,0.117647058823529,0.352941176470588,2
47280,3,0,1,4,1,0,93.75,81.25,100,1.8,3.6,0.6,0.2,2
47281,3,0,0,4,1,0,100,94.4444444444444,94.4444444444444,0.882352941176471,1.58823529411765,0.176470588235294,0.0294117647058824,2
47282,3,0,1,4,1,1,97.2222222222222,91.6666666666667,97.2222222222222,1.21212121212121,2.39393939393939,0.151515151515152,0.272727272727273,2
47283,3,0,0,4,1,0,94.7368421052632,92.1052631578947,97.3684210526316,1.22222222222222,5.55555555555556,0.222222222222222,0.111111111111111,2
47284,3,0,0,4,1,1,100,90,96.6666666666667,0.96969696969697,1.72727272727273,0.242424242424242,0.0303030303030303,2
47285,3,0,1,4,1,1,100,78.9473684210526,100,0.692307692307692,1.05128205128205,0.205128205128205,0.0512820512820513,2
47286,3,0,0,4,1,0,100,80,100,0.888888888888889,1.83333333333333,0.222222222222222,0.0555555555555556,2
47287,3,0,1,4,1,2,100,76.4705882352941,100,1,1.75675675675676,0.216216216216216,0.108108108108108,2
47288,3,0,1,4,1,2,100,86.3636363636364,95.4545454545455,0.973684210526316,2.07894736842105,0.184210526315789,0.105263157894737,2
47289,3,0,1,4,1,1,97.6744186046512,88.3720930232558,97.6744186046512,0.951612903225806,1.85483870967742,0.209677419354839,0.129032258064516,2
47290,3,0,2,4,1,1,92.3076923076923,80.7692307692308,96.1538461538462,0.631578947368421,3.89473684210526,0.736842105263158,0.315789473684211,2
47291,3,0,1,4,1,2,95.7446808510638,80.8510638297872,97.8723404255319,1.55555555555556,4.16666666666667,0.5,0.722222222222222,2
47292,3,0,1,4,1,1,94.9152542372881,81.3559322033898,100,1.44827586206897,3.10344827586207,0.172413793103448,0.137931034482759,2
47293,3,0,0,4,1,2,95.7446808510638,95.7446808510638,97.8723404255319,1.51515151515152,2.66666666666667,0.212121212121212,0.121212121212121,2
47294,3,0,0,4,1,1,100,88.4615384615385,100,1.28571428571429,5.42857142857143,1.28571428571429,0.571428571428571,2
47295,3,0,1,4,1,2,100,88.2352941176471,100,0.914285714285714,1.31428571428571,0.285714285714286,0.142857142857143,2
47296,3,0,1,4,1,2,100,85.7142857142857,100,0.884615384615385,2.76923076923077,0.384615384615385,0.192307692307692,2
47297,3,0,0,4,1,2,100,71.4285714285714,100,1.34782608695652,2.65217391304348,0.217391304347826,0.130434782608696,2
47298,3,0,0,4,1,1,100,72.7272727272727,100,1,2.31818181818182,0.318181818181818,0.136363636363636,2
47300,3,0,1,4,1,2,96.969696969697,84.8484848484848,96.969696969697,0.836363636363636,1.10909090909091,0.0848484848484849,0.0303030303030303,2
47301,3,0,2,4,1,2,90.9090909090909,100,90.9090909090909,0.824561403508772,1.15789473684211,0.175438596491228,0.087719298245614,1
47302,3,0,1,4,1,0,90,70,93.3333333333333,0.821428571428571,0.642857142857143,0.392857142857143,0.285714285714286,2
47303,3,0,1,4,1,1,91.4285714285714,62.8571428571429,97.1428571428571,1.6,2.6,0.8,0.466666666666667,2
47304,3,0,1,4,1,2,96.078431372549,86.2745098039216,100,1.65,4.45,0.4,0.45,2
47305,3,0,1,4,1,1,100,92,100,1.85106382978723,0.968085106382979,0.138297872340426,0.0531914893617021,2
47306,3,0,1,4,1,3,100,86.6666666666667,100,0.043010752688172,0.946236559139785,0.10752688172043,0.0537634408602151,2
47307,2,0,2,4,1,1,83.3333333333333,100,83.3333333333333,0.285714285714286,1.78571428571429,0.428571428571429,0,1
47308,3,0,3,4,1,6,92.3076923076923,88.4615384615385,92.3076923076923,0.689655172413793,1.64655172413793,0.163793103448276,0.0431034482758621,1
47309,3,0,2,4,1,2,100,100,100,0.707692307692308,1.58461538461538,0.153846153846154,0.0307692307692308,1
47310,3,0,2,4,1,1,100,100,100,0.692307692307692,1.68131868131868,0.241758241758242,0.0549450549450549,1
47311,3,0,2,4,1,3,90.4761904761905,80.9523809523809,96.8253968253968,0.6,1.31851851851852,0.266666666666667,0.177777777777778,1
47312,3,0,0,4,1,0,87.5,71.875,96.875,0.428571428571429,1.77142857142857,0.428571428571429,0.342857142857143,2
47313,3,0,1,4,1,0,94.8717948717949,76.9230769230769,100,1.3,2.03333333333333,0.333333333333333,0.166666666666667,2
47314,3,0,3,4,1,3,87.5,100,87.5,0.032,1.224,0.088,0.064,1
47315,3,0,3,4,1,1,87.5,91.6666666666667,87.5,11.8,0.666666666666667,0.333333333333333,0.133333333333333,1
47316,3,0,1,4,1,0,100,100,100,0.153846153846154,2.07692307692308,0.615384615384615,0.230769230769231,2
47317,2,0,1,4,1,0,100,100,100,1,3.33333333333333,0.222222222222222,0,2
47318,2,0,1,4,1,1,86.268032209008,86.485919736114,94.0033444054856,1.57142857142857,2.21428571428571,0.0714285714285714,0,2
47319,2,0,1,4,1,1,86.268032209008,86.485919736114,94.0033444054856,1.28571428571429,3.14285714285714,0.142857142857143,0.142857142857143,2
47320,2,0,1,4,1,2,100,50,100,1.29166666666667,1.58333333333333,0.25,0.0833333333333333,1
47321,3,0,3,3,1,0,86.268032209008,86.485919736114,94.0033444054856,0.192307692307692,2,0.384615384615385,0.0384615384615385,1
47322,3,0,3,3,1,0,86.268032209008,86.485919736114,94.0033444054856,0.310344827586207,1.41379310344828,0.448275862068966,0.0689655172413793,1
47323,2,0,1,4,1,1,100,100,100,0.735294117647059,1.73529411764706,0.235294117647059,0.0294117647058824,2
47324,2,0,1,4,1,0,100,100,100,0.967741935483871,1.74193548387097,0.225806451612903,0.032258064516129,2
47325,3,0,1,4,1,1,100,100,100,1.07142857142857,1.67857142857143,0.285714285714286,0.107142857142857,2
47326,3,0,1,4,1,1,86.268032209008,86.485919736114,94.0033444054856,0.857142857142857,2.38095238095238,0.428571428571429,0.0952380952380952,2
47327,3,0,2,4,1,4,100,100,100,0.647058823529412,1.3921568627451,0.294117647058824,0.0588235294117647,1
47328,3,0,1,4,1,5,90,90,90,0.91578947368421,1.66315789473684,0.273684210526316,0.0526315789473684,2
47329,2,0,2,4,1,3,100,100,100,0.650793650793651,0.904761904761905,0.158730158730159,0.0476190476190476,1
47330,3,0,3,3,1,0,100,100,100,1.28571428571429,1.85714285714286,0.257142857142857,0.0571428571428571,1
47331,3,0,3,3,1,1,86.268032209008,86.485919736114,94.0033444054856,1,1.51351351351351,0.378378378378378,0.0540540540540541,1
47332,3,0,3,3,1,7,100,83.3333333333333,100,0.109375,1.6171875,0.125,0.0390625,1
47333,3,0,2,3,1,2,100,72.7272727272727,90.9090909090909,0.5625,1.09375,0.21875,0.03125,1
47334,1,1,1,4,1,1,50,100,100,0.52,1.24,0.1,0.08,3
47335,1,0,1,3,1,1,100,100,100,0.736842105263158,2.94736842105263,0.368421052631579,0,1
47336,1,0,1,3,1,0,100,100,100,0.675,1.775,0.175,0,1
47337,1,0,2,4,1,1,100,100,100,0.837837837837838,1.7027027027027,0.162162162162162,0.0540540540540541,1
47338,1,1,2,4,1,3,85.7142857142857,100,100,0.466292134831461,0.966292134831461,0.247191011235955,0.101123595505618,1
47339,1,0,1,4,1,1,75,100,100,0.722222222222222,2.22222222222222,0.222222222222222,0.111111111111111,1
47340,1,0,1,4,1,0,100,100,100,1.03703703703704,1.85185185185185,0.0740740740740741,0.0740740740740741,1
47341,1,0,1,4,1,0,75,100,100,0.595744680851064,1.12765957446809,0.127659574468085,0.0638297872340425,1
47342,1,1,2,4,1,2,100,100,100,0.506024096385542,1.42168674698795,0.0843373493975904,0.0481927710843374,1
47343,1,0,2,5,1,0,80,100,80,0.979166666666667,2.04166666666667,0.125,0.0833333333333333,1
47344,1,0,1,4,1,1,85.7142857142857,100,85.7142857142857,0.552631578947368,1.21052631578947,0.157894736842105,0.0657894736842105,1
47345,2,1,2,4,1,1,100,100,100,0.181818181818182,1.63636363636364,0.727272727272727,0.272727272727273,1
47346,1,0,2,4,1,0,100,100,100,2.31034482758621,1.79310344827586,0.103448275862069,0.0689655172413793,1
47348,0,1,3,2,1,0,86.268032209008,86.485919736114,94.0033444054856,0.785714285714286,1.82142857142857,0.25,0.0357142857142857,3
47349,0,1,3,2,1,0,86.268032209008,86.485919736114,94.0033444054856,1.28571428571429,1.94285714285714,0.228571428571429,0.0285714285714286,3
47350,0,1,3,4,1,1,86.268032209008,86.485919736114,94.0033444054856,0.783783783783784,1.81081081081081,0.189189189189189,0,3
47351,0,0,3,4,1,1,86.268032209008,86.485919736114,94.0033444054856,0.605263157894737,1.63157894736842,0.184210526315789,0.0263157894736842,3
47352,0,0,3,4,1,0,50,100,100,0.617021276595745,1.46808510638298,0.234042553191489,0.0638297872340425,3
47353,1,0,2,5,1,0,81.8181818181818,100,90.9090909090909,0.84,1.4,0.32,0.04,1
47354,3,0,2,4,1,3,100,96.1538461538462,96.1538461538462,0.729166666666667,1.07083333333333,0.1625,0.0333333333333333,1
47355,3,0,2,4,1,2,100,95.2380952380952,100,0.783582089552239,1.41044776119403,0.216417910447761,0.0522388059701493,1
47356,3,0,2,4,1,3,100,100,100,0.836734693877551,1.61224489795918,0.183673469387755,0.0306122448979592,1
47357,2,0,2,4,1,3,86.268032209008,86.485919736114,94.0033444054856,0.885245901639344,1.65573770491803,0.213114754098361,0.0491803278688525,1
47358,3,0,2,4,1,2,100,88.8888888888889,100,0.685483870967742,1.14516129032258,0.153225806451613,0.0403225806451613,1
47359,3,0,1,4,1,3,100,86.9565217391304,100,0.783783783783784,1.45945945945946,0.171171171171171,0.0630630630630631,2
47360,3,0,2,4,1,6,95.7446808510638,87.2340425531915,100,0.849206349206349,1.3015873015873,0.126984126984127,0.0952380952380952,1
47361,2,1,3,4,1,5,78,82,100,0.9375,1.625,0.625,0.166666666666667,3
47362,1,1,3,4,1,10,85,87.5,100,0.617511520737327,0.953917050691244,0.101382488479263,0.032258064516129,3
47363,1,0,2,4,1,3,90,90,100,0.973684210526316,2.59210526315789,0.144736842105263,0.0526315789473684,1
47364,1,0,3,4,1,3,85.7142857142857,85.7142857142857,100,0.358208955223881,2.2089552238806,0.0895522388059701,0.0597014925373134,1
47365,1,1,3,5,1,7,58.8235294117647,88.2352941176471,88.2352941176471,0.648550724637681,1.04347826086957,0.181159420289855,0.0434782608695652,3
47366,3,2,3,4,1,9,89.1891891891892,91.8918918918919,97.2972972972973,0.561872909698997,0.959866220735786,0.220735785953177,0.0635451505016722,3
47367,0,2,3,4,1,5,100,88.8888888888889,94.4444444444444,0.484848484848485,0.878787878787879,0.181818181818182,0.0606060606060606,3
47368,0,2,3,4,1,0,100,100,66.6666666666667,0.722222222222222,1.30555555555556,0.152777777777778,0.0416666666666667,3
47369,0,1,3,4,1,2,100,66.6666666666667,66.6666666666667,0.7,1.1,0.155555555555556,0.0333333333333333,3
47370,1,0,3,4,1,0,100,75,75,0.662162162162162,1.10810810810811,0.175675675675676,0.027027027027027,3
47371,1,0,3,4,1,1,100,66.6666666666667,66.6666666666667,0.523076923076923,1.03076923076923,0.153846153846154,0.0307692307692308,3
47372,2,0,3,4,1,1,100,100,100,0.615384615384615,1.13461538461538,0.192307692307692,0.0576923076923077,1
47373,2,0,1,4,1,0,100,100,100,0.727272727272727,1.54545454545455,0.227272727272727,0.0454545454545455,2
47374,3,0,1,4,1,0,86.268032209008,86.485919736114,94.0033444054856,1.02631578947368,1.86842105263158,0.263157894736842,0.0526315789473684,2
47375,3,0,2,4,1,0,66.6666666666667,100,100,1.08888888888889,1.8,0.288888888888889,0.111111111111111,1
47376,3,2,3,4,1,1,75,100,100,0.762886597938144,1.49484536082474,0.216494845360825,0.0515463917525773,3
47377,3,0,2,4,1,2,75,100,100,0.804878048780488,1.53658536585366,0.390243902439024,0.0731707317073171,1
47378,3,0,2,4,1,1,100,100,100,1,2.03225806451613,0.387096774193548,0.032258064516129,1
47379,3,1,3,4,1,6,80.9523809523809,80.9523809523809,100,0.63265306122449,0.877551020408163,0.171428571428571,0.0775510204081633,3
47381,1,0,3,4,1,1,100,50,100,0.133333333333333,1.8,0.5,0.0333333333333333,1
47385,2,0,2,4,1,0,100,75,91.6666666666667,0.873239436619718,1.36619718309859,0,0.0422535211267606,1
47386,3,0,3,5,1,6,88.8888888888889,72.2222222222222,91.6666666666667,0.689969604863222,0.96048632218845,0.103343465045593,0.0395136778115502,1
47387,2,0,3,2,1,0,85.7142857142857,71.4285714285714,85.7142857142857,0.903225806451613,1.83870967741935,0.451612903225806,0.0967741935483871,1
47388,2,0,1,2,1,2,100,50,100,0.914285714285714,1.97142857142857,0.228571428571429,0.0571428571428571,1
47389,2,0,1,4,1,1,100,50,100,0.921052631578947,2.05263157894737,0.263157894736842,0.0526315789473684,1
47390,2,0,1,4,1,1,100,50,100,1.16279069767442,1.90697674418605,0.209302325581395,0.0465116279069767,1
47391,0,0,3,4,1,2,77.7777777777778,88.8888888888889,88.8888888888889,1.46,1.18,0.17,0.04,3
47393,2,1,3,4,1,2,60,100,100,0.216417910447761,1.24626865671642,0.283582089552239,0.0671641791044776,3
47394,1,2,3,4,1,1,80,90,100,2.95,0.95,0.95,0.2,3
47395,1,1,3,4,1,2,50,100,100,0.196078431372549,0.57516339869281,0.176470588235294,0.0522875816993464,3
47396,1,1,3,4,1,4,50,66.6666666666667,83.3333333333333,0.031496062992126,1.05511811023622,0.21259842519685,0.031496062992126,3
47397,3,0,3,4,1,4,70,90,90,0.0803571428571429,1.16071428571429,0.160714285714286,0.0178571428571429,1
47398,3,2,3,4,1,1,90.9090909090909,100,100,0.62962962962963,0.62962962962963,0.388888888888889,0.12962962962963,3
47399,3,0,2,4,1,1,100,66.6666666666667,100,0.894736842105263,1.57894736842105,0.228070175438596,0.0526315789473684,1
47400,3,0,3,4,1,1,50,100,50,0.714285714285714,1.34285714285714,0.171428571428571,0.0428571428571429,3
47401,0,1,3,4,1,0,86.268032209008,86.485919736114,94.0033444054856,0.769230769230769,2.23076923076923,0.5,0.0769230769230769,3
47402,0,1,1,2,1,1,86.268032209008,86.485919736114,94.0033444054856,0.59375,0,0,0.0625,3
47403,1,2,3,4,1,8,66.6666666666667,66.6666666666667,83.3333333333333,0.505747126436782,1.11494252873563,0.241379310344828,0.053639846743295,3
47404,3,0,2,4,1,2,100,100,100,0.923076923076923,1.66153846153846,0.2,0.0769230769230769,1
47405,3,0,3,4,1,1,50,100,50,0.626373626373626,1.35164835164835,0.131868131868132,0.032967032967033,3
47406,0,2,3,3,1,0,86.268032209008,86.485919736114,94.0033444054856,0.0588235294117647,0.964705882352941,0.129411764705882,0.0352941176470588,3
47407,0,2,1,3,1,1,86.268032209008,86.485919736114,94.0033444054856,1.41935483870968,0,0,0.032258064516129,3
47423,0,2,3,4,1,1,85.7142857142857,80.9523809523809,95.2380952380952,0.117021276595745,0.202127659574468,0.138297872340426,0.0851063829787234,3
47424,2,1,3,4,1,2,50,50,50,0.175,0.575,0.125,0.15,3
47425,1,0,2,4,1,0,86.268032209008,86.485919736114,94.0033444054856,0.421052631578947,0.947368421052632,0.368421052631579,0.105263157894737,1
47426,2,0,2,4,1,0,86.268032209008,86.485919736114,94.0033444054856,0.785714285714286,1.92857142857143,0.428571428571429,0.214285714285714,1
47427,3,0,3,4,1,0,100,100,100,0.75,2.16666666666667,0.5,0.166666666666667,1
47428,3,0,2,0,1,0,100,75,75,0.117647058823529,1.29411764705882,0.294117647058824,0.0588235294117647,1
47449,3,0,2,4,1,2,100,100,100,0.774193548387097,1.45161290322581,0.32258064516129,0.0645161290322581,1
47450,3,0,1,4,1,0,100,100,100,0.875,1.9375,0.3125,0,2
47451,2,0,1,4,1,0,100,100,100,2.58823529411765,3.82352941176471,0.294117647058824,0.294117647058824,2
47453,3,1,2,23,1,0,96.2962962962963,77.7777777777778,96.2962962962963,6.26666666666667,0.666666666666667,0.533333333333333,0.333333333333333,1
47454,3,1,2,4,1,9,100,80,100,0.51304347826087,1.34782608695652,0.217391304347826,0.0521739130434783,3
47455,2,0,2,4,1,2,100,50,100,2.25,2.5,0.75,0.125,1
47456,1,0,2,4,1,0,100,100,100,1.16666666666667,3,0.5,0.166666666666667,1
47457,1,0,3,4,1,2,75,87.5,100,1.1078431372549,1.90196078431373,0.254901960784314,0.0392156862745098,1
47459,2,2,3,4,1,8,42.8571428571429,85.7142857142857,100,0.442622950819672,0.278688524590164,0.0655737704918033,0.0163934426229508,3
47460,3,0,1,4,1,0,100,100,100,0.941176470588235,2.17647058823529,0.529411764705882,0.0588235294117647,2
47461,3,0,3,4,1,0,66.6666666666667,66.6666666666667,100,0.4125,1.5375,0.3125,0.075,1
47462,2,0,3,3,1,0,93.3333333333333,86.6666666666667,93.3333333333333,1.13333333333333,1.53333333333333,0.333333333333333,0.0666666666666667,1
47463,2,1,3,4,1,1,50,100,50,0.2,1.225,0.3,0.0625,3
47468,3,0,3,4,1,1,50,50,50,0.83206106870229,1.18320610687023,0.083969465648855,0.0305343511450382,3
47474,3,0,1,4,1,1,91.304347826087,82.6086956521739,100,3.5,7,1,1.5,2
47475,2,0,3,4,1,2,85.7142857142857,71.4285714285714,85.7142857142857,0.347826086956522,1.47826086956522,0.217391304347826,0.0434782608695652,1
47476,3,0,3,4,1,0,85.7142857142857,85.7142857142857,85.7142857142857,0.2,2.06666666666667,0.4,0.0666666666666667,1
47477,3,0,3,4,1,0,100,75,100,0.15,1,0.2,0,1
47479,2,1,3,4,1,2,100,100,100,0.142857142857143,1.85714285714286,1.28571428571429,0.428571428571429,1
47480,3,1,3,4,1,3,78.5714285714286,78.5714285714286,100,0.125,0.875,0.75,0.5,3
47482,3,0,3,4,1,2,84.2105263157895,78.9473684210526,97.3684210526316,1.6,1.65,0.7,0.15,1
47484,0,1,3,4,1,2,86.268032209008,86.485919736114,94.0033444054856,0.538461538461538,1,0.153846153846154,0.0769230769230769,3
47494,3,2,3,4,1,4,93.3333333333333,93.3333333333333,100,0.52,0.96,0.256,0.056,3
47495,3,2,3,4,1,8,79.3103448275862,82.7586206896552,98.2758620689655,0.924242424242424,1.40909090909091,0.348484848484849,0.204545454545455,3
47496,3,1,3,4,1,6,77.7777777777778,77.7777777777778,100,0.0347222222222222,0.159722222222222,0.0625,0.0625,3
47498,3,0,3,4,1,0,100,50,50,1.22727272727273,1.81818181818182,0.318181818181818,0.136363636363636,3
47499,3,2,3,4,1,9,88.8888888888889,77.7777777777778,88.8888888888889,0.5625,0.627717391304348,0.130434782608696,0.0407608695652174,3
47500,3,1,3,4,1,5,75,87.5,100,0.318681318681319,0.813186813186813,0.197802197802198,0.0659340659340659,3
47501,3,0,1,4,1,2,100,100,100,0.717557251908397,1.0763358778626,0.152671755725191,0.0229007633587786,2
47502,3,0,2,4,1,0,86.268032209008,86.485919736114,94.0033444054856,0.363636363636364,2.40909090909091,0.454545454545455,0.0454545454545455,1
47503,3,0,3,5,1,10,95.2380952380952,71.4285714285714,95.2380952380952,0.885521885521885,0.96969696969697,0.154882154882155,0.0606060606060606,1
48657,3,0,2,3,1,1,100,50,50,0.0277777777777778,0.888888888888889,0.222222222222222,0.0277777777777778,3
48658,0,2,2,4,1,0,100,100,100,0.325,0,0,0.05,3
48678,1,1,3,4,1,0,66.6666666666667,100,66.6666666666667,0.558823529411765,1.20588235294118,0.5,0.0588235294117647,3
47347,0,1,3,0,1,0,86.268032209008,86.485919736114,94.0033444054856,0,2.1,0.4,0,3
47392,0,0,3,3,1,1,85.7142857142857,85.7142857142857,85.7142857142857,0,1.05555555555556,0.388888888888889,0.166666666666667,3
47229,3,0,2,4,1,1,100,100,100,0,1.7741935483871,0.483870967741935,0.0967741935483871,1
47299,3,0,1,0,1,1,92.8571428571429,85.7142857142857,92.8571428571429,0,1.75,0.145833333333333,0.0625,2
47382,1,0,3,4,1,1,50,100,50,0,1.22727272727273,0.227272727272727,0.0757575757575758,3
47452,3,0,1,4,1,2,90.4761904761905,85.7142857142857,100,0,1.87234042553191,0.170212765957447,0.106382978723404,2
47481,1,1,3,4,1,0,100,100,100,0,2,0.375,0.25,1
47380,0,0,3,4,1,0,86.268032209008,86.485919736114,94.0033444054856,0,1.70833333333333,0.25,0.0833333333333333,3
47383,0,0,3,4,1,0,86.268032209008,86.485919736114,94.0033444054856,0,1.64285714285714,0.178571428571429,0.0714285714285714,3
47384,0,0,3,4,1,0,86.268032209008,86.485919736114,94.0033444054856,0,1.8695652173913,0.260869565217391,0.0869565217391304,3
47458,0,0,3,0,0,0,66.6666666666667,100,100,0,2.4,1.4,0.2,3
