"ID_MGN","Movilidad_RVN","Telecomunicaciones_4Ginteriores","Telecomunicaciones_4Gexteriores","Telecomunicaciones_4Gvehiculos","Movilidad_congestionamiento","Residuos_noValorizables","cantidad_empresas","Movilidad_accidentes_Calle_buen_estado","Movilidad_accidentes_buenTiempo","Movilidad_accidentes_pavimento","Agua_conexiones_edific","saneamiento_conexiones_edific","Electricidad_medidoresint_edific","Electricidad_postes_edific","Electricidad_transformadores_edific","cluster"
46258,0,3,0,3,4,1,1,100,100,100,0.458715596330275,0,0.779816513761468,0.247706422018349,0,1
46259,0,3,0,3,4,1,2,57.1428571428571,100,100,0.347701149425287,0,0.620689655172414,0.204022988505747,0.0114942528735632,1
46260,0,3,0,3,4,1,1,60,100,100,0.0158730158730159,0,1.15873015873016,0.53968253968254,0,1
46261,0,3,0,3,3,1,1,95.2578097608821,91.2189208163899,98.3623185325594,0.260162601626016,0,0.666666666666667,0.16260162601626,0,1
46262,1,3,1,3,4,1,8,92.8571428571429,85.7142857142857,100,0.224489795918367,0,0.512925170068027,0.213605442176871,0.00272108843537415,2
46263,0,3,0,3,4,1,0,100,100,100,0.239130434782609,0,0.625,0.228260869565217,0,1
46264,0,1,1,3,4,1,1,100,100,100,1.71232876712329,0,0.602739726027397,0.301369863013699,0,2
46265,0,3,0,3,4,1,1,95.2578097608821,91.2189208163899,98.3623185325594,0.0232558139534884,0,0.767441860465116,0.348837209302326,0,1
46266,0,3,0,3,4,1,0,95.2578097608821,91.2189208163899,98.3623185325594,0.716666666666667,0,0.7,0.316666666666667,0,1
46267,0,3,1,3,4,1,1,25,75,75,0.333333333333333,0,0.41025641025641,0.393162393162393,0.0769230769230769,2
46271,0,3,1,3,4,1,0,50,100,100,0.0704225352112676,0,0.27112676056338,0.0809859154929577,0,2
46272,0,3,0,3,4,1,0,60,100,100,0.323076923076923,0,0.492307692307692,0.276923076923077,0,1
46273,0,3,0,3,0,1,0,95.2578097608821,91.2189208163899,98.3623185325594,0.45,0,0.9,0.266666666666667,0,1
46274,0,3,0,3,0,1,2,95.2578097608821,91.2189208163899,98.3623185325594,0.484375,0,0.65625,0.1953125,0,1
46275,0,1,0,3,0,1,0,95.2578097608821,91.2189208163899,98.3623185325594,0.571428571428571,0,0.75,0.321428571428571,0,1
46276,0,1,0,3,0,1,1,100,100,100,0.46,0,1.48,0.56,0,1
46277,5,3,0,3,4,1,2,80,100,90,0.279411764705882,0,0.352941176470588,0.808823529411765,0.25,1
46281,0,3,1,3,4,1,2,100,100,100,0.105610561056106,0,0.232673267326733,0.0891089108910891,0,2
46282,0,3,0,2,0,1,1,100,100,100,0.545454545454545,0,1.39393939393939,0.212121212121212,0,1
46283,0,3,0,2,0,1,2,95.2578097608821,91.2189208163899,98.3623185325594,0.473684210526316,0,1.18421052631579,0.184210526315789,0,1
46284,0,3,0,1,4,1,1,95.2578097608821,91.2189208163899,98.3623185325594,0.548387096774194,0,1.58064516129032,0.258064516129032,0,1
46285,0,3,0,3,4,1,0,100,100,100,0.0136986301369863,0,0.602739726027397,0.10958904109589,0,1
46286,0,2,0,3,0,0,0,95.2578097608821,91.2189208163899,98.3623185325594,0.025,0,0.15,0.05,0,1
46287,0,2,0,3,4,1,0,50,100,100,0.106194690265487,0,0.557522123893805,0.106194690265487,0,1
46288,0,0,0,3,4,1,0,95.2578097608821,91.2189208163899,98.3623185325594,0.2,0,0.725,0.15,0,1
46289,0,0,0,3,4,1,0,95.2578097608821,91.2189208163899,98.3623185325594,0.35,0,0.8,0.2,0,1
46290,1,3,0,3,4,1,4,100,83.3333333333333,100,0.485915492957746,0,0.704225352112676,0.253521126760563,0.028169014084507,1
46291,0,3,0,2,3,1,0,95.2578097608821,91.2189208163899,98.3623185325594,0.392857142857143,0,1.55357142857143,0.375,0,1
46293,2,3,1,3,4,1,7,46.1538461538462,61.5384615384615,100,0.258760107816712,0,0.425876010781671,0.264150943396226,0.0269541778975741,2
46294,2,3,1,3,4,1,3,41.6666666666667,75,100,0.010183299389002,0,0.00610997963340122,0.142566191446029,0.0325865580448065,2
46295,5,3,1,3,4,1,2,88.8888888888889,94.4444444444444,100,0.0947368421052632,0,0.273684210526316,0.392982456140351,0.147368421052632,2
46296,0,3,0,2,4,1,1,100,100,83.3333333333333,0.40506329113924,0,1.05063291139241,0.177215189873418,0.0506329113924051,1
46297,0,2,0,3,0,0,0,95.2578097608821,91.2189208163899,98.3623185325594,0.714285714285714,0,1.14285714285714,1.14285714285714,0.142857142857143,1
46298,1,3,0,3,4,1,0,95.2578097608821,91.2189208163899,98.3623185325594,13.5555555555556,0.111111111111111,2.11111111111111,2.88888888888889,0.222222222222222,1
46303,1,3,1,3,4,1,3,76.9230769230769,100,92.3076923076923,0.334702258726899,0.0780287474332649,0.529774127310062,0.252566735112936,0.0369609856262834,2
46304,0,3,0,3,4,1,2,95.2578097608821,91.2189208163899,98.3623185325594,0.551020408163265,0.408163265306122,0.76530612244898,0.204081632653061,0.0408163265306122,1
46305,1,3,0,2,4,1,0,100,100,100,0.230769230769231,0.0769230769230769,3.30769230769231,1.46153846153846,0.230769230769231,1
46306,0,3,0,3,4,1,1,100,33.3333333333333,100,0.194444444444444,0.0277777777777778,0.996031746031746,0.123015873015873,0.0277777777777778,1
46308,0,3,0,2,4,1,1,100,100,100,0.508474576271186,0.508474576271186,1.44067796610169,0.26271186440678,0.0338983050847458,1
46309,0,3,0,2,4,1,0,100,100,100,0.648148148148148,0.648148148148148,1.01851851851852,0.166666666666667,0.0555555555555556,1
46310,0,3,0,2,4,1,1,100,66.6666666666667,100,0.873015873015873,0.873015873015873,1.66666666666667,0.142857142857143,0.0476190476190476,1
46311,0,3,0,2,4,1,0,95.2578097608821,91.2189208163899,98.3623185325594,0.875,0.875,2.1875,0.3125,0.0625,1
46312,0,3,0,2,3,1,0,100,100,100,1.17857142857143,1.00892857142857,0.446428571428571,0.0803571428571429,0.0178571428571429,1
46314,0,2,1,3,3,1,0,95.2578097608821,91.2189208163899,98.3623185325594,0.0465116279069767,0,0.790697674418605,0.209302325581395,0.0465116279069767,2
46315,0,3,0,0,4,1,0,95.2578097608821,91.2189208163899,98.3623185325594,1.53333333333333,1.53333333333333,1.06666666666667,0.2,0.0666666666666667,1
46316,0,3,0,0,4,1,0,95.2578097608821,91.2189208163899,98.3623185325594,0.545454545454545,0.545454545454545,0.772727272727273,0.272727272727273,0.0454545454545455,1
46317,0,3,0,0,0,1,0,95.2578097608821,91.2189208163899,98.3623185325594,0.875,0.875,1.8125,0.4375,0.0625,1
46318,0,3,0,0,0,1,0,95.2578097608821,91.2189208163899,98.3623185325594,0.631578947368421,0.631578947368421,1.36842105263158,0.368421052631579,0,1
46319,0,3,0,2,4,1,0,95.2578097608821,91.2189208163899,98.3623185325594,0.785714285714286,0.785714285714286,3.64285714285714,0.714285714285714,0.0714285714285714,1
46320,0,3,0,2,4,1,1,100,100,100,0.731707317073171,0.731707317073171,1.48780487804878,0.219512195121951,0.0487804878048781,1
46321,0,3,0,2,4,1,0,100,80,100,0.779411764705882,0.779411764705882,1.41176470588235,0.176470588235294,0.0735294117647059,1
46322,0,3,0,2,4,1,0,95.2578097608821,91.2189208163899,98.3623185325594,0.933333333333333,0.933333333333333,1.6,0.4,0.0666666666666667,1
46323,0,1,0,3,0,1,0,95.2578097608821,91.2189208163899,98.3623185325594,0.166666666666667,0.166666666666667,0.416666666666667,0.25,0.0833333333333333,1
46324,1,3,1,3,4,1,3,100,75,87.5,0.463829787234043,0.208510638297872,0.425531914893617,0.293617021276596,0.0468085106382979,2
46325,0,3,1,3,4,1,1,100,75,100,0.721991701244813,0.593360995850622,1.77178423236515,0.257261410788382,0.0497925311203319,2
46326,0,3,0,2,4,1,3,100,80,80,0.924242424242424,0.924242424242424,3.45454545454545,0.257575757575758,0.0303030303030303,1
46327,0,3,0,0,4,1,2,100,80,80,0.666666666666667,0.611111111111111,1.27777777777778,0.296296296296296,0.0740740740740741,1
46328,0,3,0,2,4,1,0,100,100,100,0.489795918367347,0.489795918367347,1.3469387755102,0.163265306122449,0.0612244897959184,1
46329,0,3,0,2,4,1,0,77.7777777777778,66.6666666666667,100,0.686046511627907,0.686046511627907,1.2093023255814,0.13953488372093,0.0581395348837209,1
46330,0,3,0,2,4,1,1,87.5,75,100,0.3,0.3,8.1,1.5,0.4,1
46331,0,3,1,3,4,1,0,100,80,100,0.251231527093596,0.0640394088669951,1.07389162561576,0.280788177339901,0.0591133004926108,2
46332,0,3,0,3,4,1,0,95.2578097608821,91.2189208163899,98.3623185325594,0.210526315789474,0.0789473684210526,0.460526315789474,0.210526315789474,0.0526315789473684,1
46333,0,1,0,3,0,1,0,95.2578097608821,91.2189208163899,98.3623185325594,0.7,0.5,0.5,0.6,0.1,1
46334,1,3,1,3,4,1,4,100,77.7777777777778,88.8888888888889,0.551020408163265,0,0.63265306122449,0.292517006802721,0.0680272108843537,2
46335,0,3,0,0,4,1,0,100,80,80,0.666666666666667,0.666666666666667,4.5,1.33333333333333,0.166666666666667,1
46336,0,3,0,0,4,1,0,100,90,90,0.589285714285714,0.589285714285714,1.01785714285714,0.321428571428571,0.0178571428571429,1
46337,0,3,0,2,4,1,1,100,100,100,0.569767441860465,0.558139534883721,0.953488372093023,0.162790697674419,0.0232558139534884,1
46338,0,3,0,0,4,1,2,100,100,90,1.15789473684211,1.15789473684211,2.10526315789474,0.473684210526316,0.105263157894737,1
46339,0,3,0,0,4,1,0,100,100,92.8571428571429,0.878787878787879,0.848484848484849,1.60606060606061,0.424242424242424,0.0909090909090909,1
46340,0,3,0,2,4,1,0,100,100,96,0.441176470588235,0.264705882352941,2.41176470588235,0.617647058823529,0.147058823529412,1
46341,0,3,0,2,4,1,2,100,100,100,0.707317073170732,0.682926829268293,1.34146341463415,0.268292682926829,0.024390243902439,1
46342,0,3,0,2,4,1,0,100,100,100,0.89873417721519,0.886075949367089,1.10126582278481,0.215189873417722,0.0379746835443038,1
46343,0,3,0,0,4,1,0,100,90.9090909090909,90.9090909090909,0.570247933884298,0.56198347107438,1.13223140495868,0.173553719008264,0.0330578512396694,1
46344,0,3,0,2,4,1,1,83.3333333333333,83.3333333333333,100,0.764705882352941,0.735294117647059,1.85294117647059,0.264705882352941,0.0588235294117647,1
46345,0,3,0,2,4,1,1,85.7142857142857,85.7142857142857,100,0.666666666666667,0.642857142857143,1.19047619047619,0.30952380952381,0.0476190476190476,1
46346,0,3,0,2,0,1,1,80,80,100,0.756410256410256,0.756410256410256,1.56410256410256,0.115384615384615,0.0384615384615385,1
46348,0,3,0,2,4,1,2,50,100,100,0.715789473684211,0.0105263157894737,0.873684210526316,0.189473684210526,0.0210526315789474,1
46349,0,3,0,2,4,1,4,89.4736842105263,94.7368421052632,100,0.382838283828383,0.0825082508250825,1.06600660066007,0.250825082508251,0.0429042904290429,1
46350,0,3,0,2,4,1,1,100,100,100,0.63013698630137,0.479452054794521,1.08219178082192,0.219178082191781,0.0273972602739726,1
46351,0,3,0,0,0,1,0,100,100,100,0.633333333333333,0.133333333333333,0.833333333333333,0.166666666666667,0.0333333333333333,1
46352,0,3,0,0,4,1,0,100,100,100,0.838709677419355,0.258064516129032,1.41935483870968,0.354838709677419,0.0645161290322581,1
46353,0,3,0,2,4,1,1,100,100,100,0.5,0,0.973684210526316,0.236842105263158,0.0526315789473684,1
46354,0,3,0,2,0,1,0,100,100,100,0.689655172413793,0,1.75862068965517,0.310344827586207,0.0689655172413793,1
46355,0,3,0,2,4,1,1,95.2578097608821,91.2189208163899,98.3623185325594,0.44,0,1.44,0.28,0.04,1
46356,0,3,0,2,3,1,1,50,100,100,0.756756756756757,0.756756756756757,1.51351351351351,0.135135135135135,0.027027027027027,1
46357,0,3,0,2,4,1,1,66.6666666666667,83.3333333333333,100,0.476470588235294,0.476470588235294,1.08235294117647,0.147058823529412,0.0294117647058824,1
46358,0,1,0,2,3,1,0,100,100,100,0.740740740740741,0.740740740740741,1.44444444444444,0.185185185185185,0.037037037037037,1
46359,0,3,0,2,4,1,0,100,100,100,0.916666666666667,0.916666666666667,1.75,0.25,0.0416666666666667,1
46360,0,3,0,2,4,1,0,80,80,100,1.04081632653061,1.04081632653061,1.85714285714286,0.204081632653061,0.0612244897959184,1
46361,0,3,0,2,4,1,1,85.7142857142857,85.7142857142857,100,0.655172413793103,0.655172413793103,1.31034482758621,0.206896551724138,0.0689655172413793,1
46362,0,3,0,1,4,1,1,100,100,95.6521739130435,0.365079365079365,0.0317460317460317,0.904761904761905,0.246031746031746,0.0714285714285714,1
46363,0,3,0,0,4,1,1,100,100,92.3076923076923,0.666666666666667,0.0555555555555556,1.72222222222222,0.611111111111111,0.222222222222222,1
46364,0,3,0,0,4,1,0,100,100,90.9090909090909,0.71875,0,1.8125,0.1875,0.03125,1
46365,0,3,0,1,4,1,0,95.2578097608821,91.2189208163899,98.3623185325594,0.545454545454545,0,1.95454545454545,0.318181818181818,0.0909090909090909,1
46366,0,3,0,1,4,1,1,100,100,88.8888888888889,0.75609756097561,0.024390243902439,1.58536585365854,0.24390243902439,0.0975609756097561,1
46367,0,3,0,2,4,1,0,100,100,100,0.613207547169811,0.00943396226415094,0.773584905660377,0.283018867924528,0.0660377358490566,1
46368,0,3,0,3,4,1,0,100,100,100,0.64,0,1.24,0.84,0.16,1
46369,1,3,0,3,4,1,2,100,96.1538461538462,100,0.444444444444444,0,2.55555555555556,1.22222222222222,0.555555555555556,1
46370,1,3,0,1,4,1,1,100,100,100,0.942857142857143,0,1.54285714285714,0.228571428571429,0.171428571428571,1
46371,0,2,0,1,0,1,0,100,100,100,1,0,3,0.416666666666667,0.0833333333333333,1
46372,0,3,0,1,4,1,0,100,100,100,1,0,13,5,0,1
46373,0,3,0,1,4,1,0,100,100,100,0.85,0,1.6,0.55,0.1,1
46377,0,3,0,2,4,1,0,80,100,100,1.04901960784314,1.02941176470588,1.42156862745098,0.196078431372549,0.0392156862745098,1
46378,0,3,0,2,4,1,0,100,100,100,0.531645569620253,0.531645569620253,0.835443037974684,0.10126582278481,0.0253164556962025,1
46379,0,1,0,2,3,1,1,100,100,100,0.683333333333333,0.683333333333333,1.46666666666667,0.133333333333333,0.0333333333333333,1
46380,0,1,0,2,3,1,1,100,100,100,0.728813559322034,0.728813559322034,1.33898305084746,0.152542372881356,0.0338983050847458,1
46381,0,1,0,2,4,1,1,100,100,100,0.75,0.75,1.72222222222222,0.305555555555556,0.0833333333333333,1
46382,0,3,0,2,4,1,4,77.7777777777778,77.7777777777778,100,1.1044776119403,1.09701492537313,1.23134328358209,0.201492537313433,0.0597014925373134,1
46383,0,3,0,2,4,1,0,100,100,100,0.723404255319149,0.723404255319149,1.31914893617021,0.25531914893617,0.0638297872340425,1
46384,0,3,0,0,4,1,1,100,100,100,0.697674418604651,0,1.16279069767442,0.27906976744186,0,1
46385,0,3,0,0,4,1,0,100,100,100,0.575757575757576,0,1.36363636363636,0.242424242424242,0,1
46386,0,3,0,3,4,1,5,100,80,100,0.374647887323944,0.180281690140845,0.836619718309859,0.194366197183099,0.028169014084507,1
46387,0,3,0,3,4,1,4,91.6666666666667,91.6666666666667,100,0.53,0,1.03,0.236666666666667,0,1
46388,0,3,0,2,4,1,1,100,100,100,0.25,0,4.5,2.5,0,1
46390,0,3,0,3,4,1,0,100,100,100,0.727272727272727,0.714285714285714,1.11688311688312,0.181818181818182,0.038961038961039,1
46391,0,3,0,2,4,1,0,100,100,100,1.41935483870968,1.41935483870968,1.48387096774194,0.290322580645161,0.0645161290322581,1
46392,0,3,0,2,0,1,0,95.2578097608821,91.2189208163899,98.3623185325594,0.67741935483871,0.67741935483871,1.25806451612903,0.225806451612903,0.0645161290322581,1
46393,0,3,0,2,4,1,0,95.2578097608821,91.2189208163899,98.3623185325594,0.65625,0.625,1.375,0.21875,0.0625,1
46394,0,3,0,2,4,1,0,95.2578097608821,91.2189208163899,98.3623185325594,0.547619047619048,0.547619047619048,1.35714285714286,0.166666666666667,0.0476190476190476,1
46395,0,1,0,2,4,1,1,95.2578097608821,91.2189208163899,98.3623185325594,0.666666666666667,0.666666666666667,1.33333333333333,0.151515151515152,0.0606060606060606,1
46396,0,3,0,3,4,1,2,100,100,100,0.722222222222222,0,1.10493827160494,0.209876543209877,0.0123456790123457,1
46397,0,3,0,0,4,1,0,100,100,100,1.23076923076923,0,2.53846153846154,0.769230769230769,0.0769230769230769,1
46398,1,3,0,1,4,1,1,100,91.6666666666667,100,0.686567164179104,0,1.37313432835821,0.298507462686567,0.0746268656716418,1
46399,0,3,0,2,4,1,1,100,85.7142857142857,100,0.75,0,1.64285714285714,0.357142857142857,0.0357142857142857,1
46400,0,3,0,2,4,1,0,100,100,100,0.65,0,2.25,0.2,0,1
46401,0,3,0,3,4,1,0,100,100,100,0.588235294117647,0,1.30882352941176,0.235294117647059,0,1
46402,0,3,0,3,3,1,0,95.2578097608821,91.2189208163899,98.3623185325594,0.619047619047619,0,1.0952380952381,0.30952380952381,0,1
46403,0,3,0,2,4,1,0,100,100,100,0.68,0,1.17,0.23,0,1
46404,0,3,0,2,4,1,0,100,100,100,0.746268656716418,0,1.25373134328358,0.313432835820896,0,1
46405,0,3,0,2,4,1,0,100,100,66.6666666666667,1.02222222222222,0,1.28888888888889,0.311111111111111,0,1
46406,0,3,0,2,4,1,2,100,100,75,0.72972972972973,0,1.86486486486486,0.27027027027027,0,1
46407,0,3,0,2,4,1,0,100,83.3333333333333,83.3333333333333,0.641025641025641,0,1.33333333333333,0.102564102564103,0,1
46408,0,3,0,3,4,1,0,100,87.5,100,0.603448275862069,0,1.31034482758621,0.241379310344828,0,1
46409,0,2,0,3,4,1,0,83.3333333333333,100,100,0.625,0,1.20833333333333,0.458333333333333,0,1
46410,0,3,0,2,4,1,0,100,100,100,0.529411764705882,0,1.05882352941176,0.205882352941176,0,1
46411,0,3,0,2,4,1,0,100,100,100,0.5,0,1.72727272727273,0.363636363636364,0,1
46412,0,3,0,2,0,1,0,100,100,100,1.1875,0,2.0625,0.4375,0,1
46413,0,3,1,3,4,1,5,100,85.7142857142857,100,0.250681198910082,0,0.544959128065395,0.138964577656676,0.00817438692098093,2
46414,0,3,0,2,4,1,2,85.7142857142857,85.7142857142857,100,0.716216216216216,0.716216216216216,1.18918918918919,0.202702702702703,0.0540540540540541,1
46415,0,3,0,2,4,1,0,85.7142857142857,85.7142857142857,100,0.761904761904762,0.761904761904762,1.3968253968254,0.19047619047619,0.0952380952380952,1
46416,0,3,0,2,4,1,1,100,100,100,0.613333333333333,0.613333333333333,1.32,0.16,0.0533333333333333,1
46417,0,1,0,2,4,1,1,100,100,100,1.25352112676056,1.25352112676056,1.43661971830986,0.169014084507042,0.028169014084507,1
46418,0,1,0,2,4,1,0,100,100,100,0.735294117647059,0.720588235294118,1.32352941176471,0.264705882352941,0.0294117647058824,1
46419,0,1,0,2,4,1,0,100,100,100,0.709677419354839,0.709677419354839,1.74193548387097,0.258064516129032,0,1
46420,0,3,0,2,4,1,1,95.2578097608821,91.2189208163899,98.3623185325594,0.793103448275862,0.793103448275862,1.68965517241379,0.241379310344828,0,1
46421,0,1,0,2,4,1,0,95.2578097608821,91.2189208163899,98.3623185325594,0.647058823529412,0.588235294117647,1.58823529411765,0.205882352941176,0.0294117647058824,1
46422,0,3,0,2,4,1,0,95.2578097608821,91.2189208163899,98.3623185325594,0.461538461538462,0,2.30769230769231,0.307692307692308,0,1
46423,0,3,0,2,4,1,1,95.2578097608821,91.2189208163899,98.3623185325594,0.695652173913043,0,1.56521739130435,0.304347826086957,0,1
46424,0,3,0,3,4,1,1,95.2578097608821,91.2189208163899,98.3623185325594,0.574468085106383,0,1.29787234042553,0.234042553191489,0,1
46425,0,3,0,1,4,1,0,95.2578097608821,91.2189208163899,98.3623185325594,0.462686567164179,0,0.970149253731343,0.17910447761194,0,1
46426,0,3,0,3,4,1,2,71.4285714285714,92.8571428571429,85.7142857142857,0.555555555555556,0,1.22222222222222,0.222222222222222,0,1
46427,0,3,0,3,4,1,1,95.2578097608821,91.2189208163899,98.3623185325594,0.672727272727273,0,0.818181818181818,0.163636363636364,0,1
46428,0,3,0,3,3,1,1,100,100,100,1.825,0,1.6,0.2,0,1
46429,0,3,0,3,4,1,0,100,100,100,0.447368421052632,0,1.42105263157895,0.0526315789473684,0,1
46430,0,3,0,2,4,1,0,100,100,100,0.818181818181818,0,4.36363636363636,0.181818181818182,0,1
46431,0,3,0,2,4,1,0,100,100,100,0.782608695652174,0,1.43478260869565,0.173913043478261,0,1
46432,0,3,0,2,4,1,0,100,88.8888888888889,88.8888888888889,0.303030303030303,0,1.66666666666667,0.393939393939394,0,1
46433,0,3,0,2,4,1,0,100,75,75,0.884615384615385,0,0.730769230769231,0.230769230769231,0,1
46434,0,3,0,2,4,1,0,100,80,80,0.638297872340426,0,1.46808510638298,0.212765957446809,0,1
46435,0,3,0,1,3,1,1,86.6666666666667,80,100,0.914285714285714,0,0.857142857142857,0.114285714285714,0,1
46436,2,3,0,3,4,1,4,91.304347826087,86.9565217391304,100,1.1264367816092,0,1.17241379310345,0.275862068965517,0,1
46437,1,3,0,3,4,1,1,83.3333333333333,100,83.3333333333333,0.0217391304347826,0,1.78260869565217,0.282608695652174,0,1
46438,0,3,0,3,4,1,1,63.6363636363636,90.9090909090909,81.8181818181818,0.5,0,1.77777777777778,0.236111111111111,0,1
46439,1,3,0,3,4,1,3,77.2727272727273,81.8181818181818,95.4545454545455,0.202797202797203,0,0.608391608391608,0.122377622377622,0,1
46440,0,2,0,3,4,1,0,95.2578097608821,91.2189208163899,98.3623185325594,0.425287356321839,0,0.71264367816092,0.149425287356322,0,1
46441,0,2,0,3,4,1,0,95.2578097608821,91.2189208163899,98.3623185325594,0.455555555555556,0,0.766666666666667,0.177777777777778,0,1
46442,0,2,0,3,4,1,0,95.2578097608821,91.2189208163899,98.3623185325594,0.466666666666667,0,1.66666666666667,0.366666666666667,0,1
46443,0,2,0,3,4,1,0,95.2578097608821,91.2189208163899,98.3623185325594,0.13953488372093,0,0.779069767441861,0.197674418604651,0,1
46444,0,2,0,3,4,1,0,95.2578097608821,91.2189208163899,98.3623185325594,0.432432432432432,0,0.864864864864865,0.135135135135135,0,1
46446,0,3,0,3,4,1,2,85.7142857142857,100,100,0.519480519480519,0,1.49350649350649,0.311688311688312,0,1
46447,0,3,0,1,4,1,1,100,87.5,100,0.5,0,1.75,0.1875,0,1
46448,0,3,0,2,4,1,1,100,88.8888888888889,100,0.939393939393939,0,0.515151515151515,0.121212121212121,0,1
46449,0,3,0,2,4,1,2,100,100,50,0.796610169491525,0,1.61016949152542,0.186440677966102,0,1
46450,0,3,0,2,4,1,0,100,100,100,1.5625,0,2.8125,0.375,0,1
46451,0,3,0,2,4,1,1,95.2578097608821,91.2189208163899,98.3623185325594,0.782608695652174,0,2.21739130434783,0.304347826086957,0,1
46452,0,3,0,2,4,1,0,50,100,100,0.767441860465116,0,1.51162790697674,0.209302325581395,0,1
46453,0,3,0,2,4,1,0,66.6666666666667,100,100,0.529411764705882,0,1.19117647058824,0.191176470588235,0,1
46454,0,3,0,2,4,1,1,80,100,100,1.05405405405405,0,2.27027027027027,0.405405405405405,0,1
46455,0,3,0,2,4,1,0,100,100,100,0.705882352941177,0,1.32352941176471,0.147058823529412,0,1
46456,0,3,0,2,4,1,0,88.8888888888889,88.8888888888889,100,0.6,0,1.46,0.26,0,1
46457,1,3,0,0,4,1,0,100,88.8888888888889,100,0.75609756097561,0,1.78048780487805,0.292682926829268,0,1
46458,1,3,0,3,4,1,2,100,91.6666666666667,100,0.964285714285714,0,2.28571428571429,0.321428571428571,0,1
46459,1,3,0,3,4,1,1,100,85.7142857142857,100,1.45454545454545,0,1.45454545454545,0.818181818181818,0,1
46460,1,3,0,2,4,1,3,91.6666666666667,83.3333333333333,100,0.6953125,0,0.984375,0.2578125,0,1
46461,1,3,0,2,4,1,1,100,50,100,0.866666666666667,0,1.5,0.366666666666667,0,1
46462,1,3,0,2,4,1,0,100,50,100,0.594594594594595,0,1.10810810810811,0.324324324324324,0,1
46463,0,3,0,2,4,1,0,88.8888888888889,83.3333333333333,100,0.697674418604651,0,1.3953488372093,0.186046511627907,0,1
46464,1,3,0,2,4,1,2,91.6666666666667,75,100,0.463414634146341,0,0.621951219512195,0.146341463414634,0,1
46465,0,3,0,2,4,1,1,100,100,100,0.471428571428571,0.0142857142857143,1.24285714285714,0,0,1
46466,0,3,0,3,4,1,0,100,100,100,0.121359223300971,0,0.66504854368932,0.0436893203883495,0.00485436893203883,1
46467,0,3,0,0,4,1,0,95.2578097608821,91.2189208163899,98.3623185325594,0.44,0,0.84,0.04,0,1
46468,0,3,0,2,4,1,3,100,100,100,0.543478260869565,0,0.985507246376812,0,0,1
46469,0,3,0,0,4,1,0,100,100,100,0.6875,0,1.6875,0,0,1
46470,0,3,0,2,4,1,0,100,100,100,0.444444444444444,0,3.44444444444444,0,0,1
46471,0,3,0,0,4,1,3,100,100,100,0.569444444444444,0,0.902777777777778,0,0,1
46472,2,3,0,3,4,1,3,88,80,100,0.56547619047619,0,0.833333333333333,0.0773809523809524,0,1
46473,1,3,0,3,4,1,0,90.9090909090909,81.8181818181818,100,0.796610169491525,0,0.915254237288136,0.0847457627118644,0.0169491525423729,1
46474,1,3,0,3,4,1,1,85.7142857142857,71.4285714285714,100,1.92,0,1.56,0.36,0.16,1
46475,1,3,0,3,4,1,1,100,77.7777777777778,100,1.29545454545455,0,1.63636363636364,0.318181818181818,0.0454545454545455,1
46476,0,3,0,3,3,1,2,100,85.7142857142857,100,1.25,0,1.18333333333333,0.266666666666667,0.05,1
46477,0,3,0,1,4,1,0,100,100,100,0.727272727272727,0,1.13636363636364,0.318181818181818,0.0454545454545455,1
46478,0,3,0,3,0,1,0,100,100,100,0.647058823529412,0,1,0.529411764705882,0.0294117647058824,1
46480,0,3,0,2,4,1,0,80,100,100,0.0681818181818182,0,1.65909090909091,0.431818181818182,0.0454545454545455,1
46481,0,3,0,3,4,1,0,100,100,100,0.427480916030534,0,0.541984732824427,0.0381679389312977,0.00763358778625954,1
46483,1,3,1,3,4,1,6,80,80,100,0.485380116959064,0.167641325536062,0.732943469785575,0.128654970760234,0.00194931773879142,2
46484,1,3,0,3,4,1,2,100,100,100,0.481012658227848,0,1.08227848101266,0.164556962025316,0,1
46485,1,3,0,1,4,1,1,95.2578097608821,91.2189208163899,98.3623185325594,0.58695652173913,0.0326086956521739,1.1195652173913,0.206521739130435,0,1
46486,0,3,0,3,4,1,2,100,85.7142857142857,100,0.590909090909091,0,0.909090909090909,0.227272727272727,0.0454545454545455,1
46487,0,3,0,3,4,1,0,100,80,100,0.804347826086957,0,2.08695652173913,0.239130434782609,0.0434782608695652,1
46488,0,3,0,3,4,1,2,100,81.8181818181818,100,1.08333333333333,0,1.66666666666667,0.216666666666667,0.0333333333333333,1
46489,1,3,0,1,4,1,0,100,88.8888888888889,100,0.791666666666667,0,1.29166666666667,0.3125,0.0625,1
46490,0,3,0,1,4,1,0,100,81.8181818181818,100,0.583333333333333,0,1.52083333333333,0.1875,0.0416666666666667,1
46491,1,3,0,1,4,1,1,100,100,100,0.772727272727273,0,1.81818181818182,0.409090909090909,0.0909090909090909,1
46492,1,3,0,3,4,1,2,96.4285714285714,96.4285714285714,100,0.717948717948718,0,1.30769230769231,0.230769230769231,0.0512820512820513,1
46493,0,3,0,3,4,1,2,100,95.2380952380952,100,0.648648648648649,0,0.351351351351351,0.297297297297297,0.108108108108108,1
46494,1,3,0,3,4,1,3,100,91.4285714285714,100,0.614457831325301,0,1.59036144578313,0.518072289156627,0.120481927710843,1
46495,0,3,0,3,4,1,1,87.5,100,100,1.10714285714286,0,0.785714285714286,0.25,0.0595238095238095,1
46496,0,3,0,3,4,1,0,75,100,100,0.869565217391304,0,1.41304347826087,0.347826086956522,0.0434782608695652,1
46497,0,3,0,3,4,1,1,80,100,100,0.688888888888889,0,1.07777777777778,0.255555555555556,0.0555555555555556,1
46498,0,3,0,1,4,1,2,100,100,100,0.394736842105263,0,0.763157894736842,0.171052631578947,0.0394736842105263,1
46499,1,1,1,3,4,1,1,100,100,100,0.149532710280374,0.0514018691588785,0.565420560747664,0.116822429906542,0,2
46500,0,1,0,1,4,1,0,95.2578097608821,91.2189208163899,98.3623185325594,0.805970149253731,0.805970149253731,1.41791044776119,0.134328358208955,0,1
46501,0,1,0,1,4,1,1,95.2578097608821,91.2189208163899,98.3623185325594,2.37931034482759,2.27586206896552,1.86206896551724,0.310344827586207,0,1
46502,1,1,0,1,4,1,0,100,100,100,0.727272727272727,0.575757575757576,1.18181818181818,0.303030303030303,0,1
46503,2,3,1,3,4,1,2,83.3333333333333,86.1111111111111,95.8333333333333,0.4,0,0.578723404255319,0.408510638297872,0.0553191489361702,2
46504,0,3,0,2,0,1,0,100,100,100,0.04,0.04,1.84,0.24,0.08,1
46505,0,3,0,3,4,1,1,100,100,100,0.881578947368421,0.434210526315789,1.35526315789474,0.322368421052632,0.0723684210526316,1
46506,0,3,0,0,4,1,1,100,100,91.6666666666667,0.82051282051282,0.794871794871795,1.23076923076923,0.333333333333333,0.0769230769230769,1
46507,0,3,0,2,4,1,0,100,100,100,0.724137931034483,0.689655172413793,1.20689655172414,0.241379310344828,0.0344827586206897,1
46508,0,3,0,2,4,1,0,100,100,100,2.33333333333333,2.33333333333333,1.55555555555556,0.888888888888889,0,1
46509,0,3,0,2,4,1,0,100,100,100,0.657894736842105,0.552631578947368,0.921052631578947,0.236842105263158,0.0526315789473684,1
46510,0,1,0,3,4,1,1,100,100,100,1,1,1.14285714285714,0.428571428571429,0.0714285714285714,1
46511,0,1,0,3,4,1,0,100,100,100,0.8,0.8,1,0.5,0.1,1
46512,0,1,0,3,4,1,0,100,100,100,0.25,0,3.5,2,0.25,1
46513,0,1,0,3,4,1,1,100,100,100,0.535714285714286,0.0714285714285714,1.53571428571429,0.285714285714286,0.0357142857142857,1
46514,0,3,0,2,4,1,0,100,100,100,0.461538461538462,0.230769230769231,2.53846153846154,0.461538461538462,0.0769230769230769,1
46515,0,3,0,2,4,1,0,100,100,100,1.08823529411765,0,1.58823529411765,0.352941176470588,0.0882352941176471,1
46516,0,3,0,2,4,1,0,100,100,100,2.1304347826087,0,2.21739130434783,0.217391304347826,0.0869565217391304,1
46517,0,3,0,3,4,1,2,95.2578097608821,91.2189208163899,98.3623185325594,0.54954954954955,0,0.945945945945946,0.144144144144144,0.036036036036036,1
46518,0,3,0,2,4,1,1,100,100,100,0.333333333333333,0.288888888888889,0.666666666666667,0.444444444444444,0.133333333333333,1
46519,0,3,0,2,4,1,1,100,100,100,0.882352941176471,0.823529411764706,1.91176470588235,0.352941176470588,0.117647058823529,1
46520,0,3,0,2,4,1,1,100,83.3333333333333,83.3333333333333,0.645833333333333,0.625,1.25,0.1875,0.0208333333333333,1
46521,0,1,0,2,4,1,0,100,100,100,0.692307692307692,0.692307692307692,0.692307692307692,0.269230769230769,0.0384615384615385,1
46522,1,3,1,3,4,1,2,100,100,100,0.325966850828729,0.209944751381215,0.585635359116022,0.303867403314917,0.0497237569060773,2
46523,0,3,0,3,4,1,0,100,100,100,0.602409638554217,0.240963855421687,1.16867469879518,0.240963855421687,0.0240963855421687,1
46524,1,3,1,3,4,1,5,100,100,100,0.753846153846154,0.280769230769231,1.15,0.188461538461538,0.0384615384615385,2
46525,0,3,0,2,4,1,2,95.2578097608821,91.2189208163899,98.3623185325594,0.86046511627907,0.0465116279069767,1.6046511627907,0.174418604651163,0.0581395348837209,1
46526,0,3,0,2,4,1,1,100,100,100,0.891891891891892,0,1.48648648648649,0.256756756756757,0.027027027027027,1
46527,0,3,0,0,4,1,0,100,100,100,0.75,0,1.77777777777778,0.25,0.0277777777777778,1
46528,0,3,0,3,4,1,4,100,100,100,0.773584905660377,0,1.22641509433962,0.169811320754717,0.0377358490566038,1
46529,0,3,0,3,4,1,1,95.2578097608821,91.2189208163899,98.3623185325594,0.568421052631579,0.0105263157894737,1.01052631578947,0.136842105263158,0.0421052631578947,1
46530,1,3,1,3,4,1,7,92.8571428571429,85.7142857142857,100,0.6158357771261,0.146627565982405,1.02639296187683,0.217008797653959,0.06158357771261,2
46531,0,3,0,0,4,1,1,100,80,80,1.14285714285714,1.14285714285714,1.76190476190476,0.333333333333333,0.0476190476190476,1
46532,0,3,0,2,4,1,0,100,75,75,1.05,1.05,4.6,0.35,0.05,1
46533,0,3,0,2,4,1,1,100,80,80,0.975,0.975,1.7,0.25,0.025,1
46534,1,3,1,3,4,1,2,100,100,100,0.546511627906977,0.145348837209302,1.16860465116279,0.406976744186047,0.0872093023255814,2
46535,1,1,1,3,4,1,3,100,100,100,1.22916666666667,0,0.854166666666667,0.416666666666667,0.104166666666667,2
46536,1,3,1,3,4,1,2,100,100,100,0.409836065573771,0.344262295081967,1.70491803278689,0.508196721311475,0.114754098360656,2
46537,1,3,1,3,4,1,4,100,100,100,0.645454545454546,0.302272727272727,0.897727272727273,0.165909090909091,0.025,2
46538,1,1,0,2,4,1,0,100,100,100,0.875,0.8125,1.875,0.6875,0,1
46539,1,1,0,2,4,1,0,100,100,100,0.571428571428571,0.523809523809524,1.42857142857143,0.380952380952381,0,1
46540,0,1,0,3,0,1,0,100,100,100,0.652173913043478,0.608695652173913,1.08695652173913,0.478260869565217,0.0434782608695652,1
46541,0,3,0,3,4,1,0,100,100,100,0.673913043478261,0.652173913043478,0.869565217391304,0.347826086956522,0.0652173913043478,1
46542,1,3,0,2,4,1,0,100,100,100,0.708333333333333,0.708333333333333,1.45833333333333,0.5,0.125,1
46543,0,2,1,3,4,1,1,100,100,100,0.928571428571429,0.857142857142857,2.88095238095238,0.404761904761905,0.142857142857143,2
46544,0,3,1,3,4,1,1,100,80,100,0.589473684210526,0.389473684210526,1.17894736842105,0.294736842105263,0.0736842105263158,2
46545,0,2,1,3,4,1,0,95.2578097608821,91.2189208163899,98.3623185325594,0.789473684210526,0.789473684210526,1.63157894736842,0.421052631578947,0.0526315789473684,2
46546,0,2,0,1,4,1,0,100,50,100,1,0.666666666666667,1.80952380952381,0.428571428571429,0.0476190476190476,1
46547,0,3,0,1,4,1,2,92.8571428571429,85.7142857142857,100,1.23529411764706,1.02941176470588,1.44117647058824,0.323529411764706,0.0588235294117647,1
46548,0,2,1,3,4,1,0,95.2578097608821,91.2189208163899,98.3623185325594,1.17391304347826,1.1304347826087,2.56521739130435,0.565217391304348,0.0869565217391304,2
46549,0,2,0,3,4,1,0,95.2578097608821,91.2189208163899,98.3623185325594,0.837837837837838,0.648648648648649,1.2972972972973,0.297297297297297,0.0540540540540541,1
46550,0,3,0,3,4,1,2,95.2578097608821,91.2189208163899,98.3623185325594,0.184210526315789,0.131578947368421,1.77631578947368,0.236842105263158,0.0394736842105263,1
46551,0,3,0,3,4,1,2,95.2578097608821,91.2189208163899,98.3623185325594,0.19047619047619,0.142857142857143,2.42857142857143,0.714285714285714,0.142857142857143,1
46552,0,1,0,2,4,1,0,95.2578097608821,91.2189208163899,98.3623185325594,0.037037037037037,0.037037037037037,1.40740740740741,0.259259259259259,0.0740740740740741,1
46553,0,1,0,2,4,1,0,95.2578097608821,91.2189208163899,98.3623185325594,6.73684210526316,4.89473684210526,2.73684210526316,0.631578947368421,0.0526315789473684,1
46554,0,3,0,3,4,1,1,95.2578097608821,91.2189208163899,98.3623185325594,0.0638297872340425,0.0638297872340425,1.42553191489362,0.276595744680851,0.0425531914893617,1
46555,0,3,1,3,4,1,2,87.5,75,100,0.371134020618557,0.268041237113402,2,0.43298969072165,0.0927835051546392,2
46556,1,3,0,1,4,1,1,92.3076923076923,84.6153846153846,100,0.892857142857143,0.892857142857143,1.46428571428571,0.464285714285714,0.0714285714285714,1
46557,1,3,0,3,4,1,1,91.6666666666667,91.6666666666667,100,1.02564102564103,0.923076923076923,1.58974358974359,0.358974358974359,0.102564102564103,1
46558,1,3,0,3,4,1,1,100,86.6666666666667,100,1.54838709677419,1.41935483870968,2.38709677419355,0.419354838709677,0.161290322580645,1
46559,1,3,0,3,4,1,0,94.1176470588235,88.2352941176471,100,1.8125,1.40625,2.34375,0.46875,0.15625,1
46560,0,1,0,3,4,1,0,95.2578097608821,91.2189208163899,98.3623185325594,1.10714285714286,1,2.46428571428571,0.392857142857143,0.0357142857142857,1
46561,0,3,0,3,4,1,1,100,100,100,0.970588235294118,0.911764705882353,1.08823529411765,0.397058823529412,0.0882352941176471,1
46562,1,3,0,2,4,1,2,100,88.8888888888889,100,0.758620689655172,0.632183908045977,1.06896551724138,0.252873563218391,0.0804597701149425,1
46563,0,3,1,3,4,1,3,100,100,100,0.88,0.74,1.155,0.205,0.025,2
46564,0,3,0,1,4,1,0,100,100,100,0.948717948717949,0.794871794871795,1.87179487179487,0.307692307692308,0.0769230769230769,1
46565,0,3,0,3,4,1,0,100,87.5,100,0.666666666666667,0.666666666666667,5,2,0.444444444444444,1
46566,0,3,0,3,4,1,1,100,100,100,0.976190476190476,0.880952380952381,1.61904761904762,0.261904761904762,0.0238095238095238,1
46567,0,3,0,3,4,1,2,100,88.8888888888889,100,1.15789473684211,1.10526315789474,1.97368421052632,0.289473684210526,0.105263157894737,1
46568,0,1,0,3,4,1,1,100,75,100,1.01408450704225,0.845070422535211,1.70422535211268,0.183098591549296,0.0985915492957746,1
46569,0,3,1,3,4,1,1,100,91.6666666666667,100,0.905660377358491,0.842767295597484,1.15723270440252,0.20125786163522,0.0566037735849057,2
46570,0,3,0,3,4,1,2,100,100,100,0.0217391304347826,0.0217391304347826,1.6304347826087,0.239130434782609,0.0652173913043478,1
46571,0,3,0,2,4,1,0,95.2578097608821,91.2189208163899,98.3623185325594,0.741935483870968,0.741935483870968,1.90322580645161,0.225806451612903,0.0645161290322581,1
46572,0,3,0,3,4,1,3,100,75,100,0.699074074074074,0.652777777777778,1.23611111111111,0.203703703703704,0.0555555555555556,1
46573,0,3,0,2,4,1,2,100,100,100,0.821782178217822,0.811881188118812,1.31683168316832,0.188118811881188,0.0297029702970297,1
46574,0,3,0,3,4,1,3,100,100,100,1.78761061946903,1.63716814159292,1.24778761061947,0.20353982300885,0.0353982300884956,1
46577,0,3,0,2,4,1,0,100,100,100,0.025,0.025,1.25,0.2,0.075,1
46578,0,3,0,0,4,1,1,100,100,90.9090909090909,0.0714285714285714,0.0714285714285714,1.96428571428571,0.321428571428571,0.107142857142857,1
46579,0,3,1,3,4,1,3,80,100,80,0.0072463768115942,0.0072463768115942,0.978260869565217,0.405797101449275,0.108695652173913,2
46581,0,3,0,1,4,1,0,80,100,80,1.21875,1.125,1.03125,0.5625,0.34375,1
46582,0,3,1,1,4,1,2,80,100,100,4.4375,4.4375,4.4375,1.1875,0.5,1
46583,0,3,0,0,4,1,1,100,100,100,1.8,1.8,6,0.6,0.2,1
46584,0,3,0,2,4,1,0,100,100,100,0.916666666666667,0.916666666666667,1.46666666666667,0.183333333333333,0.05,1
46586,0,2,0,3,4,1,0,95.2578097608821,91.2189208163899,98.3623185325594,0.117647058823529,0,2.08823529411765,0.323529411764706,0.0882352941176471,1
46587,0,3,0,3,4,1,0,100,100,100,0.767605633802817,0.0704225352112676,1.12676056338028,0.197183098591549,0.0492957746478873,1
46588,0,3,0,3,4,1,1,100,100,100,0.680851063829787,0,1.65957446808511,0.234042553191489,0.0425531914893617,1
46589,0,3,0,3,4,1,0,95.2578097608821,91.2189208163899,98.3623185325594,1.04166666666667,0,1.70833333333333,0.25,0.0833333333333333,1
46590,0,1,0,3,0,0,1,95.2578097608821,91.2189208163899,98.3623185325594,0.541666666666667,0,1.5,0.375,0,1
46591,0,3,0,3,4,1,0,95.2578097608821,91.2189208163899,98.3623185325594,0.431818181818182,0.0113636363636364,1.02272727272727,0.215909090909091,0.0113636363636364,1
46592,0,3,0,0,4,1,0,100,100,100,0.686274509803922,0,1.56862745098039,0.196078431372549,0.0392156862745098,1
46593,0,3,1,3,4,1,3,100,100,100,0.66044776119403,0.522388059701492,1.05970149253731,0.164179104477612,0.0298507462686567,2
46594,0,3,0,1,4,1,0,95.2578097608821,91.2189208163899,98.3623185325594,0.806451612903226,0.741935483870968,1.87096774193548,0.290322580645161,0.0645161290322581,1
46595,0,3,0,3,4,1,0,95.2578097608821,91.2189208163899,98.3623185325594,0.607142857142857,0,1.42857142857143,0.214285714285714,0.0357142857142857,1
46596,0,1,0,3,0,0,0,95.2578097608821,91.2189208163899,98.3623185325594,0.127272727272727,0,0.509090909090909,0.145454545454545,0,1
46597,0,1,0,3,4,0,0,95.2578097608821,91.2189208163899,98.3623185325594,0.527027027027027,0.0135135135135135,0.756756756756757,0.216216216216216,0.0135135135135135,1
46598,0,0,0,1,0,0,0,95.2578097608821,91.2189208163899,98.3623185325594,1.36363636363636,0,1.63636363636364,0.363636363636364,0.0909090909090909,1
46599,0,3,0,3,4,1,1,100,100,100,0.506493506493506,0,0.896103896103896,0.233766233766234,0.038961038961039,1
46600,0,3,0,3,4,0,0,100,100,100,0.380952380952381,0,1.47619047619048,0.238095238095238,0,1
46601,0,3,0,3,4,1,0,100,100,100,0.597560975609756,0,0.975609756097561,0.268292682926829,0.0365853658536585,1
46602,0,3,0,1,4,1,0,95.2578097608821,91.2189208163899,98.3623185325594,0.84,0.84,2.04,0.28,0.08,1
46603,0,2,0,1,4,1,0,100,100,100,0.678571428571429,0.678571428571429,1.5,0.25,0.0357142857142857,1
46604,1,3,1,3,4,1,7,100,90.625,100,0.681647940074906,0.232209737827715,1.1123595505618,0.198501872659176,0.0411985018726592,2
46605,0,2,1,2,4,1,1,95.2578097608821,91.2189208163899,98.3623185325594,1.0625,0,2.9375,0.4375,0.0625,2
46606,1,1,0,3,4,1,0,100,100,100,0.895833333333333,0.125,1.25,0.229166666666667,0.104166666666667,1
46607,1,3,1,3,4,1,4,100,87.5,100,0.574803149606299,0.37007874015748,1.19685039370079,0.307086614173228,0.062992125984252,2
46608,0,3,0,3,4,1,0,100,100,100,0.408695652173913,0,0.51304347826087,0.173913043478261,0.0521739130434783,1
46609,0,1,0,3,0,0,0,100,100,100,0.526315789473684,0,1.47368421052632,0.368421052631579,0.105263157894737,1
46610,0,3,0,3,4,1,0,100,100,100,0.333333333333333,0,1.73333333333333,0.533333333333333,0.133333333333333,1
46611,0,3,0,2,4,1,0,80,100,100,0.208333333333333,0,1.875,0.5,0.0416666666666667,1
46612,0,3,0,2,5,1,1,100,100,100,0.883720930232558,0,0.883720930232558,0.22093023255814,0.0348837209302326,1
46613,0,3,0,2,4,1,0,95.2578097608821,91.2189208163899,98.3623185325594,0.310344827586207,0,1.27586206896552,0.310344827586207,0.0689655172413793,1
46614,0,3,0,2,4,1,0,75,100,100,0.413793103448276,0,0.597701149425287,0.172413793103448,0.0114942528735632,1
46615,0,3,0,2,4,1,0,100,100,100,0.6125,0,1.0125,0.2625,0.025,1
46616,0,3,0,2,5,1,0,95.2578097608821,91.2189208163899,98.3623185325594,0.392405063291139,0,0.683544303797468,0.227848101265823,0,1
46617,0,3,0,3,4,1,0,100,100,100,1,0,32,9,1.5,1
46618,0,3,0,2,5,1,2,95.2578097608821,91.2189208163899,98.3623185325594,0.417721518987342,0,0.582278481012658,0.183544303797468,0.0316455696202532,1
46619,0,3,0,2,4,1,0,66.6666666666667,100,100,0.371794871794872,0,0.487179487179487,0.205128205128205,0.0641025641025641,1
46620,0,3,0,2,4,1,2,75,100,100,0.485714285714286,0,1.25714285714286,0.371428571428571,0.0285714285714286,1
46621,0,3,0,2,4,1,0,66.6666666666667,100,100,0.575757575757576,0,1.81818181818182,0.272727272727273,0.0606060606060606,1
46622,0,3,0,3,5,1,3,88.8888888888889,100,100,0.441520467836257,0,0.508771929824561,0.166666666666667,0.0233918128654971,1
46623,0,3,0,2,4,1,0,83.3333333333333,100,100,0.425,0,0.9,0.3625,0.0625,1
46624,0,3,0,3,4,1,0,100,100,100,0.753846153846154,0,1.01538461538462,0.261538461538462,0.0461538461538462,1
46625,0,3,0,3,4,1,0,100,100,100,0.520833333333333,0,1.08333333333333,0.229166666666667,0.0416666666666667,1
46626,0,3,0,0,4,1,1,75,87.5,100,0.447619047619048,0,1.04761904761905,0.171428571428571,0.0380952380952381,1
46627,0,3,0,0,4,1,0,66.6666666666667,83.3333333333333,100,0.439655172413793,0,0.818965517241379,0.146551724137931,0.0172413793103448,1
46628,0,3,0,2,4,1,0,100,100,100,0.512396694214876,0,0.710743801652893,0.132231404958678,0.0247933884297521,1
46629,0,3,0,3,4,1,1,100,100,100,2.82608695652174,0,6.34782608695652,2.08695652173913,0.347826086956522,1
46630,0,3,0,3,4,1,0,100,100,100,1.19047619047619,0,2.14285714285714,0.523809523809524,0.0476190476190476,1
46631,0,3,0,3,4,1,0,100,100,100,2.04166666666667,0,1.54166666666667,0.291666666666667,0.0416666666666667,1
46632,0,3,0,3,4,1,0,100,100,100,1.08510638297872,0,0.851063829787234,0.404255319148936,0.0851063829787234,1
46633,0,3,0,0,4,1,1,75,87.5,100,0.482412060301508,0,0.849246231155779,0.206030150753769,0.0452261306532663,1
46634,0,3,0,2,4,1,1,66.6666666666667,66.6666666666667,100,0.533333333333333,0.00952380952380952,0.895238095238095,0.219047619047619,0.0380952380952381,1
46635,0,3,0,3,4,1,0,100,100,100,0.642201834862385,0,0.871559633027523,0.128440366972477,0.0275229357798165,1
46636,0,1,0,2,0,1,1,100,100,100,0.666666666666667,0,1.90909090909091,0.272727272727273,0.0909090909090909,1
46637,0,3,0,2,2,1,1,100,100,100,0.730769230769231,0,1.26923076923077,0.346153846153846,0.115384615384615,1
46638,0,3,0,2,4,1,0,100,100,100,0.684210526315789,0,1.84210526315789,0.473684210526316,0.105263157894737,1
46639,0,3,0,2,4,1,0,100,100,100,0.478260869565217,0,0.826086956521739,0.304347826086957,0.0869565217391304,1
46640,0,3,0,3,4,1,1,100,100,100,1.14634146341463,0,1.09756097560976,0.268292682926829,0,1
46641,0,3,0,3,4,1,0,100,100,100,0.955882352941177,0,1.30882352941176,0.220588235294118,0.0588235294117647,1
46642,0,1,0,3,4,1,0,95.2578097608821,91.2189208163899,98.3623185325594,0.576923076923077,0,1.88461538461538,0.346153846153846,0.0769230769230769,1
46643,0,3,0,3,4,1,1,100,85.7142857142857,100,0.723684210526316,0,0.986842105263158,0.184210526315789,0.0394736842105263,1
46644,0,3,0,3,4,1,1,95.2578097608821,91.2189208163899,98.3623185325594,1.16666666666667,0,0.888888888888889,0.166666666666667,0.0333333333333333,1
46645,0,3,0,0,4,1,0,100,100,100,0.733333333333333,0,0.9,0.266666666666667,0.0333333333333333,1
46646,0,3,0,2,2,1,0,95.2578097608821,91.2189208163899,98.3623185325594,0.71875,0,1.34375,0.25,0.0625,1
46647,0,1,0,3,0,1,0,95.2578097608821,91.2189208163899,98.3623185325594,0.814814814814815,0,1.74074074074074,0.296296296296296,0.111111111111111,1
46648,0,1,1,3,0,1,2,95.2578097608821,91.2189208163899,98.3623185325594,0.422222222222222,0,0.525925925925926,0.148148148148148,0.037037037037037,2
46649,0,0,1,3,0,1,0,95.2578097608821,91.2189208163899,98.3623185325594,0.918918918918919,0,0.864864864864865,0.216216216216216,0,2
46650,0,3,0,3,3,1,0,100,100,100,0.294117647058824,0,0.96078431372549,0.333333333333333,0.0588235294117647,1
46651,0,3,0,0,4,1,0,100,100,100,0.48780487804878,0,0.878048780487805,0.268292682926829,0.0487804878048781,1
46652,0,3,0,3,3,1,0,100,100,100,0.342105263157895,0,0.763157894736842,0.184210526315789,0.0263157894736842,1
46653,0,3,1,3,4,1,1,95.2578097608821,91.2189208163899,98.3623185325594,0.308411214953271,0,0.467289719626168,0.0841121495327103,0.0186915887850467,2
46654,0,3,0,2,3,1,0,100,100,100,0.25,0,0.9375,0.5,0.125,1
46655,0,3,0,3,4,1,2,100,100,100,0.52212389380531,0,0.955752212389381,0.212389380530973,0.0176991150442478,1
46656,0,3,1,3,0,1,1,100,100,100,0.333333333333333,0,0.111111111111111,0.0277777777777778,0,2
46657,0,1,0,3,4,1,0,100,100,100,0.4125,0,0.7875,0.1375,0.0375,1
46658,0,1,0,3,4,1,1,100,100,100,0.529411764705882,0,0.980392156862745,0.215686274509804,0.0392156862745098,1
46659,0,3,0,2,4,1,0,100,100,100,0.204081632653061,0,0.714285714285714,0.163265306122449,0.0204081632653061,1
46660,0,3,0,2,4,1,0,100,100,100,0.404761904761905,0,0.904761904761905,0.238095238095238,0.0238095238095238,1
46661,0,3,0,3,4,1,2,100,100,100,0.694117647058824,0,0.752941176470588,0.0823529411764706,0,1
46662,0,3,0,3,4,1,0,95.2578097608821,91.2189208163899,98.3623185325594,0.383838383838384,0,0.717171717171717,0.151515151515152,0.0303030303030303,1
46663,0,3,0,3,4,1,0,95.2578097608821,91.2189208163899,98.3623185325594,0.521739130434783,0,0.934782608695652,0.173913043478261,0.0217391304347826,1
46664,0,3,0,3,4,1,0,95.2578097608821,91.2189208163899,98.3623185325594,0.24,0,0.88,0.14,0,1
46665,0,3,0,3,4,1,0,95.2578097608821,91.2189208163899,98.3623185325594,0.166666666666667,0,0.551282051282051,0.0769230769230769,0.0256410256410256,1
46666,0,3,0,3,4,1,1,100,50,100,0.480314960629921,0,0.763779527559055,0.118110236220472,0.0393700787401575,1
46667,0,1,0,3,4,1,0,95.2578097608821,91.2189208163899,98.3623185325594,0.264462809917355,0,0.553719008264463,0.132231404958678,0.00826446280991736,1
46668,0,1,1,3,4,1,1,95.2578097608821,91.2189208163899,98.3623185325594,0.215568862275449,0,0.664670658682635,0.11377245508982,0.0179640718562874,2
46669,0,0,1,3,0,1,4,95.2578097608821,91.2189208163899,98.3623185325594,0.0849056603773585,0,0.792452830188679,0.169811320754717,0.0188679245283019,2
46670,0,1,1,3,0,1,1,95.2578097608821,91.2189208163899,98.3623185325594,0.3125,0,0.520833333333333,0.104166666666667,0.0138888888888889,2
46671,0,3,0,3,4,1,0,100,100,100,2.66666666666667,0,2.88888888888889,0.722222222222222,0.111111111111111,1
46672,0,3,0,0,4,1,0,75,100,100,0.894736842105263,0,1.78947368421053,0.578947368421053,0.0526315789473684,1
46674,0,3,0,0,4,1,1,100,100,100,1.10526315789474,0,0.912280701754386,0.210526315789474,0.0350877192982456,1
46675,0,3,0,0,4,1,0,95.2578097608821,91.2189208163899,98.3623185325594,1,0,21.5,6,0.5,1
46676,0,3,0,2,4,1,0,100,50,100,0.558823529411765,0,1.04411764705882,0.154411764705882,0.0441176470588235,1
46677,0,1,0,2,4,1,0,100,50,100,0.0645161290322581,0,1.54838709677419,0.32258064516129,0.0645161290322581,1
46678,0,3,0,2,3,1,0,100,50,100,0.6,0,0.9,0.333333333333333,0.0333333333333333,1
46679,0,1,0,2,3,1,1,100,100,100,0.424242424242424,0,0.606060606060606,0.242424242424242,0,1
46680,0,3,0,2,4,1,2,95.2578097608821,91.2189208163899,98.3623185325594,0.680851063829787,0,0.765957446808511,0.191489361702128,0.0425531914893617,1
46681,0,3,0,2,4,1,0,95.2578097608821,91.2189208163899,98.3623185325594,1.5,0,1.83333333333333,0.333333333333333,0.0555555555555556,1
46682,0,3,0,2,4,1,0,95.2578097608821,91.2189208163899,98.3623185325594,0.619047619047619,0,1.14285714285714,0.285714285714286,0,1
46683,0,3,0,2,4,1,0,95.2578097608821,91.2189208163899,98.3623185325594,0.192307692307692,0,0.923076923076923,0.230769230769231,0.0384615384615385,1
46684,0,3,0,3,4,1,0,95.2578097608821,91.2189208163899,98.3623185325594,0.625,0,0.875,0.3125,0.0625,1
46685,0,3,0,3,4,1,1,95.2578097608821,91.2189208163899,98.3623185325594,0.197674418604651,0,0.534883720930233,0.162790697674419,0.0116279069767442,1
46687,0,3,0,3,4,1,0,95.2578097608821,91.2189208163899,98.3623185325594,0.684210526315789,0,1.68421052631579,0.315789473684211,0.0526315789473684,1
46688,0,1,0,3,4,1,0,95.2578097608821,91.2189208163899,98.3623185325594,0.461538461538462,0,1.53846153846154,0.384615384615385,0.0769230769230769,1
46689,0,1,0,2,3,1,0,95.2578097608821,91.2189208163899,98.3623185325594,0.416666666666667,0,0.583333333333333,0.416666666666667,0.0833333333333333,1
46690,0,1,0,3,4,1,2,95.2578097608821,91.2189208163899,98.3623185325594,0.105263157894737,0,1.68421052631579,0.421052631578947,0,1
46691,0,2,0,3,4,1,0,95.2578097608821,91.2189208163899,98.3623185325594,0.56,0,1.08,0.2,0,1
46692,1,3,0,0,4,1,2,94.7368421052632,94.7368421052632,94.7368421052632,2.83333333333333,2.83333333333333,3.53333333333333,0.533333333333333,0.433333333333333,1
46693,1,3,0,0,5,1,4,100,100,100,1.55263157894737,1.55263157894737,2.5,0.315789473684211,0.210526315789474,1
46694,1,3,0,0,5,1,1,100,100,100,1.57894736842105,1.57894736842105,2.94736842105263,0.368421052631579,0.236842105263158,1
46695,1,3,0,0,4,1,1,100,100,100,6.78571428571429,6.5,7.85714285714286,1.14285714285714,0.928571428571429,1
46696,1,3,0,0,4,1,2,89.4736842105263,89.4736842105263,94.7368421052632,2.13636363636364,2.13636363636364,4.63636363636364,1,0.590909090909091,1
46697,0,3,0,0,4,1,2,91.304347826087,91.304347826087,95.6521739130435,2.03448275862069,2,2.62068965517241,0.655172413793103,0.793103448275862,1
46698,0,3,0,0,4,1,0,95.8333333333333,91.6666666666667,95.8333333333333,0.5,0.5,3.71428571428571,1,1.42857142857143,1
46699,0,3,0,2,4,1,2,100,100,100,2.03225806451613,2.03225806451613,2.35483870967742,0.387096774193548,0.32258064516129,1
46700,1,3,0,0,4,1,1,100,100,100,1.16,1.16,3.2,0.48,0.36,1
46701,1,3,0,0,4,1,3,94.1176470588235,94.1176470588235,94.1176470588235,1.25,1.25,1.25,0.3,0.2,1
46702,1,3,0,0,4,1,0,100,100,100,1.20833333333333,1.20833333333333,1.70833333333333,0.291666666666667,0.166666666666667,1
46703,1,3,0,0,4,1,0,100,100,100,2.625,2.625,3.41666666666667,0.416666666666667,0.25,1
46704,0,3,1,3,4,1,1,100,100,100,0.933333333333333,0.866666666666667,3.93333333333333,1.53333333333333,0.6,2
46705,0,3,0,1,5,1,0,100,100,100,3.81818181818182,3.72727272727273,7.72727272727273,1.27272727272727,0.545454545454545,1
46706,0,3,0,3,5,1,1,100,87.5,100,6,6,11,2,1.33333333333333,1
46707,0,3,0,3,4,1,2,100,80,100,10,10,14.2,3.4,3.2,1
46708,1,3,0,1,4,1,2,100,100,100,1.64705882352941,1.64705882352941,2.05882352941176,1,0.941176470588235,1
46709,2,3,0,1,4,1,2,100,100,100,2.5,2.5,6.16666666666667,3.66666666666667,2.5,1
46710,2,3,0,0,4,1,2,93.3333333333333,93.3333333333333,100,0.962962962962963,0.962962962962963,2,0.666666666666667,0.481481481481481,1
46711,1,3,0,1,4,1,3,90.9090909090909,90.9090909090909,100,1.86206896551724,1.86206896551724,2,0.517241379310345,0.379310344827586,1
46712,1,3,0,1,4,1,0,100,81.8181818181818,100,0.25,0.25,5.75,3.75,2.75,1
46713,0,3,0,0,4,1,1,100,88.2352941176471,100,2.27272727272727,2.27272727272727,3.12121212121212,0.484848484848485,0.393939393939394,1
46714,0,3,0,0,4,1,3,94.7368421052632,84.2105263157895,100,1.44736842105263,1.44736842105263,2.28947368421053,0.315789473684211,0.105263157894737,1
46715,0,3,0,2,4,1,4,93.3333333333333,86.6666666666667,100,2.08695652173913,2.06521739130435,2.39130434782609,0.282608695652174,0.195652173913043,1
46716,0,3,0,3,4,1,2,100,100,100,1.91304347826087,1.84782608695652,2.47826086956522,0.326086956521739,0.239130434782609,1
46717,1,3,0,3,4,1,2,95,95,95,1.77777777777778,1.63888888888889,2.61111111111111,0.361111111111111,0.277777777777778,1
46718,1,3,0,3,4,1,0,93.3333333333333,93.3333333333333,93.3333333333333,1.48148148148148,1.40740740740741,3.11111111111111,0.777777777777778,0.296296296296296,1
46719,1,3,0,2,4,1,0,88.2352941176471,94.1176470588235,94.1176470588235,0.147058823529412,0.147058823529412,0.911764705882353,0.647058823529412,0.220588235294118,1
46720,0,3,0,3,5,1,3,100,100,100,1.13888888888889,1.11111111111111,1.02777777777778,0.305555555555556,0.0277777777777778,1
46721,0,3,0,3,5,1,1,100,80,100,2,2,3.7,2.1,0.8,1
46722,0,3,0,3,4,1,2,100,83.3333333333333,100,1.36,1.36,1.68,0.76,0.4,1
46723,1,2,0,3,4,1,1,100,100,100,1.55555555555556,1.55555555555556,1.55555555555556,0.888888888888889,0.777777777777778,1
46724,1,3,0,1,5,1,2,100,84.2105263157895,100,1.83333333333333,1.83333333333333,2.91666666666667,1.41666666666667,0.75,1
46725,0,3,0,0,5,1,1,100,87.5,100,2.03333333333333,2.03333333333333,2.93333333333333,0.533333333333333,0.433333333333333,1
46726,0,3,0,0,5,1,0,94.7368421052632,84.2105263157895,100,1.43333333333333,1.4,2.6,0.5,0.2,1
46727,0,3,0,2,4,1,0,89.4736842105263,89.4736842105263,100,1.6,1.6,3.08571428571429,0.457142857142857,0.2,1
46728,0,3,1,3,4,1,1,90,100,100,1.68571428571429,1.68571428571429,2,0.457142857142857,0.171428571428571,2
46729,0,3,0,3,4,1,0,100,100,100,1.38888888888889,1.35185185185185,2.14814814814815,0.407407407407407,0.0925925925925926,1
46730,0,3,0,3,4,1,0,100,83.3333333333333,100,0.921052631578947,0.710526315789474,1.36842105263158,0.5,0.0789473684210526,1
46731,0,3,0,2,4,1,0,100,83.3333333333333,100,1.04347826086957,0.956521739130435,2,0.521739130434783,0.217391304347826,1
46732,1,3,0,2,4,1,1,100,90.9090909090909,100,1.45454545454545,1.45454545454545,2.09090909090909,0.393939393939394,0.0606060606060606,1
46733,0,3,0,0,4,1,0,100,88.8888888888889,100,1.46511627906977,1.46511627906977,1.90697674418605,0.232558139534884,0.0930232558139535,1
46734,0,3,0,2,4,1,0,100,100,100,1.18181818181818,1.18181818181818,1.87878787878788,0.333333333333333,0.0606060606060606,1
46735,0,3,0,2,4,1,0,100,100,100,1.05714285714286,1.05714285714286,0.857142857142857,0.257142857142857,0.0571428571428571,1
46736,0,0,0,3,4,1,2,100,100,100,0.724137931034483,0.689655172413793,1.13793103448276,0.655172413793103,0.517241379310345,1
46737,1,2,1,3,4,1,1,100,100,100,2,1,10.5,11,6.5,2
46739,3,3,1,3,5,1,2,96.551724137931,84.4827586206897,100,0.205298013245033,0.0662251655629139,0.33112582781457,0.576158940397351,0.311258278145695,2
46740,2,3,0,3,5,1,1,97.1428571428571,82.8571428571429,100,1.68421052631579,1.68421052631579,1.42105263157895,1.05263157894737,0.631578947368421,1
46741,0,3,0,3,5,1,0,100,100,100,0.4,0.4,3.6,2.8,1.6,1
46742,0,3,0,3,5,1,0,92.3076923076923,92.3076923076923,100,0.379310344827586,0.379310344827586,1.51724137931034,0.517241379310345,0.206896551724138,1
46743,0,1,0,3,4,1,1,88.2352941176471,88.2352941176471,100,1.30612244897959,1.30612244897959,1.57142857142857,0.224489795918367,0.102040816326531,1
46744,0,1,1,3,4,1,0,85.7142857142857,85.7142857142857,100,1.12820512820513,1.07692307692308,1.48717948717949,0.256410256410256,0.0512820512820513,2
46745,0,3,1,3,4,1,0,87.5,100,100,0.842105263157895,0.697368421052632,1.59210526315789,0.434210526315789,0.0657894736842105,2
46746,0,3,0,0,4,1,0,100,50,100,0.111111111111111,0,3.66666666666667,1,0.333333333333333,1
46747,0,3,0,1,4,1,2,95.2578097608821,91.2189208163899,98.3623185325594,0.21875,0,0.5625,0.15625,0,1
46748,0,3,0,1,4,1,0,95.2578097608821,91.2189208163899,98.3623185325594,0.375,0,1.3125,0.4375,0,1
46749,0,2,1,1,4,1,0,95.2578097608821,91.2189208163899,98.3623185325594,1.19230769230769,0,2,0.269230769230769,0,2
46750,0,3,0,1,4,1,0,100,100,100,0.638888888888889,0,1.36111111111111,0.222222222222222,0.0833333333333333,1
46751,0,3,0,2,4,1,0,100,66.6666666666667,100,0.933333333333333,0,0.555555555555556,0.177777777777778,0.0222222222222222,1
46752,0,3,0,2,4,1,5,100,85.7142857142857,100,0.506896551724138,0,0.727586206896552,0.141379310344828,0.0275862068965517,1
46753,0,3,0,0,4,1,2,100,50,100,0.634146341463415,0,1.24390243902439,0.195121951219512,0.0487804878048781,1
46754,0,3,0,2,4,1,1,100,100,100,0.702127659574468,0,1.46808510638298,0.191489361702128,0.0425531914893617,1
46756,0,3,0,3,4,1,1,95.2578097608821,91.2189208163899,98.3623185325594,0.405405405405405,0,1.48648648648649,0.216216216216216,0,1
46757,0,3,0,1,4,1,1,100,50,100,0.6,0,2.05,0.2,0.05,1
46758,0,3,0,0,4,1,1,100,75,100,0.742857142857143,0,1.4,0.2,0,1
46759,0,3,0,2,4,1,2,100,100,100,0.833333333333333,0,2.03333333333333,0.266666666666667,0,1
46760,0,3,0,2,4,1,0,100,100,100,1.37837837837838,0,1.51351351351351,0.216216216216216,0,1
46761,0,3,0,2,4,1,3,100,100,100,0.8,0,1.525,0.175,0.05,1
46762,0,3,0,0,4,1,0,95.2578097608821,91.2189208163899,98.3623185325594,1.39285714285714,0,1.82142857142857,0.214285714285714,0,1
46763,0,3,0,3,4,1,1,95.2578097608821,91.2189208163899,98.3623185325594,0.164179104477612,0,1.17910447761194,0.149253731343284,0,1
46764,0,3,0,0,4,1,1,100,100,100,0.696969696969697,0,2.36363636363636,0.303030303030303,0.0606060606060606,1
46765,0,3,0,2,4,1,2,100,100,100,0.981481481481482,0,1.18518518518519,0.259259259259259,0.0740740740740741,1
46766,0,3,0,0,4,1,1,95.2578097608821,91.2189208163899,98.3623185325594,0.538461538461538,0,1.30769230769231,0.307692307692308,0.0256410256410256,1
46767,0,3,0,2,4,1,2,100,100,100,0.666666666666667,0,2.45454545454545,0.242424242424242,0.0303030303030303,1
46768,0,3,0,2,4,1,0,100,100,100,0.555555555555556,0,1.93333333333333,0.155555555555556,0.0444444444444444,1
46769,0,3,0,0,4,1,0,95.2578097608821,91.2189208163899,98.3623185325594,0.408163265306122,0,1.26530612244898,0.102040816326531,0,1
46770,0,3,0,0,4,1,0,100,100,100,0.645161290322581,0,2.70967741935484,0.290322580645161,0.032258064516129,1
46771,0,3,0,0,4,1,0,100,100,100,0.95,0,1.5,0.4,0.05,1
46772,0,3,0,0,4,1,0,95.2578097608821,91.2189208163899,98.3623185325594,0.526315789473684,0,1.89473684210526,0.368421052631579,0.105263157894737,1
46773,0,3,0,0,4,1,0,100,100,100,0.711111111111111,0,1.24444444444444,0.311111111111111,0.0444444444444444,1
46774,0,3,0,2,4,1,2,100,100,100,0.425,0,0.75,0.1625,0.0125,1
46775,0,3,0,0,4,1,0,100,100,100,0.0769230769230769,0,1.92307692307692,0.923076923076923,0.538461538461538,1
46776,0,3,0,0,4,1,0,100,100,100,0.666666666666667,0,1.54901960784314,0.176470588235294,0.0196078431372549,1
46778,0,3,0,3,4,1,5,100,100,100,0.3828125,0,0.9296875,0.125,0.03125,1
46779,0,3,0,3,4,1,0,95.2578097608821,91.2189208163899,98.3623185325594,0.217391304347826,0,2.65217391304348,0.260869565217391,0.0434782608695652,1
46780,0,3,0,3,4,1,0,100,100,100,0.0625,0,1.203125,0.234375,0.0625,1
46781,0,3,0,0,4,1,0,100,100,100,0.0222222222222222,0,1.2,0.288888888888889,0.0888888888888889,1
46782,0,3,0,2,4,1,1,100,75,100,0.1375,0.0125,0.8125,0.1375,0.025,1
46783,0,3,0,2,4,1,0,100,100,100,0.512820512820513,0,1.43589743589744,0.256410256410256,0.0512820512820513,1
46784,0,3,0,2,4,1,2,100,85.1851851851852,100,0.714285714285714,0,0.938775510204082,0.214285714285714,0.0408163265306122,1
46785,0,1,0,2,4,1,0,100,95,100,0.837837837837838,0,1.40540540540541,0.324324324324324,0.0810810810810811,1
46786,0,3,0,2,4,1,0,100,100,100,0.111111111111111,0,2.77777777777778,0.666666666666667,0.222222222222222,1
46787,0,3,0,2,4,1,0,100,100,100,0.19047619047619,0,1.57142857142857,0.238095238095238,0.0476190476190476,1
46788,1,3,0,3,4,1,4,94.6428571428571,89.2857142857143,100,0.462450592885375,0,0.549407114624506,0.130434782608696,0.0434782608695652,1
46789,0,3,0,3,4,1,1,95.2578097608821,91.2189208163899,98.3623185325594,0.763157894736842,0,0.921052631578947,0.263157894736842,0.0263157894736842,1
46790,0,3,0,2,4,1,0,95.2578097608821,91.2189208163899,98.3623185325594,0.941176470588235,0,0.941176470588235,0.235294117647059,0.0588235294117647,1
46791,0,3,0,2,0,1,0,100,50,100,0.82051282051282,0,0.897435897435897,0.256410256410256,0.0512820512820513,1
46792,0,3,0,2,4,1,1,100,50,100,0.0294117647058824,0,1.20588235294118,0.264705882352941,0.0588235294117647,1
46793,1,1,0,3,4,1,1,100,81.8181818181818,100,1.72727272727273,0,3.36363636363636,1.72727272727273,0.272727272727273,1
46794,1,1,0,3,4,1,0,100,95.4545454545455,100,1.15384615384615,0,2.30769230769231,0.846153846153846,0.307692307692308,1
46795,1,1,0,2,4,1,1,95,95,100,0.631578947368421,0,2.05263157894737,0.736842105263158,0.421052631578947,1
46796,1,1,0,2,2,1,1,77.7777777777778,77.7777777777778,100,1,0,3.54545454545455,0.818181818181818,0.454545454545455,1
46797,2,3,0,3,2,1,0,89.2857142857143,78.5714285714286,100,1.5,0,21,6,2.5,1
46798,0,3,0,3,4,1,1,100,72.7272727272727,90.9090909090909,0.607142857142857,0.553571428571429,1.375,0.178571428571429,0.0357142857142857,1
46799,1,2,0,3,4,1,0,100,85.7142857142857,92.8571428571429,0.6375,0.45,1.45,0.1375,0.025,1
46800,1,3,0,1,4,1,1,100,72.7272727272727,90.9090909090909,0.488888888888889,0.466666666666667,1.68888888888889,0.155555555555556,0.0666666666666667,1
46801,0,3,0,3,4,1,1,100,57.1428571428571,85.7142857142857,0.507462686567164,0.492537313432836,1.22388059701493,0.119402985074627,0.0447761194029851,1
46802,0,0,0,3,4,1,0,95.2578097608821,91.2189208163899,98.3623185325594,4.0625,4.0625,2.1875,0.375,0,1
46803,1,2,1,3,4,1,0,100,82.3529411764706,100,0.619047619047619,0.535714285714286,1.48809523809524,0.119047619047619,0.0357142857142857,2
46804,1,3,0,3,4,1,0,100,77.7777777777778,94.4444444444444,0.549295774647887,0.535211267605634,1.16901408450704,0.140845070422535,0.028169014084507,1
46805,1,3,0,0,4,1,1,100,85.7142857142857,92.8571428571429,0.639344262295082,0.590163934426229,1.29508196721311,0.180327868852459,0.0327868852459016,1
46806,1,3,0,0,4,1,0,100,66.6666666666667,83.3333333333333,0.666666666666667,0.62962962962963,1.85185185185185,0.222222222222222,0,1
46807,1,3,0,0,4,1,1,100,85.7142857142857,92.8571428571429,0.706896551724138,0.525862068965517,1.14655172413793,0.112068965517241,0.0344827586206897,1
46808,0,3,0,3,4,1,0,95.2578097608821,91.2189208163899,98.3623185325594,0.48502994011976,0.389221556886228,0.808383233532934,0.125748502994012,0.0119760479041916,1
46809,1,2,1,3,4,1,1,100,81.8181818181818,100,0.393939393939394,0.257575757575758,0.96969696969697,0.106060606060606,0.0151515151515152,2
46810,1,2,1,3,4,1,2,100,86.6666666666667,100,0.516393442622951,0.409836065573771,0.614754098360656,0.122950819672131,0.0327868852459016,2
46811,0,3,0,3,4,1,1,100,75,100,0.36734693877551,0.36734693877551,1.16326530612245,0.163265306122449,0.0408163265306122,1
46812,0,3,0,0,4,1,2,100,77.7777777777778,100,0.511111111111111,0.444444444444444,1.33333333333333,0.155555555555556,0.0222222222222222,1
46813,1,3,0,2,4,1,0,100,100,100,0.785714285714286,0.571428571428571,1.78571428571429,0.714285714285714,0.142857142857143,1
46814,1,3,0,2,3,1,0,100,100,100,0.365853658536585,0.268292682926829,1.02439024390244,0.158536585365854,0.0487804878048781,1
46815,0,3,0,3,0,1,0,95.2578097608821,91.2189208163899,98.3623185325594,0.491525423728814,0.322033898305085,1.05084745762712,0.169491525423729,0.0169491525423729,1
46816,0,3,0,3,0,1,2,95.2578097608821,91.2189208163899,98.3623185325594,0.333333333333333,0.333333333333333,0.755555555555556,0.155555555555556,0.0222222222222222,1
46817,1,3,1,3,4,1,2,100,80,100,1.78571428571429,0.714285714285714,1.1,0.171428571428571,0.0571428571428571,2
46818,0,3,0,3,4,1,0,100,100,100,0.634146341463415,0.609756097560976,1.09756097560976,0.24390243902439,0.024390243902439,1
46819,1,3,0,2,4,1,1,100,100,100,0.532110091743119,0.486238532110092,0.963302752293578,0.192660550458716,0.073394495412844,1
46820,1,3,0,2,4,1,0,100,100,100,0.308641975308642,0.185185185185185,1.22222222222222,0.172839506172839,0.0740740740740741,1
46821,0,2,1,1,4,1,0,95.2578097608821,91.2189208163899,98.3623185325594,0.827586206896552,0.620689655172414,1.37931034482759,0.275862068965517,0.0689655172413793,2
46822,1,2,1,3,4,1,0,100,100,100,0.75609756097561,0.536585365853659,1.4390243902439,0.268292682926829,0.0487804878048781,2
46823,0,3,0,2,4,1,2,100,100,100,0.305555555555556,0.194444444444444,0.819444444444444,0.208333333333333,0.0277777777777778,1
46824,1,3,0,2,4,1,0,100,100,100,2,0,27,7,0,1
46825,0,1,0,2,4,1,1,100,100,100,0.782608695652174,0.739130434782609,2.1304347826087,0.260869565217391,0.0434782608695652,1
46826,0,3,0,2,4,1,0,100,100,100,0.5,0.4375,1.3125,0.3125,0.0625,1
46827,0,3,0,2,4,1,0,95.2578097608821,91.2189208163899,98.3623185325594,0.527777777777778,0.527777777777778,1.36111111111111,0.222222222222222,0.0277777777777778,1
46828,1,3,0,1,4,1,1,100,83.3333333333333,100,0.546153846153846,0.238461538461538,1.02307692307692,0.130769230769231,0.0538461538461538,1
46829,0,3,0,1,4,1,0,95.2578097608821,91.2189208163899,98.3623185325594,1.23529411764706,0.941176470588235,2.82352941176471,0.411764705882353,0.117647058823529,1
46830,0,3,0,1,2,1,0,100,100,100,0.95,0.575,1.725,0.225,0.025,1
46831,1,3,0,1,0,1,0,100,100,100,0.714285714285714,0.464285714285714,1.57142857142857,0.25,0,1
46832,1,3,1,3,4,1,0,100,83.3333333333333,100,0.373626373626374,0.241758241758242,0.714285714285714,0.186813186813187,0.0549450549450549,2
46833,1,3,1,3,4,1,1,100,93.3333333333333,100,0.0588235294117647,0.0294117647058824,1.29411764705882,1.08823529411765,0.264705882352941,2
46834,1,3,0,3,4,1,1,100,100,100,0.223529411764706,0.0588235294117647,0.717647058823529,0.129411764705882,0.0352941176470588,1
46835,1,3,0,2,4,1,1,100,100,100,0.555555555555556,0.488888888888889,1.06666666666667,0.155555555555556,0.0222222222222222,1
46836,0,3,0,3,4,1,0,100,100,100,0.46875,0.375,1.34375,0.203125,0.046875,1
46837,1,3,0,2,0,1,2,100,88.8888888888889,100,0.765625,0.546875,1.875,0.234375,0.046875,1
46838,1,3,0,3,0,1,3,100,87.5,100,0.774193548387097,0.419354838709677,1.51612903225806,0.225806451612903,0.032258064516129,1
46839,1,3,0,3,3,1,2,100,90,100,1.38157894736842,0.907894736842105,1.09210526315789,0.144736842105263,0.0263157894736842,1
46840,1,3,0,3,4,1,1,100,100,100,0.734939759036145,0.710843373493976,1.21686746987952,0.228915662650602,0.0602409638554217,1
46841,1,3,0,3,4,1,0,100,80,100,0.306818181818182,0.284090909090909,0.670454545454545,0.181818181818182,0.0227272727272727,1
46842,0,3,0,3,4,1,1,95.2578097608821,91.2189208163899,98.3623185325594,0.42156862745098,0.313725490196078,0.794117647058823,0.107843137254902,0.0196078431372549,1
46843,1,3,1,3,0,1,1,100,100,100,0.893617021276596,0.382978723404255,0.829787234042553,0.170212765957447,0.0851063829787234,2
46844,1,3,0,3,0,1,0,100,100,100,0.458333333333333,0.125,0.645833333333333,0.104166666666667,0.0208333333333333,1
46845,1,3,1,3,3,1,3,100,90.9090909090909,100,0.603960396039604,0.267326732673267,0.673267326732673,0.118811881188119,0.0297029702970297,2
46846,1,0,1,3,4,1,1,100,100,83.3333333333333,0.0769230769230769,0,0.509615384615385,0.336538461538462,0.0673076923076923,2
46847,0,3,1,3,5,1,3,85.7142857142857,100,100,0.189189189189189,0,0.6,0.237837837837838,0.0324324324324324,2
46848,0,0,1,3,5,1,2,80,100,100,0.345454545454545,0,0.327272727272727,0.121212121212121,0.0303030303030303,2
46849,1,2,1,2,4,1,3,100,100,80,0.174757281553398,0,0.29126213592233,0.087378640776699,0.0339805825242718,2
46854,2,3,1,3,4,1,13,92.8571428571429,82.1428571428571,100,0.143109540636042,0,0.371024734982332,0.174911660777385,0.0406360424028269,2
46855,0,1,0,2,0,1,0,95.2578097608821,91.2189208163899,98.3623185325594,0.615384615384615,0,2,0.230769230769231,0.0769230769230769,1
46865,0,2,0,1,3,1,0,100,100,100,0.0666666666666667,0,2.33333333333333,0.466666666666667,0,1
46866,0,2,0,1,4,1,0,100,100,100,0.1,0,2,0.2,0,1
46867,0,3,0,1,4,1,1,95.2578097608821,91.2189208163899,98.3623185325594,0.625,0,1.6875,0.28125,0,1
46869,0,3,0,0,4,1,0,100,100,100,0.578947368421053,0,2.78947368421053,0.421052631578947,0.0526315789473684,1
46870,1,1,0,3,4,1,0,100,66.6666666666667,100,0.648648648648649,0.648648648648649,1.54054054054054,0.27027027027027,0.0540540540540541,1
46871,0,3,0,3,4,1,0,95.2578097608821,91.2189208163899,98.3623185325594,0.602564102564103,0,0.423076923076923,0.179487179487179,0.0256410256410256,1
46872,0,1,0,2,4,1,0,100,100,100,1.66666666666667,0,2.13333333333333,0.4,0.0666666666666667,1
46874,0,3,1,3,0,1,0,100,100,100,2.77777777777778,2.44444444444444,4.77777777777778,1.33333333333333,0.111111111111111,2
46878,1,3,0,2,4,1,2,100,83.3333333333333,100,1.94117647058824,1.94117647058824,2.58823529411765,0.705882352941177,0.117647058823529,1
46879,0,3,0,0,4,1,0,100,100,100,0.0344827586206897,0,3.55172413793103,0.379310344827586,0.137931034482759,1
46880,0,3,0,2,4,1,0,95.2578097608821,91.2189208163899,98.3623185325594,0.954545454545455,0,0.954545454545455,0.227272727272727,0.0454545454545455,1
46881,0,1,0,3,4,1,0,95.2578097608821,91.2189208163899,98.3623185325594,0.916666666666667,0,0.666666666666667,0.583333333333333,0,1
46882,1,3,0,3,4,1,0,77.2727272727273,90.9090909090909,90.9090909090909,0.8,0,6.8,1.6,0,1
46884,2,3,1,3,4,1,7,92.6829268292683,85.3658536585366,100,0.843137254901961,0.486274509803922,1.16862745098039,0.247058823529412,0.0901960784313725,2
46885,0,3,1,3,4,1,1,100,100,100,0.391025641025641,0,0.57051282051282,0.153846153846154,0.0192307692307692,2
46886,1,3,1,3,4,1,2,83.3333333333333,83.3333333333333,100,0.0359712230215827,0,1.20863309352518,0.431654676258993,0.129496402877698,2
46888,0,3,0,3,4,1,0,100,100,100,0.159533073929961,0,0.583657587548638,0.120622568093385,0.0194552529182879,1
47043,0,3,1,3,3,0,0,95.2578097608821,91.2189208163899,98.3623185325594,0,0,0,0.0657894736842105,0.0263157894736842,1
46479,0,3,0,2,4,1,2,80,100,100,0,0,0.953488372093023,0.302325581395349,0.0930232558139535,1
46673,0,3,0,0,4,1,0,100,100,100,0,0,0.795180722891566,0.192771084337349,0.036144578313253,1
46686,0,2,0,3,0,1,0,95.2578097608821,91.2189208163899,98.3623185325594,0,0,0.388888888888889,0.222222222222222,0,1
46755,0,3,0,0,4,1,1,95.2578097608821,91.2189208163899,98.3623185325594,0,0,1.31034482758621,0.172413793103448,0,1
46268,0,3,0,2,4,1,0,95.2578097608821,91.2189208163899,98.3623185325594,0,0,1.36842105263158,0.210526315789474,0,1
46269,0,3,0,2,4,1,0,95.2578097608821,91.2189208163899,98.3623185325594,0,0,0.758620689655172,0.137931034482759,0,1
46270,0,3,0,3,4,1,0,95.2578097608821,91.2189208163899,98.3623185325594,0,0,0.470588235294118,0.117647058823529,0,1
46278,0,3,0,3,4,0,0,95.2578097608821,91.2189208163899,98.3623185325594,0,0,0,0,0,1
46279,0,1,0,3,4,1,0,95.2578097608821,91.2189208163899,98.3623185325594,0,0,0.4,0.2,0,1
46280,0,0,1,3,4,1,0,95.2578097608821,91.2189208163899,98.3623185325594,0,0,1.4,0.2,0,2
46864,0,0,1,3,4,1,0,95.2578097608821,91.2189208163899,98.3623185325594,0,0,0.523809523809524,0.285714285714286,0,2
46887,0,0,1,3,4,0,0,95.2578097608821,91.2189208163899,98.3623185325594,0,0,0,0,0,1
46873,0,0,0,3,4,1,1,95.2578097608821,91.2189208163899,98.3623185325594,0,0,0.555555555555556,0.444444444444444,0.111111111111111,1
46374,0,1,0,2,4,0,0,100,100,100,0,0,1.31818181818182,0.363636363636364,0.0454545454545455,1
46375,0,1,0,2,4,0,1,100,100,100,0,0,1.11538461538462,0.269230769230769,0.0769230769230769,1
46307,0,2,0,3,3,1,0,95.2578097608821,91.2189208163899,98.3623185325594,0,0,1.48387096774194,0.32258064516129,0.0645161290322581,1
46313,0,3,0,3,3,1,0,95.2578097608821,91.2189208163899,98.3623185325594,0,0,0.661016949152542,0.186440677966102,0,1
46292,1,3,0,3,4,1,3,100,80,100,0,0,0.76,0.5,0.02,1
46347,0,3,0,2,4,1,2,83.3333333333333,83.3333333333333,100,0,0,1.45544554455446,0.158415841584158,0.0297029702970297,1
46445,0,2,0,3,4,1,1,95.2578097608821,91.2189208163899,98.3623185325594,0,0,1.09375,0.28125,0,1
46777,0,3,0,0,4,1,1,100,100,100,0,0,1.6304347826087,0.260869565217391,0.0869565217391304,1
46852,1,1,1,1,4,1,1,100,100,100,0,0,0.832116788321168,0.306569343065693,0,2
46883,1,1,0,1,4,1,0,95.2578097608821,91.2189208163899,98.3623185325594,0,0,2.47368421052632,0.315789473684211,0,1
46299,1,3,0,3,4,1,0,100,100,100,0,0,0.5,0.555555555555556,0.111111111111111,1
46300,0,3,0,3,0,1,0,95.2578097608821,91.2189208163899,98.3623185325594,0,0,1.15384615384615,0.538461538461538,0.0769230769230769,1
46301,0,2,0,3,0,1,0,95.2578097608821,91.2189208163899,98.3623185325594,0,0,1.15625,0.34375,0.0625,1
46302,0,2,0,3,0,1,0,95.2578097608821,91.2189208163899,98.3623185325594,0,0,1.75,0.416666666666667,0.0833333333333333,1
46376,0,1,0,2,3,1,0,100,100,100,0,0,3.08333333333333,0.25,0.0833333333333333,1
46389,0,3,0,3,4,1,0,100,100,100,0,0,1.02702702702703,0.216216216216216,0.027027027027027,1
46482,0,3,0,2,3,1,0,95.2578097608821,91.2189208163899,98.3623185325594,0,0,2.30769230769231,0,0,1
46575,0,3,0,3,0,1,0,95.2578097608821,91.2189208163899,98.3623185325594,0,0,2.16666666666667,0.5,0.0833333333333333,1
46576,0,3,0,3,4,1,0,100,100,100,0,0,0.923076923076923,0.307692307692308,0.115384615384615,1
46585,0,2,0,3,0,1,0,95.2578097608821,91.2189208163899,98.3623185325594,0,0,1.57894736842105,0.315789473684211,0.0526315789473684,1
46868,1,1,0,3,4,1,0,100,100,100,0,0,1.375,0.4375,0,1
46875,1,1,0,1,4,1,0,95.2578097608821,91.2189208163899,98.3623185325594,0,0,0.24,0.16,0,1
