"ID_MGN","inundaciones","RVN","Telecomunicaciones_4Ginteriores","Telecomunicaciones_4Gexteriores","Telecomunicaciones_4Gvehiculos","Movilidad_congestionamiento","Residuos","cantidad_empresas","Movilidad_accidentes_Calle_buen_estado","Movilidad_accidentes_buenTiempo","Movilidad_accidentes_pavimento","Electricidad_medidoresIntel_edific","Electricidad_postes_edific","Electricidad_transform_edific","cluster"
26666,1,0,3,0,2,4,1,0,100,100,100,0.826666666666667,0.173333333333333,0.06,1
26668,1,0,3,0,2,0,1,0,71.7944035380472,71.8090403980719,83.2519719187894,1.79310344827586,0.310344827586207,0.137931034482759,1
26669,1,0,3,0,2,4,1,1,71.7944035380472,71.8090403980719,83.2519719187894,1.9047619047619,0.428571428571429,0.142857142857143,1
26670,1,0,3,0,2,4,1,1,100,100,100,1.21428571428571,0.238095238095238,0.0476190476190476,1
26671,1,0,3,0,1,4,1,0,87.5,75,93.75,1.35849056603774,0.113207547169811,0.0377358490566038,1
26693,1,1,2,0,3,4,1,2,91.6666666666667,66.6666666666667,91.6666666666667,1.28125,0.21875,0.046875,1
26703,1,1,3,0,2,4,1,5,95,70,95,1.07291666666667,0.270833333333333,0.0520833333333333,1
26704,1,1,2,0,3,4,1,0,93.75,81.25,93.75,0.401234567901235,0.259259259259259,0.0555555555555556,1
26735,1,1,3,0,1,4,1,2,85.7142857142857,76.1904761904762,90.4761904761905,1.25,0.5,0.5,1
26746,1,1,3,0,1,4,1,2,92.5925925925926,77.7777777777778,96.2962962962963,1.0561797752809,0.134831460674157,0.0449438202247191,1
26747,1,1,3,0,1,4,1,2,88.4615384615385,80.7692307692308,92.3076923076923,1.5531914893617,0.25531914893617,0.170212765957447,1
26672,1,0,2,0,2,4,1,1,100,100,100,1.38461538461538,0.307692307692308,0.153846153846154,1
26675,1,0,2,0,2,3,1,0,100,100,100,1.375,0.178571428571429,0.0178571428571429,1
26676,1,0,2,0,2,3,1,2,50,50,100,3.31818181818182,0.454545454545455,0.136363636363636,1
26677,1,0,1,0,2,0,1,1,50,50,100,1.46808510638298,0.276595744680851,0.0851063829787234,1
26678,1,0,2,0,2,3,1,0,100,100,100,1.42105263157895,0.315789473684211,0.0526315789473684,1
26679,1,0,2,0,2,3,1,1,100,100,100,0.930232558139535,0.27906976744186,0.0930232558139535,1
26680,1,1,2,0,2,4,1,1,100,72.7272727272727,100,1.54347826086957,0.565217391304348,0.260869565217391,1
26685,1,1,2,0,3,4,1,2,77.7777777777778,88.8888888888889,100,0.661538461538462,0.215384615384615,0.0461538461538462,1
26686,1,0,2,0,1,3,1,2,100,100,100,1.625,0.5,0.125,1
26687,1,0,2,0,1,0,1,0,71.7944035380472,71.8090403980719,83.2519719187894,1.31818181818182,0.272727272727273,0.0454545454545455,1
26688,1,0,2,0,1,0,1,0,100,100,100,2,0.3,0.1,1
26689,1,0,2,0,1,4,1,0,100,75,100,1.33707865168539,0.269662921348315,0.0674157303370786,1
26690,1,0,2,0,1,4,1,1,33.3333333333333,66.6666666666667,66.6666666666667,1.3448275862069,0.344827586206897,0.0344827586206897,1
26691,1,0,3,0,1,4,1,0,33.3333333333333,66.6666666666667,66.6666666666667,1.78260869565217,0.304347826086957,0,1
26692,1,0,3,0,1,4,1,2,100,81.8181818181818,100,0.967391304347826,0.239130434782609,0.0434782608695652,1
26694,1,0,2,0,3,4,1,4,71.4285714285714,42.8571428571429,100,1.08720930232558,0.354651162790698,0.0988372093023256,1
26696,1,0,3,0,1,4,1,1,54.5454545454545,45.4545454545455,63.6363636363636,1,0.27906976744186,0.0581395348837209,1
26698,1,0,2,0,1,4,1,0,37.5,37.5,50,1.24,0.4,0.12,1
26699,1,0,2,0,1,4,1,1,37.5,37.5,50,2.15384615384615,0.461538461538462,0.153846153846154,1
26700,1,0,3,0,1,4,1,1,90.9090909090909,72.7272727272727,100,1.21428571428571,0.428571428571429,0.142857142857143,1
26701,1,0,3,0,1,0,1,0,91.6666666666667,75,100,2,0.833333333333333,0,1
26710,1,0,3,1,3,4,1,0,42.8571428571429,42.8571428571429,42.8571428571429,0.875,0.284722222222222,0.0555555555555556,1
26715,1,0,3,0,2,4,1,1,100,100,100,2.14814814814815,0.296296296296296,0.0740740740740741,1
26716,1,0,2,0,2,4,1,0,100,100,100,1.41025641025641,0.256410256410256,0.0769230769230769,1
26722,1,0,3,0,1,4,1,1,71.7944035380472,71.8090403980719,83.2519719187894,1.9047619047619,0.380952380952381,0.0952380952380952,1
26723,1,0,3,0,1,4,1,0,71.7944035380472,71.8090403980719,83.2519719187894,1.86666666666667,0.4,0,1
26724,1,0,3,1,2,4,1,0,71.7944035380472,71.8090403980719,83.2519719187894,1.06666666666667,0.4,0.133333333333333,1
26725,1,0,2,1,2,4,1,0,100,100,100,1.38095238095238,0.333333333333333,0,1
26726,1,0,2,1,2,0,1,0,100,100,100,3.33333333333333,1.08333333333333,0.166666666666667,1
26727,1,1,2,1,3,4,1,0,88.8888888888889,88.8888888888889,100,1.4025974025974,0.233766233766234,0.051948051948052,1
26736,1,0,3,0,1,4,1,0,71.7944035380472,71.8090403980719,83.2519719187894,2.18181818181818,0.454545454545455,0.0909090909090909,1
26737,1,0,3,0,2,4,1,1,50,100,50,0.891891891891892,0.22972972972973,0.0675675675675676,1
26748,1,0,3,0,1,4,1,2,70.8333333333333,62.5,79.1666666666667,0.892156862745098,0.352941176470588,0.107843137254902,1
26930,1,0,3,1,3,0,1,1,60,60,60,0.452513966480447,0.106145251396648,0.0335195530726257,1
26964,1,0,1,0,2,0,1,0,50,50,100,1.09090909090909,1.09090909090909,0.181818181818182,1
26636,0,1,3,0,1,4,1,1,88.5714285714286,74.2857142857143,88.5714285714286,3,0.363636363636364,0.409090909090909,2
26637,0,1,3,0,2,5,1,3,84.4444444444444,80,91.1111111111111,1.93181818181818,0.386363636363636,0.181818181818182,2
26639,0,0,3,0,1,4,1,1,100,75,100,2.61538461538462,0.846153846153846,0.0769230769230769,2
26640,0,0,3,0,1,4,1,1,94.1176470588235,76.4705882352941,97.0588235294118,3.44444444444444,1.16666666666667,0.166666666666667,2
26642,0,1,3,0,0,4,1,1,91.4893617021277,76.5957446808511,95.7446808510638,3,0.269230769230769,0.192307692307692,2
26644,0,1,3,0,0,4,1,0,81.9672131147541,77.0491803278689,85.2459016393443,6.5,1,0.25,2
26645,0,1,3,0,1,4,1,2,79.3650793650794,73.015873015873,84.1269841269841,2.81081081081081,0.243243243243243,0.108108108108108,2
26646,0,0,3,0,1,4,1,0,72.4137931034483,70.6896551724138,74.1379310344828,2.75,0.5,0.166666666666667,2
26648,0,0,3,0,2,5,1,2,85.7142857142857,71.4285714285714,85.7142857142857,1.32727272727273,0.254545454545455,0.0636363636363636,2
26649,0,0,3,0,1,0,1,1,100,80,100,2.56521739130435,0.304347826086957,0.130434782608696,2
26651,0,0,2,0,1,4,1,1,100,88.2352941176471,100,1.70909090909091,0.254545454545455,0.0363636363636364,2
26653,0,2,3,0,0,4,1,1,78.125,73.4375,82.8125,3.37931034482759,0.344827586206897,0.172413793103448,2
26654,0,4,3,0,0,4,1,1,59.3220338983051,54.2372881355932,64.4067796610169,5.88235294117647,0.588235294117647,0.411764705882353,2
26656,0,1,3,0,0,4,1,3,82.7586206896552,82.7586206896552,89.6551724137931,3.55555555555556,0.37037037037037,0.222222222222222,2
26657,0,1,3,0,0,4,1,1,76.9230769230769,76.9230769230769,80.7692307692308,4.06666666666667,0.466666666666667,0.166666666666667,2
26658,0,0,3,0,0,4,1,0,72.1311475409836,72.1311475409836,75.4098360655738,6.83333333333333,5,0.5,2
26662,0,1,3,0,1,4,1,1,90.9090909090909,79.5454545454545,95.4545454545455,1.65909090909091,0.477272727272727,0.0909090909090909,2
26665,0,0,2,0,1,4,1,2,100,100,100,1.67441860465116,0.162790697674419,0.0697674418604651,2
26667,0,0,3,0,2,4,1,0,100,100,100,1.8125,0.5625,0.3125,2
26673,0,0,2,0,1,4,1,2,100,92.3076923076923,100,1.33962264150943,0.245283018867925,0.0754716981132075,2
26674,0,0,2,0,1,4,1,1,100,100,100,1.71698113207547,0.207547169811321,0.0566037735849057,2
26681,0,1,2,0,1,4,1,1,92.8571428571429,71.4285714285714,92.8571428571429,1.82608695652174,0.347826086956522,0.130434782608696,2
26682,0,1,2,0,1,4,1,1,90.9090909090909,72.7272727272727,90.9090909090909,1.61538461538462,0.384615384615385,0.153846153846154,2
26683,0,1,2,0,1,4,1,0,100,100,100,3,1,0.5,2
26684,0,1,2,0,1,4,1,2,100,100,100,2.77777777777778,0.444444444444444,0.111111111111111,2
26695,0,0,2,0,1,0,1,1,100,33.3333333333333,100,2.25925925925926,0.259259259259259,0.0740740740740741,2
26702,0,1,3,0,1,4,1,4,95.6521739130435,78.2608695652174,100,0.796296296296296,0.296296296296296,0.111111111111111,2
26706,0,0,3,0,1,4,1,0,100,50,100,1.03389830508475,0.152542372881356,0.0677966101694915,2
26711,0,0,3,0,1,4,1,1,100,100,100,1.04444444444444,0.222222222222222,0.0444444444444444,2
26712,0,0,3,0,2,4,1,1,100,100,100,3,0.5,0.142857142857143,2
26714,0,0,2,0,1,4,1,1,66.6666666666667,66.6666666666667,66.6666666666667,1.57142857142857,0.285714285714286,0,2
26718,0,1,3,0,1,4,1,2,88.4615384615385,80.7692307692308,92.3076923076923,1.54545454545455,0.431818181818182,0.0681818181818182,2
26719,0,1,2,0,1,4,1,1,85,90,90,2.33333333333333,0.6,0.533333333333333,2
26721,0,0,3,0,1,4,1,0,50,50,50,4,1.2,0,2
26728,0,1,1,1,2,4,1,3,100,100,100,1.46341463414634,0.170731707317073,0.0487804878048781,2
26729,0,1,3,0,2,4,1,1,92.3076923076923,84.6153846153846,96.1538461538462,3,0.733333333333333,0.266666666666667,2
26730,0,1,3,0,2,4,1,1,86.8421052631579,76.3157894736842,92.1052631578947,2.41860465116279,0.348837209302326,0.116279069767442,2
26733,0,1,3,0,0,4,1,1,88,76,94,4.64705882352941,0.470588235294118,0.470588235294118,2
26734,0,1,3,0,1,4,1,1,86.046511627907,81.3953488372093,90.6976744186046,1.85294117647059,0.470588235294118,0.0882352941176471,2
26738,0,3,3,1,2,4,1,5,53.8461538461538,48.7179487179487,57.6923076923077,1.19672131147541,0.270491803278689,0.131147540983607,2
26739,0,4,3,0,0,0,1,1,47.6190476190476,46.031746031746,49.2063492063492,2,0.666666666666667,0,2
26740,0,3,3,0,2,4,1,2,46.875,45.3125,50,0.918367346938776,0.469387755102041,0.224489795918367,2
26741,0,1,3,0,1,4,1,2,46.8085106382979,48.936170212766,53.1914893617021,1.42105263157895,0.263157894736842,0.140350877192982,2
26743,0,0,2,0,2,3,1,1,33.3333333333333,66.6666666666667,66.6666666666667,1.10975609756098,0.146341463414634,0.0365853658536585,2
26744,0,0,3,0,2,3,1,0,33.3333333333333,66.6666666666667,33.3333333333333,1.61538461538462,0.292307692307692,0.0769230769230769,2
26749,0,0,3,0,1,4,1,1,50,50,60,1.72222222222222,0.555555555555556,0.111111111111111,2
26750,0,0,3,0,2,4,1,1,33.3333333333333,66.6666666666667,66.6666666666667,1.67567567567568,0.189189189189189,0.027027027027027,2
26751,0,1,3,0,2,4,1,3,77.7777777777778,66.6666666666667,88.8888888888889,0.98,0.16,0.05,2
26752,0,1,3,0,2,4,1,3,90.9090909090909,72.7272727272727,100,0.942857142857143,0.148571428571429,0.04,2
26754,0,0,3,0,2,3,1,2,100,100,50,1.10344827586207,0.172413793103448,0.0517241379310345,2
26758,0,0,2,0,2,4,1,0,100,100,100,1.31707317073171,0.170731707317073,0.0487804878048781,2
26760,0,0,2,0,3,4,1,2,50,50,50,1.15686274509804,0.156862745098039,0.0588235294117647,2
26761,0,0,2,1,3,4,1,0,57.1428571428571,57.1428571428571,85.7142857142857,1.07971014492754,0.152173913043478,0.0144927536231884,2
26762,0,1,2,1,3,4,1,1,80,80,90,0.779527559055118,0.149606299212598,0.015748031496063,2
26763,0,1,2,1,3,4,1,3,81.8181818181818,63.6363636363636,100,0.828828828828829,0.135135135135135,0.018018018018018,2
26764,0,1,2,1,2,4,1,1,100,57.1428571428571,100,1.07407407407407,0.166666666666667,0.037037037037037,2
26765,0,1,1,1,2,4,1,2,100,60,100,0.818840579710145,0.123188405797101,0,2
26766,0,1,3,0,1,4,1,1,71.4285714285714,85.7142857142857,85.7142857142857,1.21739130434783,0.217391304347826,0.0434782608695652,2
26767,0,0,2,0,1,4,1,0,63.6363636363636,81.8181818181818,81.8181818181818,1.28,0.22,0.06,2
26768,0,0,2,0,1,4,1,1,71.7944035380472,71.8090403980719,83.2519719187894,0.9375,0.291666666666667,0.0833333333333333,2
26769,0,1,3,0,2,4,1,5,78.9473684210526,89.4736842105263,89.4736842105263,2.05555555555556,0.259259259259259,0.0740740740740741,2
26770,0,1,3,0,2,4,1,1,71.4285714285714,85.7142857142857,85.7142857142857,1.82857142857143,0.285714285714286,0.0857142857142857,2
26771,0,1,3,0,1,4,1,2,68.4210526315789,84.2105263157895,84.2105263157895,1.40816326530612,0.204081632653061,0.0816326530612245,2
26773,0,0,3,0,2,3,1,2,58.8235294117647,76.4705882352941,76.4705882352941,1.2,0.305882352941176,0.0705882352941176,2
26774,0,1,3,1,3,4,1,4,92.6829268292683,82.9268292682927,97.5609756097561,1.33333333333333,0.284722222222222,0.0902777777777778,2
26777,0,1,3,0,1,4,1,0,73.3333333333333,86.6666666666667,86.6666666666667,10,3.5,1.33333333333333,2
26779,0,1,3,0,2,4,1,2,70.4918032786885,72.1311475409836,77.0491803278689,1.72131147540984,0.295081967213115,0.0491803278688525,2
26780,0,0,3,0,1,4,1,1,64.8648648648649,67.5675675675676,67.5675675675676,1.3,0.366666666666667,0.0333333333333333,2
26781,0,1,3,0,1,4,1,1,62.962962962963,74.0740740740741,70.3703703703704,2.86666666666667,0.333333333333333,0.233333333333333,2
26785,0,0,3,1,2,4,1,1,100,66.6666666666667,100,0.637362637362637,0.131868131868132,0.021978021978022,2
26786,0,0,3,0,2,4,1,1,71.7944035380472,71.8090403980719,83.2519719187894,1.17241379310345,0.206896551724138,0.0344827586206897,2
26788,0,0,3,0,2,4,1,0,50,50,100,1.40816326530612,0.306122448979592,0.0816326530612245,2
26789,0,0,3,0,3,4,1,2,71.7944035380472,71.8090403980719,83.2519719187894,1.29473684210526,0.136842105263158,0.0421052631578947,2
26790,0,0,3,1,3,4,1,3,81.8181818181818,72.7272727272727,90.9090909090909,0.950819672131147,0.229508196721311,0.10655737704918,2
26797,0,0,3,0,3,4,1,1,71.7944035380472,71.8090403980719,83.2519719187894,1.63636363636364,0.151515151515152,0,2
26798,0,0,3,0,2,4,1,2,71.7944035380472,71.8090403980719,83.2519719187894,1.42857142857143,0.171428571428571,0,2
26799,0,0,3,0,3,4,1,0,71.7944035380472,71.8090403980719,83.2519719187894,1.95238095238095,0.285714285714286,0,2
26800,0,1,3,1,3,4,1,0,84.6153846153846,76.9230769230769,84.6153846153846,0.966101694915254,0.288135593220339,0.0847457627118644,2
26801,0,1,2,2,3,4,1,7,85.7142857142857,64.2857142857143,85.7142857142857,0.784565916398714,0.209003215434084,0.0160771704180064,2
26802,0,0,1,1,3,4,1,0,70,80,80,0.789473684210526,0.368421052631579,0.0921052631578947,2
26803,0,0,2,1,3,4,1,0,90.9090909090909,72.7272727272727,100,1.17741935483871,0.661290322580645,0.0806451612903226,2
26805,0,1,3,2,3,4,1,2,80,100,100,0.387755102040816,0.63265306122449,0.0612244897959184,2
26806,0,1,3,1,3,4,1,1,83.3333333333333,83.3333333333333,100,0.952380952380952,0.253968253968254,0,2
26809,0,1,2,1,2,4,1,1,100,100,100,2,0.647058823529412,0,2
26811,0,1,2,1,3,4,1,2,100,61.5384615384615,100,1.06382978723404,0.180851063829787,0,2
26812,0,1,3,0,3,4,1,7,84.2105263157895,68.4210526315789,84.2105263157895,1.16201117318436,0.150837988826816,0.0223463687150838,2
26813,0,0,3,0,2,4,1,2,87.5,75,87.5,1.52,0.2,0.04,2
26815,0,0,3,0,0,4,1,1,50,50,50,1.72,0.24,0.08,2
26816,0,1,3,0,1,4,1,2,70,73.3333333333333,83.3333333333333,1.84,0.3,0.04,2
26818,0,0,3,0,1,4,1,2,100,100,100,1.21495327102804,0.168224299065421,0.0467289719626168,2
26820,0,1,3,0,1,4,1,1,80,100,100,0.901639344262295,0.163934426229508,0,2
26821,0,1,3,0,1,4,1,2,80,80,100,1.16483516483516,0.142857142857143,0,2
26822,0,1,3,0,2,4,1,3,100,75,100,1.23,0.13,0,2
26823,0,1,3,1,3,4,1,1,100,78.2608695652174,100,0.924731182795699,0.225806451612903,0,2
26824,0,1,3,0,2,4,1,2,66.6666666666667,100,100,0.699421965317919,0.144508670520231,0,2
26825,0,0,2,0,2,4,1,2,100,100,100,1.390625,0.1875,0,2
26828,0,0,3,0,2,4,1,1,66.6666666666667,100,66.6666666666667,1.03636363636364,0.309090909090909,0,2
26830,0,0,3,0,3,4,1,3,83.3333333333333,100,83.3333333333333,1.24390243902439,0.304878048780488,0,2
26831,0,0,2,0,2,4,1,1,100,100,100,1.18333333333333,0.183333333333333,0,2
26832,0,0,2,0,2,4,1,1,100,100,100,1.33333333333333,0.277777777777778,0,2
26833,0,0,3,0,2,4,1,4,100,100,100,1.0241935483871,0.161290322580645,0,2
26834,0,0,3,0,2,4,1,3,71.7944035380472,71.8090403980719,83.2519719187894,1.07920792079208,0.237623762376238,0,2
26841,0,0,2,1,1,0,1,1,100,100,100,3,0.666666666666667,0,2
26843,0,0,2,0,1,4,1,1,100,100,100,1.27777777777778,0.333333333333333,0,2
26846,0,0,2,0,2,4,1,1,100,100,100,1.13888888888889,0.194444444444444,0,2
26849,0,0,3,1,2,4,1,1,63.6363636363636,72.7272727272727,81.8181818181818,1.38095238095238,0.326530612244898,0,2
26851,0,1,3,0,2,5,1,1,75,85,95,0.846153846153846,0.5,0,2
26852,0,1,3,0,2,4,1,2,84,88,96,0.966101694915254,0.372881355932203,0.0169491525423729,2
26853,0,1,3,0,3,4,1,1,76.9230769230769,80.7692307692308,84.6153846153846,1.13888888888889,0.416666666666667,0,2
26854,0,1,3,0,3,4,1,2,57.1428571428571,71.4285714285714,57.1428571428571,1.05357142857143,0.25,0,2
26855,0,1,3,0,3,4,1,2,81.25,62.5,81.25,0.96875,0.1875,0,2
26857,0,0,1,0,2,4,1,1,33.3333333333333,100,100,1.62162162162162,0.189189189189189,0,2
26863,0,0,2,0,1,0,1,1,50,100,100,2.22222222222222,0.277777777777778,0,2
26864,0,0,3,0,2,4,1,2,100,100,100,1.97560975609756,0.219512195121951,0,2
26865,0,0,3,0,1,4,1,1,100,100,100,1.32203389830508,0.186440677966102,0,2
26869,0,0,3,0,2,3,1,1,71.7944035380472,71.8090403980719,83.2519719187894,1.31428571428571,0.214285714285714,0,2
26870,0,0,3,0,1,3,1,1,71.7944035380472,71.8090403980719,83.2519719187894,1.38235294117647,0.191176470588235,0,2
26872,0,0,3,0,1,3,1,1,100,100,100,3.4,0.85,0,2
26874,0,0,3,0,1,4,1,1,100,100,100,2.47368421052632,0.631578947368421,0,2
26879,0,0,3,1,2,4,1,3,100,100,100,1.03954802259887,0.146892655367232,0,2
26883,0,0,3,0,1,3,1,1,100,100,100,1.89473684210526,0.473684210526316,0,2
26885,0,0,3,0,1,4,1,1,100,75,100,1.9,0.5,0,2
26890,0,0,1,0,2,4,1,1,100,66.6666666666667,66.6666666666667,1.62068965517241,0.275862068965517,0,2
26893,0,0,3,0,3,4,1,2,87.5,62.5,100,1.17021276595745,0.25531914893617,0.0212765957446809,2
26895,0,0,3,0,2,5,1,2,88.8888888888889,77.7777777777778,88.8888888888889,1.32692307692308,0.278846153846154,0.0192307692307692,2
26896,0,0,3,0,2,5,1,2,83.3333333333333,66.6666666666667,83.3333333333333,2,3,2,2
26897,0,0,2,0,2,4,1,1,100,100,100,3.05555555555556,0.5,0,2
26899,0,0,2,0,2,4,1,0,100,66.6666666666667,66.6666666666667,1.89189189189189,0.297297297297297,0,2
26900,0,0,1,1,2,4,1,1,100,66.6666666666667,66.6666666666667,2.24,0.32,0,2
26902,0,0,2,1,2,4,1,2,33.3333333333333,83.3333333333333,83.3333333333333,1.20491803278689,0.221311475409836,0,2
26916,0,0,3,1,3,3,1,2,50,50,50,1.14285714285714,0.142857142857143,0.0317460317460317,2
26917,0,1,3,1,3,4,1,3,75,87.5,87.5,0.971428571428571,0.161904761904762,0.0476190476190476,2
26918,0,1,3,1,2,4,1,3,64.5161290322581,70.9677419354839,74.1935483870968,0.274193548387097,0.274193548387097,0.0483870967741935,2
26959,0,1,2,1,2,4,1,2,100,88.8888888888889,100,0.956521739130435,0.565217391304348,0,2
27413,0,0,2,2,3,4,1,1,71.7944035380472,71.8090403980719,83.2519719187894,0.291666666666667,0.75,0.125,2
27510,0,0,2,0,2,4,1,2,100,100,100,1.3,0.15,0,2
27511,0,1,3,0,2,4,1,1,100,100,100,0.888888888888889,0.148148148148148,0,2
27516,0,0,3,1,2,4,1,0,50,100,100,0,0.875,0,2
27517,0,0,1,1,2,4,1,1,71.7944035380472,71.8090403980719,83.2519719187894,1.8695652173913,0.217391304347826,0,2
27518,0,0,1,1,2,4,1,0,71.7944035380472,71.8090403980719,83.2519719187894,2.25806451612903,0.225806451612903,0,2
27519,0,0,3,0,2,4,1,0,71.7944035380472,71.8090403980719,83.2519719187894,1.55882352941176,0.323529411764706,0,2
26638,0,0,3,0,1,4,1,0,100,83.3333333333333,100,6,2.25,0.5,2
26641,0,0,3,0,0,3,1,0,89.4736842105263,84.2105263157895,94.7368421052632,3.4,0.6,0.2,2
26643,0,1,3,0,0,4,1,0,89.6551724137931,72.4137931034483,89.6551724137931,4.83333333333333,0.333333333333333,0.166666666666667,2
26647,0,1,3,0,2,4,1,0,66.6666666666667,64.1025641025641,71.7948717948718,2.2,0.32,0.08,2
26650,0,0,2,0,1,4,1,0,100,83.3333333333333,100,3.66666666666667,0.533333333333333,0.0666666666666667,2
26652,0,0,2,0,1,0,1,0,100,100,100,4.8,1,0.2,2
26655,0,0,3,0,0,0,1,0,69.2307692307692,61.5384615384615,76.9230769230769,1.07142857142857,0.214285714285714,0,2
26659,0,0,3,0,1,4,1,0,100,100,100,2.43478260869565,0.304347826086957,0,2
26660,0,0,3,0,1,4,1,0,100,80,100,1.19047619047619,0.214285714285714,0.0714285714285714,2
26661,0,0,3,0,1,4,1,0,94.1176470588235,82.3529411764706,94.1176470588235,1.29787234042553,0.234042553191489,0.0425531914893617,2
26663,0,0,3,0,0,4,1,0,100,100,100,2.42105263157895,0.368421052631579,0.210526315789474,2
26664,0,0,3,0,1,4,1,0,100,100,100,1.675,0.25,0.075,2
26697,0,0,3,0,1,4,1,0,44.4444444444444,44.4444444444444,55.5555555555556,5.5,2.5,0,2
26705,0,0,3,0,1,4,1,0,100,66.6666666666667,100,1.60810810810811,0.175675675675676,0.0675675675675676,2
26707,0,0,2,0,2,0,1,0,100,100,100,0.730769230769231,0.269230769230769,0.0384615384615385,2
26708,0,0,3,0,2,4,1,0,50,100,50,2.4,0.6,0.3,2
26709,0,0,3,0,1,4,1,0,50,100,50,1.9047619047619,0.428571428571429,0.142857142857143,2
26713,0,0,3,0,1,4,1,0,92.3076923076923,92.3076923076923,92.3076923076923,2.125,0.5625,0.0625,2
26717,0,0,3,0,2,4,1,0,94.7368421052632,94.7368421052632,100,1.51020408163265,0.346938775510204,0.0816326530612245,2
26720,0,0,3,0,1,4,1,0,87.5,87.5,87.5,2.77777777777778,1.11111111111111,0.555555555555556,2
26731,0,2,3,0,0,2,1,0,62.5,54.6875,64.0625,2.61764705882353,0.294117647058824,0.176470588235294,2
26732,0,2,3,0,0,0,1,0,53.5714285714286,46.4285714285714,57.1428571428571,5.75,0.5,0.0833333333333333,2
26742,0,0,1,0,3,0,1,0,100,100,100,1.5,0.833333333333333,0.166666666666667,2
26745,0,3,3,0,1,4,1,0,48.4848484848485,48.4848484848485,54.5454545454545,3.71428571428571,0.904761904761905,0.333333333333333,2
26753,0,0,3,0,1,4,1,0,100,100,50,1.13461538461538,0.173076923076923,0.0576923076923077,2
26755,0,0,2,0,2,1,1,0,100,100,50,1.07692307692308,0.192307692307692,0.0384615384615385,2
26756,0,0,1,0,2,1,1,0,33.3333333333333,66.6666666666667,66.6666666666667,0.837837837837838,0.135135135135135,0.027027027027027,2
26757,0,0,3,0,2,3,1,0,33.3333333333333,66.6666666666667,66.6666666666667,1.32558139534884,0.209302325581395,0.0465116279069767,2
26759,0,0,2,0,2,4,1,0,100,100,100,1.70588235294118,0.235294117647059,0.0588235294117647,2
26772,0,0,3,0,2,3,1,0,76.4705882352941,88.2352941176471,88.2352941176471,1.19642857142857,0.142857142857143,0.0357142857142857,2
26775,0,1,3,0,0,4,1,0,91.6666666666667,91.6666666666667,100,2.35,0.4,0.25,2
26776,0,1,3,0,0,4,1,0,92.8571428571429,92.8571428571429,100,2.53846153846154,0.538461538461538,0.307692307692308,2
26778,0,0,3,0,0,0,1,0,100,50,50,1.94117647058824,0.294117647058824,0,2
26782,0,1,3,0,1,4,1,0,73.3333333333333,86.6666666666667,93.3333333333333,2.1,0.25,0.15,2
26783,0,0,3,0,0,0,1,0,66.6666666666667,83.3333333333333,83.3333333333333,2.05882352941176,0.352941176470588,0.0588235294117647,2
26784,0,0,3,0,2,4,1,0,71.7944035380472,71.8090403980719,83.2519719187894,1.71428571428571,0.428571428571429,0.0714285714285714,2
26787,0,0,3,0,1,4,1,0,71.7944035380472,71.8090403980719,83.2519719187894,1.26415094339623,0.188679245283019,0.0754716981132075,2
26791,0,0,3,0,2,4,1,0,71.7944035380472,71.8090403980719,83.2519719187894,1.8695652173913,0.304347826086957,0,2
26792,0,0,2,0,2,4,1,0,71.7944035380472,71.8090403980719,83.2519719187894,1.95652173913043,0.304347826086957,0,2
26793,0,0,2,0,2,4,1,0,71.7944035380472,71.8090403980719,83.2519719187894,2.5,0.4,0,2
26794,0,0,2,0,2,4,1,0,71.7944035380472,71.8090403980719,83.2519719187894,1.58620689655172,0.275862068965517,0,2
26795,0,0,2,0,1,4,1,0,100,63.6363636363636,100,2,0.28,0,2
26796,0,0,2,0,3,4,1,0,80,60,80,1.4,0.125,0,2
26804,0,0,2,1,1,4,1,0,71.7944035380472,71.8090403980719,83.2519719187894,1.31578947368421,0.368421052631579,0,2
26807,0,0,2,1,2,4,1,0,100,100,100,1,0.428571428571429,0,2
26808,0,0,2,1,1,4,1,0,100,100,100,1.53333333333333,0.533333333333333,0,2
26810,0,1,2,1,3,4,1,0,100,84.6153846153846,100,1.81818181818182,0.727272727272727,0.0909090909090909,2
26814,0,0,3,0,1,4,1,0,100,80,100,1.82352941176471,0.196078431372549,0.0784313725490196,2
26817,0,0,3,0,0,4,1,0,100,100,100,1.56756756756757,0.162162162162162,0.0540540540540541,2
26826,0,0,2,0,2,4,1,0,71.7944035380472,71.8090403980719,83.2519719187894,1.27777777777778,0.152777777777778,0,2
26827,0,0,3,0,2,0,1,0,66.6666666666667,100,66.6666666666667,1.88888888888889,0.666666666666667,0,2
26829,0,0,2,0,1,4,1,0,100,100,100,1.96296296296296,0.37037037037037,0,2
26835,0,0,3,0,2,4,1,0,71.7944035380472,71.8090403980719,83.2519719187894,1.42857142857143,0.183673469387755,0,2
26836,0,0,3,0,2,4,1,0,100,90,100,1.61764705882353,0.382352941176471,0,2
26837,0,0,2,0,1,4,1,0,85.7142857142857,85.7142857142857,85.7142857142857,2.43478260869565,0.304347826086957,0,2
26838,0,0,2,0,1,4,1,0,100,100,100,4.33333333333333,0.666666666666667,0,2
26840,0,0,2,0,2,3,1,0,100,100,100,2.11111111111111,0.666666666666667,0,2
26842,0,0,2,1,1,0,1,0,71.7944035380472,71.8090403980719,83.2519719187894,2.05263157894737,0.315789473684211,0,2
26845,0,0,2,0,2,4,1,0,100,100,100,2.78571428571429,0.428571428571429,0,2
26850,0,1,3,0,2,5,1,0,71.4285714285714,80.9523809523809,85.7142857142857,0.80952380952381,0.333333333333333,0,2
26856,0,1,2,0,2,4,1,0,100,63.6363636363636,100,1.77777777777778,0.444444444444444,0,2
26858,0,0,2,1,2,4,1,0,33.3333333333333,100,100,1.88,0.32,0,2
26859,0,0,2,0,2,4,1,0,100,100,100,4.1,0.6,0,2
26860,0,0,2,0,1,4,1,0,100,100,100,2.72222222222222,0.444444444444444,0,2
26861,0,0,2,0,1,4,1,0,100,100,100,3.75,0.875,0,2
26866,0,0,3,0,1,4,1,0,71.7944035380472,71.8090403980719,83.2519719187894,1.82758620689655,0.310344827586207,0,2
26867,0,0,3,0,1,4,1,0,71.7944035380472,71.8090403980719,83.2519719187894,1.31578947368421,0.236842105263158,0,2
26868,0,0,3,0,2,4,1,0,71.7944035380472,71.8090403980719,83.2519719187894,1.34905660377358,0.264150943396226,0,2
26871,0,0,3,0,1,3,1,0,71.7944035380472,71.8090403980719,83.2519719187894,1.40740740740741,0.203703703703704,0,2
26873,0,0,3,0,1,4,1,0,50,100,100,1.42424242424242,0.212121212121212,0,2
26875,0,0,2,0,1,4,1,0,50,50,50,1.73529411764706,0.323529411764706,0,2
26876,0,0,2,0,2,4,1,0,50,100,100,2.34615384615385,0.307692307692308,0,2
26877,0,0,2,0,2,4,1,0,50,100,100,1.96666666666667,0.2,0,2
26878,0,0,1,1,2,4,1,0,100,100,100,2.17391304347826,0.304347826086957,0,2
26880,0,0,1,1,2,4,1,0,100,100,100,1.95833333333333,0.208333333333333,0,2
26881,0,0,2,0,2,4,1,0,100,100,100,1.67142857142857,0.157142857142857,0,2
26882,0,0,3,0,1,3,1,0,100,100,100,1,0.209302325581395,0,2
26884,0,0,3,0,1,3,1,0,100,100,100,1.65789473684211,0.263157894736842,0,2
26886,0,0,3,0,1,4,1,0,71.7944035380472,71.8090403980719,83.2519719187894,5.14285714285714,1.14285714285714,0,2
26887,0,0,2,0,1,4,1,0,100,100,100,2.25,0.5,0,2
26888,0,0,2,1,2,4,1,0,100,50,50,2.08823529411765,0.294117647058824,0,2
26889,0,0,2,0,2,4,1,0,100,50,50,2.03448275862069,0.275862068965517,0,2
26891,0,0,1,0,2,4,1,0,100,100,100,1.26923076923077,0.192307692307692,0,2
26894,0,0,3,0,2,3,1,0,71.7944035380472,71.8090403980719,83.2519719187894,1.54545454545455,0.333333333333333,0,2
26898,0,0,2,0,2,4,1,0,100,100,100,1.91304347826087,0.304347826086957,0,2
26901,0,0,1,0,2,4,1,0,100,100,100,2.28571428571429,0.428571428571429,0,2
26961,0,0,2,1,1,4,0,0,100,50,100,3.77777777777778,1.22222222222222,0,2
27507,0,0,1,1,1,4,1,0,71.7944035380472,71.8090403980719,83.2519719187894,1.5,0,0,2
27508,0,0,1,1,2,4,1,0,71.7944035380472,71.8090403980719,83.2519719187894,1.63636363636364,0.181818181818182,0,2
27509,0,0,2,0,2,4,1,0,71.7944035380472,71.8090403980719,83.2519719187894,1.71428571428571,0.19047619047619,0,2
27520,0,0,1,1,2,4,1,0,71.7944035380472,71.8090403980719,83.2519719187894,1.92,0.32,0,2
