"inundaciones","Telecomunicaciones_4Ginteriores","Telecomunicaciones_4Gexteriores","Telecomunicaciones_4Gvehiculos","Movilidad_congestionamiento","Residuos_noValorizables","cantidad_empresas","Movilidad_accidentes_Calle_buen_estado","Movilidad_accidentes_buenTiempo","Movilidad_accidentes_pavimento","Agua_conexiones_edific","Saneamiento_conexiones_edific","Electricidad_medidoresint_edific","Electricidad_postes_edific","Electricidad_transformadores_edific"
0,3,0,1,4,1,1,100,100,100,0.833333333333333,0.791666666666667,3.625,0.291666666666667,0.166666666666667
0,3,0,1,4,1,4,83.3333333333333,66.6666666666667,100,1.06666666666667,0.986666666666667,2.37333333333333,0.2,0.173333333333333
0,3,0,0,4,1,1,100,91.6666666666667,100,1.38095238095238,1.28571428571429,4.38095238095238,0.285714285714286,0.19047619047619
0,3,0,0,4,1,1,100,100,100,3.29411764705882,3.05882352941176,4.52941176470588,0.470588235294118,0.235294117647059
0,3,0,1,4,1,0,100,100,100,1.45833333333333,1.25,2.33333333333333,0.291666666666667,0.208333333333333
0,3,0,1,4,1,3,89.6551724137931,79.3103448275862,100,0.891666666666667,0.791666666666667,1.35833333333333,0.15,0.075
0,2,0,1,4,1,2,86.9565217391304,73.9130434782609,100,0.867647058823529,0.823529411764706,1.52941176470588,0.147058823529412,0.0588235294117647
0,3,0,1,4,1,1,87.0967741935484,77.4193548387097,100,0.916666666666667,0.895833333333333,1.58333333333333,0.4375,0.229166666666667
0,3,0,0,4,1,0,90.9090909090909,84.8484848484848,100,1.72222222222222,1.66666666666667,3.77777777777778,0.388888888888889,0.333333333333333
0,3,0,0,4,1,2,97.0588235294118,94.1176470588235,100,1.19512195121951,1.07317073170732,2.92682926829268,0.195121951219512,0.317073170731707
0,3,0,0,4,1,2,100,91.304347826087,100,3.31578947368421,3.31578947368421,8.10526315789474,0.421052631578947,0.473684210526316
0,3,0,0,4,1,0,96.7741935483871,96.7741935483871,96.7741935483871,2.44444444444444,2.2962962962963,4.74074074074074,0.296296296296296,0.185185185185185
0,3,0,0,4,1,1,96.2962962962963,92.5925925925926,96.2962962962963,1.9,1.9,5.4,0.6,0.7
0,3,0,0,4,1,1,100,95.4545454545455,100,0.777777777777778,0.666666666666667,2.08333333333333,0.222222222222222,0.138888888888889
0,3,0,1,4,1,1,100,92.3076923076923,100,0.735294117647059,0.647058823529412,1.85294117647059,0.264705882352941,0.0588235294117647
0,2,0,1,4,1,0,92.3076923076923,84.6153846153846,100,0.622950819672131,0.60655737704918,1.0327868852459,0.19672131147541,0.0819672131147541
0,2,0,1,4,1,1,90.9090909090909,81.8181818181818,100,1.0952380952381,1,2.14285714285714,0.380952380952381,0.142857142857143
0,2,0,1,4,1,2,86.9565217391304,73.9130434782609,91.304347826087,0.948717948717949,0.743589743589744,1.82051282051282,0.384615384615385,0.179487179487179
0,2,0,1,4,1,1,91.304347826087,82.6086956521739,100,1.13888888888889,0.888888888888889,2.11111111111111,0.277777777777778,0.111111111111111
0,3,0,1,4,1,1,92.5,87.5,100,0.655172413793103,0.586206896551724,2.17241379310345,0.896551724137931,0.241379310344828
0,3,0,0,4,1,1,100,93.6170212765958,100,1.23809523809524,1.14285714285714,2,0.523809523809524,0.285714285714286
0,3,0,0,4,1,0,100,92.3076923076923,100,2,2,26,5,2
0,3,0,0,0,1,1,97.7777777777778,88.8888888888889,97.7777777777778,2.35294117647059,2.23529411764706,4.76470588235294,0.529411764705882,0.470588235294118
0,3,0,0,0,1,2,94.4444444444444,86.1111111111111,97.2222222222222,2.28,2.28,4.08,0.36,0.4
0,3,0,1,4,1,0,89.0909090909091,85.4545454545455,92.7272727272727,1.47058823529412,1.41176470588235,4.52941176470588,0.323529411764706,0.470588235294118
0,3,0,0,4,1,0,80.9523809523809,85.7142857142857,88.0952380952381,15.8571428571429,14.5714285714286,18.7142857142857,2,1.28571428571429
0,3,0,0,4,1,2,100,93.3333333333333,100,1,0.875,2.4375,0.1875,0.166666666666667
0,3,0,1,4,1,1,100,83.3333333333333,100,1.09090909090909,1.03030303030303,2.51515151515152,0.242424242424242,0.0606060606060606
0,2,0,1,4,1,3,92.8571428571429,78.5714285714286,100,0.731958762886598,0.618556701030928,1.10309278350515,0.154639175257732,0.0412371134020619
0,3,0,1,4,1,1,90,80,90,0.706896551724138,0,1.1551724137931,0.224137931034483,0.0517241379310345
0,3,0,1,4,1,1,83.3333333333333,50,83.3333333333333,0.861111111111111,0,1.36111111111111,0.222222222222222,0.0833333333333333
1,2,0,1,4,1,0,71.4285714285714,57.1428571428571,85.7142857142857,2.20833333333333,0,3.29166666666667,0.583333333333333,0.125
1,2,0,1,4,1,3,71.4285714285714,71.4285714285714,71.4285714285714,0.645161290322581,0,1.03225806451613,0.161290322580645,0.0537634408602151
1,2,0,1,4,1,3,100,88.8888888888889,88.8888888888889,1.52597402597403,0.25974025974026,1.22727272727273,0.12987012987013,0.038961038961039
1,2,0,1,4,1,2,100,100,100,0.0277777777777778,0,1.91666666666667,0.416666666666667,0.194444444444444
0,3,0,0,4,1,0,91.4893617021277,80.8510638297872,92.5531914893617,1,0.896551724137931,3.58620689655172,0.655172413793103,0.482758620689655
0,3,0,0,4,1,0,83.6734693877551,79.5918367346939,87.7551020408163,1.77272727272727,1.68181818181818,3.04545454545455,0.363636363636364,0.5
0,3,0,0,4,1,1,81.0810810810811,78.3783783783784,86.4864864864865,2.6,2.53333333333333,4.06666666666667,0.533333333333333,0.8
0,3,0,0,4,1,0,79.1666666666667,91.6666666666667,87.5,0.333333333333333,0.333333333333333,5.16666666666667,1.5,1.16666666666667
0,3,0,0,4,1,1,82.6086956521739,91.304347826087,91.304347826087,3.33333333333333,3,4.33333333333333,1.16666666666667,0.5
0,3,0,0,4,1,2,88,96,92,1.33333333333333,1.15151515151515,2,0.348484848484849,0.257575757575758
0,3,0,0,4,1,1,100,100,100,0.725,0.525,2.35,0.275,0.15
0,3,0,1,5,1,7,81.8181818181818,100,90.9090909090909,0.707006369426752,0.509554140127389,1.20700636942675,0.146496815286624,0.0509554140127389
0,3,0,3,5,1,7,92.5925925925926,77.7777777777778,100,0.468468468468468,0.202702702702703,0.414414414414414,0.153153153153153,0.0495495495495495
1,3,0,1,4,1,2,83.3333333333333,75,91.6666666666667,0.641025641025641,0,2.74358974358974,0.41025641025641,0.128205128205128
1,3,0,1,4,1,2,90,70,90,0.794520547945205,0,1.35616438356164,0.191780821917808,0.0273972602739726
1,3,0,1,4,1,2,85.7142857142857,71.4285714285714,100,0.686567164179104,0,1.23880597014925,0.223880597014925,0.0597014925373134
1,3,0,1,4,1,2,66.6666666666667,66.6666666666667,100,1.2962962962963,0,0.901234567901235,0.246913580246914,0.0617283950617284
1,2,0,1,4,1,0,100,100,100,0.340909090909091,0,1.22727272727273,0.204545454545455,0.0681818181818182
0,3,0,1,4,1,2,96.1165048543689,86.4077669902913,97.0873786407767,1.21428571428571,0.928571428571429,1.80952380952381,0.547619047619048,0.238095238095238
0,3,0,0,4,1,0,91.2280701754386,78.9473684210526,92.9824561403509,2.16,1.88,3.4,0.4,0.52
0,3,0,1,5,1,1,82.8571428571429,82.8571428571429,85.7142857142857,0.811320754716981,0.509433962264151,1.69811320754717,0.245283018867925,0.283018867924528
0,3,0,1,5,1,0,90.4761904761905,85.7142857142857,80.9523809523809,1.05,0.85,3.625,0.275,0.4
0,3,0,1,5,1,4,89.4736842105263,86.8421052631579,86.8421052631579,1.06521739130435,0.826086956521739,3.3695652173913,0.239130434782609,0.478260869565217
0,3,0,1,5,1,2,89.2857142857143,89.2857142857143,89.2857142857143,0.0212765957446809,0.0212765957446809,2.17021276595745,0.276595744680851,0.297872340425532
1,3,0,1,4,1,2,90,90,100,0.653465346534653,0,0.881188118811881,0.138613861386139,0.0495049504950495
1,3,0,1,4,1,4,50,100,100,0.03,0,1.11,0.21,0.05
0,3,0,1,4,1,0,82.2686487719647,84.743934697425,87.8672228878967,0.560975609756098,0,0.902439024390244,0.219512195121951,0
1,3,0,3,5,1,3,93.75,87.5,100,0.386138613861386,0,0.841584158415842,0.495049504950495,0.128712871287129
0,3,0,0,4,1,1,94.6666666666667,81.3333333333333,97.3333333333333,2.81818181818182,2.63636363636364,4.18181818181818,0.636363636363636,0.545454545454545
1,3,0,0,4,1,1,90,75,96.25,1.30769230769231,0.461538461538462,3.38461538461538,0.346153846153846,0.346153846153846
0,3,0,0,4,1,0,81.0810810810811,67.5675675675676,89.1891891891892,0.914285714285714,0.4,2.57142857142857,0.257142857142857,0.114285714285714
1,3,0,1,5,1,2,88.8888888888889,77.7777777777778,81.4814814814815,0.766233766233766,0,1.07792207792208,0.168831168831169,0.0909090909090909
0,3,0,1,4,1,3,83.3333333333333,83.3333333333333,100,0.644295302013423,0,0.959731543624161,0.154362416107383,0.0402684563758389
0,2,2,3,4,1,3,100,100,100,0.886792452830189,0,1.12264150943396,0.207547169811321,0.0471698113207547
0,2,0,3,4,1,0,100,100,100,1,0,14.3333333333333,3.33333333333333,0.333333333333333
0,0,2,3,5,1,0,100,100,100,0.9375,0,0.9375,0.21875,0.03125
0,2,2,3,5,1,0,50,50,50,0.833333333333333,0,1.375,0.3125,0.0625
0,3,0,0,4,1,0,92.4242424242424,75.7575757575758,100,1,1,4.5,1.5,1
1,3,0,0,4,1,2,89.3617021276596,74.468085106383,100,0.344827586206897,0,2.27586206896552,0.275862068965517,0.0689655172413793
0,2,0,3,2,1,4,100,100,100,0.3875,0,0.8875,0.15,0.025
0,2,2,3,4,1,3,100,100,100,0.649122807017544,0,1.00877192982456,0.149122807017544,0.0263157894736842
0,0,2,2,4,1,0,100,100,100,0.892857142857143,0,2.14285714285714,0.285714285714286,0.0357142857142857
0,0,2,2,4,1,0,50,50,50,0.962962962962963,0,1.55555555555556,0.259259259259259,0.0740740740740741
0,0,2,2,3,1,0,100,100,100,0.513513513513513,0,1.16216216216216,0.108108108108108,0.027027027027027
0,0,2,2,0,1,0,100,100,100,0.517241379310345,0,1.06896551724138,0,0.0344827586206897
1,3,0,0,3,1,1,100,100,100,0.565217391304348,0,1.19565217391304,0.195652173913043,0.0543478260869565
1,3,0,1,4,1,4,77.7777777777778,77.7777777777778,88.8888888888889,0.506172839506173,0,0.839506172839506,0.164609053497942,0.037037037037037
1,3,0,1,3,1,1,100,100,100,0.716417910447761,0,1.50746268656716,0.253731343283582,0.0298507462686567
1,3,0,1,3,1,0,100,100,100,0.6625,0,1.2625,0.25,0.0375
0,3,0,1,4,1,3,66.6666666666667,83.3333333333333,100,0.975609756097561,0,2,0.268292682926829,0.0853658536585366
1,3,0,1,4,1,3,100,100,100,0.784,0,1.432,0.176,0.032
1,3,0,1,4,1,3,100,100,100,0.713513513513514,0,0.718918918918919,0.178378378378378,0.0594594594594595
1,3,0,1,3,1,1,100,100,100,0.76,0,1.4,0.22,0.06
1,3,0,1,4,1,3,100,100,100,0.88,0,2.06666666666667,0.266666666666667,0.0533333333333333
1,3,0,1,4,1,1,100,100,100,0.706896551724138,0,1.53448275862069,0.258620689655172,0.0517241379310345
0,3,0,1,4,1,2,85.7142857142857,85.7142857142857,100,0.789473684210526,0,1.33333333333333,0.131578947368421,0.0614035087719298
1,3,0,0,4,1,0,100,100,100,0.866666666666667,0,1.36666666666667,0.266666666666667,0.1
1,3,0,0,4,1,0,82.2686487719647,84.743934697425,87.8672228878967,0.5625,0,1.9375,0.375,0.0625
1,3,0,0,4,1,4,87.5,87.5,87.5,0.424242424242424,0,1.12121212121212,0.484848484848485,0.151515151515152
1,3,0,0,3,1,4,98.0392156862745,92.156862745098,98.0392156862745,0.848484848484849,0.121212121212121,1.09090909090909,0.409090909090909,0.166666666666667
1,3,0,1,4,1,8,88.5714285714286,88.5714285714286,100,0.558510638297872,0.0691489361702128,0.670212765957447,0.196808510638298,0.0531914893617021
1,3,0,3,4,1,3,82.2686487719647,84.743934697425,87.8672228878967,0.696808510638298,0.00531914893617021,1.14893617021277,0.26063829787234,0.0425531914893617
0,3,0,1,4,1,1,82.2686487719647,84.743934697425,87.8672228878967,0.797297297297297,0,1.47297297297297,0.216216216216216,0.0810810810810811
0,3,0,1,4,1,1,82.2686487719647,84.743934697425,87.8672228878967,0.829268292682927,0,1.5609756097561,0.170731707317073,0.0487804878048781
1,3,0,3,4,1,2,82.2686487719647,84.743934697425,87.8672228878967,0.871428571428571,0,1.84285714285714,0.271428571428571,0.128571428571429
0,3,0,1,4,1,3,71.4285714285714,71.4285714285714,100,0.776923076923077,0,1.41538461538462,0.169230769230769,0.0615384615384615
0,3,0,0,4,1,1,60,60,100,0.829268292682927,0,1.07317073170732,0.170731707317073,0.0487804878048781
1,3,0,0,4,1,0,82.7586206896552,65.5172413793103,100,0.611111111111111,0,2.5,0.666666666666667,0.0555555555555556
1,3,0,1,4,1,2,93.1034482758621,80.1724137931034,96.551724137931,0.84,0.386666666666667,1.21333333333333,0.36,0.173333333333333
0,3,0,1,3,1,2,94.4444444444444,100,100,0.666666666666667,0.151515151515152,1.90909090909091,0.333333333333333,0.0606060606060606
0,2,0,1,3,1,1,94.7368421052632,100,100,0.708333333333333,0.208333333333333,1.47916666666667,0.270833333333333,0.0208333333333333
1,3,0,1,4,1,2,94.1176470588235,100,100,0.657534246575342,0.164383561643836,1.08219178082192,0.246575342465753,0.0410958904109589
1,2,0,1,4,1,1,100,100,87.5,0.95,0.075,1.65,0.325,0.075
1,3,0,1,4,1,5,100,100,71.4285714285714,0.567901234567901,0.0679012345679012,0.91358024691358,0.283950617283951,0.0555555555555556
1,3,0,1,3,1,0,80,100,80,0.729166666666667,0.104166666666667,1.08333333333333,0.229166666666667,0.0625
1,3,0,1,4,1,0,75,100,75,0.852941176470588,0,1.64705882352941,0.323529411764706,0.0882352941176471
1,3,0,1,4,1,2,66.6666666666667,100,66.6666666666667,0.5,0,1.56521739130435,0.347826086956522,0.0434782608695652
1,2,0,1,4,1,0,82.2686487719647,84.743934697425,87.8672228878967,0.588235294117647,0,1.17647058823529,0.411764705882353,0
0,2,0,1,4,1,0,82.2686487719647,84.743934697425,87.8672228878967,0.590909090909091,0,1.63636363636364,0.272727272727273,0.0454545454545455
1,3,0,3,4,1,5,100,100,100,0.753164556962025,0,1.17088607594937,0.240506329113924,0.0506329113924051
1,3,0,1,4,1,0,82.2686487719647,84.743934697425,87.8672228878967,0.608695652173913,0,1.69565217391304,0.173913043478261,0.0434782608695652
1,3,0,1,4,1,3,82.2686487719647,84.743934697425,87.8672228878967,0.896551724137931,0,1.82758620689655,0.172413793103448,0.0689655172413793
1,3,0,1,4,1,0,83.3333333333333,66.6666666666667,100,0.753086419753086,0,1.14814814814815,0.172839506172839,0.0493827160493827
1,3,0,1,4,1,5,86.2068965517241,72.4137931034483,96.551724137931,0.804123711340206,0,1.02061855670103,0.195876288659794,0.0721649484536082
0,3,0,0,4,1,1,75,75,100,2.4,0,8.8,1.4,0.8
1,3,0,1,4,1,4,92.5,76.25,100,0.785714285714286,0,1.5952380952381,0.380952380952381,0.166666666666667
1,3,0,0,4,1,0,84.2105263157895,71.0526315789474,100,0.88,0.04,1.16,0.28,0.08
1,3,0,0,4,1,2,91.358024691358,77.7777777777778,97.5308641975309,1.46428571428571,0.285714285714286,1.78571428571429,0.285714285714286,0.25
1,3,0,1,3,1,4,100,100,95.4545454545455,1.91549295774648,0.661971830985915,0.887323943661972,0.47887323943662,0.0704225352112676
1,3,0,0,0,1,0,100,100,100,0.333333333333333,0.111111111111111,4.33333333333333,0.666666666666667,0.111111111111111
1,3,0,1,3,1,1,100,100,100,4.92307692307692,1.57692307692308,1.23076923076923,0.461538461538462,0.0384615384615385
1,3,0,0,4,1,2,88.2352941176471,76.4705882352941,100,0.0882352941176471,0,1.38235294117647,0.176470588235294,0.0588235294117647
1,3,0,0,4,1,0,80,100,100,0.214285714285714,0,2.07142857142857,0.571428571428571,0.142857142857143
1,2,0,1,4,1,0,82.2686487719647,84.743934697425,87.8672228878967,1,0,2.1,0.7,0.2
0,2,0,1,4,1,0,82.2686487719647,84.743934697425,87.8672228878967,0.764705882352941,0,1.64705882352941,0.294117647058824,0.117647058823529
0,3,0,3,4,1,2,100,100,100,0.787878787878788,0,1.6969696969697,0.484848484848485,0.0909090909090909
1,3,2,3,4,1,1,100,100,100,0.514705882352941,0,0.676470588235294,0.176470588235294,0.0294117647058824
0,3,0,1,5,1,3,85.7142857142857,100,100,0.700680272108844,0,0.108843537414966,0.17687074829932,0.0340136054421769
0,3,0,1,5,1,1,75,100,100,0.65,0,0.3,0.316666666666667,0.133333333333333
0,3,0,0,4,1,2,87.5,100,100,1.09756097560976,0,0,0.268292682926829,0.0487804878048781
0,3,0,0,0,1,0,66.6666666666667,100,100,0.15,0,0,0.35,0.1
0,3,0,0,4,1,4,75,100,100,1.11538461538462,0,0.0128205128205128,0.192307692307692,0.0384615384615385
0,3,0,1,4,1,2,80,100,100,0.596491228070175,0,0.0526315789473684,0.228070175438596,0.12280701754386
1,2,0,1,3,1,1,82.2686487719647,84.743934697425,87.8672228878967,0.814814814814815,0,0.592592592592593,0.333333333333333,0.0740740740740741
1,3,0,1,4,1,2,100,100,100,0.587155963302752,0,0.403669724770642,0.146788990825688,0.0275229357798165
1,3,0,1,4,1,0,100,100,100,0.618181818181818,0,0.763636363636364,0.145454545454545,0.0363636363636364
0,3,0,1,4,1,0,82.2686487719647,84.743934697425,87.8672228878967,0.5,0,0.296875,0.1875,0.015625
0,3,0,1,4,1,0,82.2686487719647,84.743934697425,87.8672228878967,1.29411764705882,0,0.0588235294117647,0.352941176470588,0.117647058823529
0,3,0,1,4,1,0,100,85.7142857142857,100,0.64,0,0.02,0.26,0.08
1,3,0,0,4,1,0,100,75,100,0.833333333333333,0,0.0333333333333333,0.333333333333333,0.0333333333333333
1,3,0,3,4,1,2,100,100,100,0.560240963855422,0,0.174698795180723,0.180722891566265,0.036144578313253
1,3,0,1,4,1,1,100,100,100,0.591836734693878,0,0.0408163265306122,0.26530612244898,0.0408163265306122
0,3,0,1,4,1,2,100,88.8888888888889,100,1.41818181818182,0,1.12727272727273,0.163636363636364,0.0727272727272727
0,3,0,1,4,1,2,100,90,100,1.5049504950495,0,0.346534653465347,0.168316831683168,0.0693069306930693
0,3,0,1,4,1,2,100,75,100,0.522388059701492,0,0.104477611940299,0.208955223880597,0.0597014925373134
0,3,0,1,4,1,2,100,100,100,0.642857142857143,0,0.202380952380952,0.178571428571429,0.0833333333333333
1,3,0,1,4,1,0,100,75,100,0.866666666666667,0,0.111111111111111,0.266666666666667,0.0222222222222222
1,3,0,1,4,1,2,100,100,100,0.40952380952381,0,0.20952380952381,0.20952380952381,0.0476190476190476
0,3,0,1,4,1,0,100,100,100,0.771428571428571,0,0,0.314285714285714,0.0857142857142857
0,3,0,3,4,1,2,100,100,100,0.511627906976744,0,0.0232558139534884,0.348837209302326,0.0697674418604651
1,2,0,1,4,1,1,86.9565217391304,80.4347826086957,100,0.169230769230769,0,0.676923076923077,0.292307692307692,0.0461538461538462
0,2,0,1,4,1,4,90.9090909090909,87.8787878787879,100,0.802469135802469,0,1.08641975308642,0.222222222222222,0.0493827160493827
1,3,0,1,4,1,9,86.4197530864197,85.1851851851852,97.5308641975309,0.716312056737589,0.0638297872340425,0.368794326241135,0.319148936170213,0.0921985815602837
0,3,0,3,4,1,1,100,66.6666666666667,100,0.986666666666667,0,0.08,0.253333333333333,0.146666666666667
0,2,0,3,4,1,1,100,60,100,0.08125,0,0.00625,0.08125,0.0375
0,3,0,2,4,1,0,100,100,100,0.4375,0,0,0.375,0.0625
0,3,0,3,4,1,1,60,80,100,0.113207547169811,0,0,0.122641509433962,0.0188679245283019
0,3,0,2,4,1,0,33.3333333333333,66.6666666666667,100,2.33333333333333,0,0.0512820512820513,0.256410256410256,0.0512820512820513
0,3,0,3,4,1,0,60,80,100,0.269503546099291,0,0.468085106382979,0.198581560283688,0.0567375886524823
0,3,0,3,4,1,2,100,100,100,0.103448275862069,0,0,0.275862068965517,0.0344827586206897
0,3,0,3,4,1,1,100,100,100,0.935483870967742,0,0,0.225806451612903,0.032258064516129
0,3,0,2,4,1,1,100,100,100,0.830769230769231,0,0,0.123076923076923,0.0307692307692308
0,3,0,3,4,1,0,100,100,100,0.6,0,0.575,0.125,0.075
0,3,0,3,4,1,4,83.3333333333333,91.6666666666667,100,0.355769230769231,0,0.360576923076923,0.115384615384615,0.0384615384615385
0,1,0,3,4,1,0,50,75,100,0.166666666666667,0,1.13333333333333,0.233333333333333,0.1
0,1,0,2,0,1,1,100,100,100,0.0714285714285714,0,1.64285714285714,0.285714285714286,0.142857142857143
0,3,0,3,4,1,1,100,100,100,1.15384615384615,0,0.0384615384615385,0.115384615384615,0
0,3,0,1,4,1,0,100,100,100,5,0,0,0.333333333333333,0.166666666666667
0,3,0,1,4,1,0,100,100,100,1.30769230769231,0,0,0.230769230769231,0.0384615384615385
0,3,0,1,4,1,1,82.2686487719647,84.743934697425,87.8672228878967,0.363636363636364,0,0.0181818181818182,0.145454545454545,0.0363636363636364
0,3,0,1,4,1,0,100,100,100,1.22916666666667,0,0.0208333333333333,0.166666666666667,0
0,3,0,3,4,1,2,100,100,100,0.983333333333333,0,0,0.25,0.0333333333333333
0,0,0,3,4,1,2,100,100,100,0.584615384615385,0,0,0.169230769230769,0.0307692307692308
0,3,0,3,4,1,1,100,100,100,0.7,0,0,0.25,0
0,3,0,3,4,1,3,100,100,100,1.60176991150442,0,0.654867256637168,0.141592920353982,0.0442477876106195
0,2,0,3,4,1,3,100,85.7142857142857,100,1.88461538461538,0,0.576923076923077,0.166666666666667,0.0384615384615385
0,2,0,3,4,1,1,100,80,100,0.0606060606060606,0,0.871212121212121,0.151515151515152,0.053030303030303
1,2,0,3,4,1,2,100,100,100,0.0227272727272727,0,1,0.181818181818182,0.0454545454545455
1,3,0,3,4,1,5,100,100,100,0.639455782312925,0,0.299319727891156,0.17687074829932,0.0476190476190476
0,3,0,3,4,1,4,87.5,87.5,100,0.533333333333333,0,0.237037037037037,0.281481481481481,0.0592592592592593
0,3,0,2,4,1,0,100,100,100,0.625,0,0.0178571428571429,0.196428571428571,0.0357142857142857
0,3,0,3,4,1,0,100,100,100,0.125,0,0,0.125,0.03125
0,3,0,1,4,1,0,100,100,100,0.333333333333333,0,0,0.208333333333333,0.0833333333333333
0,3,0,3,4,1,0,100,100,100,1.53658536585366,0,0.024390243902439,0.170731707317073,0.024390243902439
0,3,0,3,4,1,2,100,100,100,0.65,0,0.05,0.15,0.075
0,3,0,3,4,1,1,100,100,100,0.888888888888889,0,0.037037037037037,0.148148148148148,0.0185185185185185
0,3,0,1,4,1,0,100,100,100,1.1304347826087,0,0.0217391304347826,0.152173913043478,0.0434782608695652
0,3,0,3,4,1,1,100,100,100,0.928571428571429,0,0.0178571428571429,0.0892857142857143,0.0357142857142857
0,3,0,3,4,1,0,100,100,100,0.48780487804878,0,0,0.158536585365854,0.0365853658536585
0,0,0,3,4,1,2,100,100,100,0.705882352941177,0,0,0.470588235294118,0.176470588235294
0,2,0,3,4,1,1,100,90.9090909090909,100,0.214285714285714,0,1.07142857142857,0.714285714285714,0.0714285714285714
0,2,0,0,4,1,1,100,87.5,100,0.909090909090909,0,1.63636363636364,0.727272727272727,0.181818181818182
0,2,0,3,4,1,2,91.6666666666667,91.6666666666667,100,0.75609756097561,0,0.926829268292683,0.195121951219512,0.0365853658536585
0,2,0,0,4,1,1,83.3333333333333,83.3333333333333,100,0.942857142857143,0,1.65714285714286,0.228571428571429,0.0571428571428571
1,2,0,3,4,1,1,100,100,100,2.24137931034483,0,1.24137931034483,0.344827586206897,0.103448275862069
0,3,0,2,4,1,1,82.2686487719647,84.743934697425,87.8672228878967,0.540983606557377,0,0.0327868852459016,0.163934426229508,0.0327868852459016
0,3,0,2,4,1,0,82.2686487719647,84.743934697425,87.8672228878967,3.31578947368421,0,0.0526315789473684,0.315789473684211,0.105263157894737
0,3,0,3,4,1,3,66.6666666666667,100,66.6666666666667,0.032967032967033,0,0,0.10989010989011,0.010989010989011
0,1,0,3,4,1,0,66.6666666666667,100,66.6666666666667,0.592592592592593,0,0,0.259259259259259,0
0,3,0,2,4,1,1,100,100,100,0.648648648648649,0,0,0.162162162162162,0.027027027027027
0,3,0,2,4,1,1,82.2686487719647,84.743934697425,87.8672228878967,0.648648648648649,0,0,0.216216216216216,0
0,3,0,3,4,1,1,82.2686487719647,84.743934697425,87.8672228878967,1.41666666666667,0,0,0.194444444444444,0.0555555555555556
0,3,0,3,4,1,1,82.2686487719647,84.743934697425,87.8672228878967,0.0833333333333333,0,0,0.133333333333333,0.05
0,1,2,3,4,1,1,100,100,100,0.0253164556962025,0,0.0253164556962025,0.113924050632911,0.0126582278481013
0,1,0,3,4,1,0,100,100,100,0.176470588235294,0,0.0294117647058824,0.117647058823529,0.0588235294117647
0,2,0,3,4,1,0,100,100,100,0.34375,0,0,0.15625,0
0,0,2,2,4,1,1,100,100,100,1,0,0,0.384615384615385,0.153846153846154
1,3,2,3,4,1,3,88.8888888888889,100,100,0.932291666666667,0,0.546875,0.166666666666667,0.03125
0,2,0,1,4,1,1,100,87.5,100,0.652173913043478,0,1.30434782608696,0.347826086956522,0.0434782608695652
0,2,0,1,4,1,0,100,90,100,0.774193548387097,0,1.70967741935484,0.258064516129032,0.0645161290322581
0,2,0,0,4,1,1,85.7142857142857,100,100,0.513513513513513,0,1.18918918918919,0.216216216216216,0.0540540540540541
0,2,0,0,4,1,1,87.5,87.5,100,1.36842105263158,0,3.21052631578947,0.421052631578947,0.157894736842105
0,2,0,0,4,1,2,83.3333333333333,100,100,0.909090909090909,0,1.56818181818182,0.181818181818182,0.0681818181818182
0,2,0,0,4,1,0,75,100,100,0.651162790697674,0,1,0.13953488372093,0.0697674418604651
1,2,0,1,4,1,0,100,100,100,0.156862745098039,0,1.33333333333333,0.215686274509804,0.0784313725490196
1,2,0,1,4,1,1,100,100,100,0.0408163265306122,0,1.1734693877551,0.0918367346938776,0.0306122448979592
0,0,0,3,4,1,1,66.6666666666667,55.5555555555556,77.7777777777778,0.833333333333333,0,0.0952380952380952,0.404761904761905,0.0714285714285714
0,3,0,2,4,1,0,82.2686487719647,84.743934697425,87.8672228878967,0.636363636363636,0,0.0303030303030303,0.242424242424242,0.0606060606060606
0,3,0,3,4,1,0,82.2686487719647,84.743934697425,87.8672228878967,0.0238095238095238,0,0.0238095238095238,0.142857142857143,0.0238095238095238
0,0,2,3,4,1,3,100,100,100,0.80952380952381,0,0.111111111111111,0.206349206349206,0.0476190476190476
0,0,2,2,4,1,0,100,100,100,0.416666666666667,0,0,0.333333333333333,0
0,2,0,1,4,1,0,85.7142857142857,85.7142857142857,100,0.838709677419355,0,2.2258064516129,0.32258064516129,0.0967741935483871
0,3,0,1,4,1,0,88.8888888888889,88.8888888888889,100,1,0,2.66666666666667,0.4,0.133333333333333
0,3,0,1,4,1,0,93.1034482758621,93.1034482758621,100,1.15909090909091,0,2.15909090909091,0.227272727272727,0.0681818181818182
0,3,0,1,4,1,3,91.8032786885246,93.4426229508197,100,0.796296296296296,0,1.31481481481481,0.222222222222222,0.037037037037037
0,2,0,1,4,1,5,91.1764705882353,83.8235294117647,100,0.690909090909091,0,1.14545454545455,0.2,0.136363636363636
1,2,0,1,3,1,4,90.6976744186046,81.3953488372093,97.6744186046512,1.83870967741935,0,1.37096774193548,0.209677419354839,0.112903225806452
0,3,0,1,4,1,1,100,100,100,0.645569620253165,0.569620253164557,1.21518987341772,0.139240506329114,0.0506329113924051
0,3,0,1,4,1,2,100,100,100,0.0431034482758621,0.0172413793103448,1.47413793103448,0.155172413793103,0.0344827586206897
0,3,0,1,4,1,6,95.2380952380952,80.9523809523809,90.4761904761905,1.01234567901235,0.925925925925926,1.81481481481481,0.246913580246914,0.160493827160494
0,3,0,0,4,1,4,92.3076923076923,76.9230769230769,92.3076923076923,0.618181818181818,0.472727272727273,1.27272727272727,0.327272727272727,0.163636363636364
0,3,0,0,4,1,3,91.6666666666667,83.3333333333333,91.6666666666667,0.0494505494505494,0.010989010989011,0.565934065934066,0.181318681318681,0.0659340659340659
0,3,0,1,4,1,4,100,100,100,0.743119266055046,0.486238532110092,1.02752293577982,0.137614678899083,0.0275229357798165
0,3,0,0,4,1,0,100,100,100,2.88461538461538,2.34615384615385,2.23076923076923,0.346153846153846,0.115384615384615
0,3,0,0,4,1,3,42.8571428571429,46.4285714285714,50,0.548387096774194,0.483870967741935,1.2258064516129,0.241935483870968,0.0645161290322581
0,3,0,1,4,1,3,42.8571428571429,50,57.1428571428571,0.570247933884298,0.56198347107438,1.01652892561983,0.15702479338843,0.0743801652892562
0,3,0,0,0,1,0,100,100,100,1,1,14,7,1
0,3,0,1,4,1,1,100,100,100,0.107142857142857,0,0.0178571428571429,0.267857142857143,0.0357142857142857
0,3,0,1,4,1,0,100,100,100,0.740740740740741,0.0740740740740741,0.592592592592593,0.296296296296296,0.0740740740740741
0,3,0,0,4,1,0,100,100,100,0.652173913043478,0.652173913043478,1.8695652173913,0.260869565217391,0
0,3,0,0,4,1,0,100,100,100,0.536585365853659,0.463414634146341,1.39024390243902,0.24390243902439,0.0487804878048781
0,3,0,1,4,1,1,100,100,100,0.814814814814815,0.814814814814815,2.48148148148148,0.296296296296296,0.111111111111111
0,3,0,1,4,1,0,71.0526315789474,68.4210526315789,71.0526315789474,0.454545454545455,0.363636363636364,3.72727272727273,0.909090909090909,0.818181818181818
1,3,0,1,4,1,2,53.4883720930233,60.4651162790698,58.1395348837209,0.292452830188679,0.10377358490566,0.5,0.19811320754717,0.0660377358490566
0,3,0,1,4,1,0,11.1111111111111,33.3333333333333,44.4444444444444,0.805555555555556,0.25,1.94444444444444,0.222222222222222,0.0555555555555556
1,3,0,1,4,1,2,69.2307692307692,76.9230769230769,92.3076923076923,0.551282051282051,0.423076923076923,0.955128205128205,0.192307692307692,0.0641025641025641
0,3,0,1,4,1,2,90,80,100,1,0.760869565217391,1.30434782608696,0.173913043478261,0.0652173913043478
1,3,0,1,4,1,0,85.7142857142857,85.7142857142857,100,1.02941176470588,1,1.58823529411765,0.323529411764706,0.0882352941176471
1,3,0,3,4,1,4,80.9523809523809,76.1904761904762,85.7142857142857,0.624365482233503,0.350253807106599,0.573604060913706,0.228426395939086,0.147208121827411
0,3,0,3,4,1,4,80,70,90,1.92452830188679,0.509433962264151,0.245283018867925,0.19811320754717,0.0471698113207547
0,3,0,3,4,1,2,85.7142857142857,57.1428571428571,85.7142857142857,0.151162790697674,0.0116279069767442,1,0.162790697674419,0.0813953488372093
0,3,0,3,4,1,2,83.3333333333333,66.6666666666667,100,0.536170212765957,0.4,0.838297872340426,0.127659574468085,0.0468085106382979
0,3,0,0,4,1,2,100,100,100,0.8,0.75,1.5,0.3,0.1
0,3,0,1,5,1,7,100,100,100,0.738461538461539,0.488461538461538,1.26538461538462,0.176923076923077,0.0653846153846154
1,3,0,1,4,1,1,75,75,87.5,0.935483870967742,0.290322580645161,2.09677419354839,0.32258064516129,0.0645161290322581
1,2,0,1,4,1,4,50,100,100,1.04347826086957,0.0434782608695652,2.21739130434783,0.304347826086957,0.0869565217391304
1,2,0,1,4,1,1,100,100,100,1.36363636363636,1.27272727272727,2.27272727272727,0.727272727272727,0.0909090909090909
1,3,0,1,4,1,0,100,75,75,0.787878787878788,0.727272727272727,1.27272727272727,0.333333333333333,0.0606060606060606
1,2,0,3,4,1,5,85,85,90,0.470967741935484,0.0967741935483871,0.664516129032258,0.148387096774194,0.161290322580645
0,0,2,3,4,1,0,87.5,62.5,87.5,1.47058823529412,0.117647058823529,0.588235294117647,0.588235294117647,0.176470588235294
0,0,0,3,4,1,2,85.7142857142857,57.1428571428571,85.7142857142857,0.128205128205128,0,0.769230769230769,0.205128205128205,0.128205128205128
0,1,0,3,4,1,0,75,50,100,1.375,0.75,1.625,0.625,0.625
0,1,0,3,4,1,0,66.6666666666667,33.3333333333333,100,1.27272727272727,1.18181818181818,1,0.454545454545455,0.272727272727273
0,3,0,3,4,1,0,100,100,100,0.727272727272727,0.636363636363636,0.227272727272727,0.227272727272727,0.0454545454545455
0,3,0,3,4,1,1,100,100,100,1.05882352941176,0.470588235294118,0.764705882352941,0.352941176470588,0.117647058823529
1,3,0,0,4,1,0,88.2352941176471,72.5490196078431,98.0392156862745,0.704545454545455,0,1.81818181818182,0.386363636363636,0.0681818181818182
1,3,0,1,4,1,9,95.4545454545455,80.3030303030303,98.4848484848485,0.813953488372093,0.344186046511628,1.43255813953488,0.213953488372093,0.0558139534883721
1,3,0,1,4,1,2,83.3333333333333,50,83.3333333333333,0.701492537313433,0.402985074626866,1.47761194029851,0.194029850746269,0.0597014925373134
1,3,0,1,4,1,0,83.3333333333333,66.6666666666667,83.3333333333333,1.10344827586207,0.310344827586207,1.62068965517241,0.275862068965517,0.103448275862069
1,2,0,1,4,1,2,100,100,100,1.09375,0.484375,2.234375,0.171875,0.0625
1,3,0,1,4,1,3,85.4545454545455,76.3636363636364,96.3636363636364,0.377358490566038,0.141509433962264,1.76415094339623,0.226415094339623,0.0377358490566038
1,3,2,3,4,1,1,50,50,50,0.2,0,0.395121951219512,0.11219512195122,0.0731707317073171
1,0,2,3,4,1,1,100,100,100,0.0277777777777778,0,0.0277777777777778,0,0.0277777777777778
1,0,2,3,4,1,1,66.6666666666667,66.6666666666667,66.6666666666667,0.0793650793650794,0,0.0158730158730159,0,0.0476190476190476
1,0,2,3,4,1,1,60,60,100,0.427083333333333,0,0.0104166666666667,0,0.03125
0,1,2,3,4,1,3,77.7777777777778,77.7777777777778,100,0.566929133858268,0,0.511811023622047,0.062992125984252,0.062992125984252
0,3,2,3,4,1,1,57.1428571428571,71.4285714285714,85.7142857142857,0.394957983193277,0,0.151260504201681,0,0.0840336134453782
0,1,2,3,4,1,2,66.6666666666667,100,66.6666666666667,0.611764705882353,0,0.0117647058823529,0,0.0588235294117647
1,3,2,3,4,1,3,93.75,87.5,81.25,0.443181818181818,0,0.170454545454545,0.221590909090909,0.153409090909091
0,1,2,3,4,1,6,80,100,100,0.0939597315436242,0,0.61744966442953,0.0335570469798658,0.0604026845637584
0,1,2,3,4,1,4,91.6666666666667,83.3333333333333,100,0.272357723577236,0,0.451219512195122,0.0813008130081301,0.0772357723577236
0,3,0,3,4,1,2,87.5,87.5,100,0.607843137254902,0,1.01960784313725,0.372549019607843,0.0784313725490196
0,2,0,3,2,1,0,82.2686487719647,84.743934697425,87.8672228878967,0.604651162790698,0,1.09302325581395,0.186046511627907,0.0697674418604651
0,0,2,3,4,1,0,82.2686487719647,84.743934697425,87.8672228878967,0.166666666666667,0,1.41666666666667,0.166666666666667,0.166666666666667
0,0,2,2,4,1,2,100,100,100,0.507246376811594,0,0.840579710144927,0,0.0289855072463768
0,1,2,3,4,1,3,100,100,100,0.223255813953488,0,0.0186046511627907,0,0.0697674418604651
0,1,2,1,4,1,0,100,100,100,0.5,0,0.0277777777777778,0,0.0833333333333333
0,1,0,1,4,1,2,100,100,50,0.382113821138211,0,0,0,0.0487804878048781
0,0,2,1,4,0,1,100,100,100,0.142857142857143,0,0.0075187969924812,0,0.0300751879699248
1,1,2,3,4,1,2,87.5,50,100,0.481081081081081,0,0.264864864864865,0.0540540540540541,0.0432432432432432
1,1,2,3,4,1,5,100,50,100,0.0641711229946524,0,0.679144385026738,0.155080213903743,0.0320855614973262
1,1,2,3,4,1,0,100,100,100,2.55384615384615,0,0.938461538461538,0.2,0.0153846153846154
1,1,0,2,4,1,1,100,66.6666666666667,100,0.697368421052632,0,1.22368421052632,0.210526315789474,0.0394736842105263
1,3,0,3,4,1,1,77.7777777777778,66.6666666666667,100,0.0294117647058824,0,1.14705882352941,0.25,0.0588235294117647
1,3,0,3,4,1,5,86.9565217391304,78.2608695652174,100,0.495867768595041,0,0.727272727272727,0.198347107438017,0.0661157024793388
0,3,0,3,2,1,0,88.2352941176471,76.4705882352941,100,0.888888888888889,0,1.55555555555556,0.444444444444444,0.12962962962963
0,3,0,3,4,1,1,82.2686487719647,84.743934697425,87.8672228878967,1,0,2.04255319148936,0.25531914893617,0.106382978723404
0,0,0,2,4,1,2,82.2686487719647,84.743934697425,87.8672228878967,0.491803278688525,0,0.836065573770492,0.147540983606557,0.0327868852459016
0,2,2,2,4,1,1,82.2686487719647,84.743934697425,87.8672228878967,0.0444444444444444,0,1.33333333333333,0.2,0.0666666666666667
1,1,2,1,4,1,2,100,100,83.3333333333333,0.146067415730337,0,0.0112359550561798,0,0.0561797752808989
0,1,2,3,4,1,1,100,50,100,0.032258064516129,0,0.473118279569892,0,0.0860215053763441
0,0,2,3,4,1,3,100,100,100,0.166666666666667,0,1.21666666666667,0.0833333333333333,0.05
1,0,2,3,4,1,1,100,100,100,0.181818181818182,0,1.68181818181818,0.454545454545455,0.0909090909090909
1,1,2,3,4,1,2,100,100,100,0.0555555555555556,0,0.925925925925926,0.222222222222222,0.037037037037037
1,1,0,2,4,1,0,100,100,100,0.0588235294117647,0,1.47058823529412,0.352941176470588,0
1,3,0,3,4,1,1,80,60,100,1.18181818181818,0,1.38181818181818,0.218181818181818,0.0363636363636364
1,0,2,3,4,1,1,66.6666666666667,66.6666666666667,100,1.85294117647059,0,1.76470588235294,0.235294117647059,0.0882352941176471
0,0,2,3,4,1,1,100,100,100,0.725,0,1.575,0.15,0.075
1,0,2,3,4,1,1,100,66.6666666666667,100,0.924528301886792,0,1.77358490566038,0.169811320754717,0.0566037735849057
1,0,2,3,4,1,1,100,66.6666666666667,100,0.780821917808219,0,1.19178082191781,0.136986301369863,0.0273972602739726
1,3,2,3,4,1,3,80,80,100,1.25842696629213,0.0224719101123595,0.651685393258427,0.134831460674157,0.0449438202247191
1,1,2,3,4,1,1,75,100,100,0.108695652173913,0,1.3695652173913,0.282608695652174,0.0434782608695652
1,1,0,3,4,1,1,100,50,100,0.0357142857142857,0,1.32142857142857,0.214285714285714,0.0357142857142857
1,3,2,3,4,1,3,80,60,100,0.0793650793650794,0,1.46031746031746,0.222222222222222,0.0476190476190476
0,1,2,3,4,1,3,85.7142857142857,100,100,1.18604651162791,0,0,0.162790697674419,0.0465116279069767
1,1,2,1,4,1,3,100,100,100,0.274611398963731,0,0,0.0414507772020725,0.0414507772020725
0,3,2,3,4,1,8,100,100,100,0.551807228915663,0,0.0072289156626506,0.125301204819277,0.0530120481927711
0,1,2,3,4,1,4,87.5,100,100,1.3134328358209,0,0,0.164179104477612,0.0746268656716418
0,1,0,3,4,1,2,80,100,100,0.473684210526316,0,0,0.184210526315789,0.0789473684210526
1,3,2,3,4,1,4,81.25,87.5,93.75,0.697167755991285,0,0.281045751633987,0.172113289760349,0.0457516339869281
0,0,2,3,4,1,1,66.6666666666667,100,100,0.526881720430108,0,0,0.139784946236559,0.0752688172043011
1,1,2,3,4,1,2,83.3333333333333,100,100,0.804347826086957,0,0.108695652173913,0.152173913043478,0.119565217391304
0,3,2,3,4,1,0,100,100,100,0.166666666666667,0,0.0384615384615385,0.0897435897435897,0.0769230769230769
0,3,0,3,3,1,2,100,100,100,0.0294117647058824,0,0,0.132352941176471,0.0294117647058824
1,3,0,3,4,1,5,91.6666666666667,91.6666666666667,100,0.377483443708609,0,0.443708609271523,0.132450331125828,0.0596026490066225
0,2,2,2,4,1,0,100,100,100,2.17543859649123,0,1,0.228070175438596,0.0526315789473684
0,0,2,2,4,1,1,82.2686487719647,84.743934697425,87.8672228878967,0.111111111111111,0,2.22222222222222,0.611111111111111,0.166666666666667
0,0,2,2,4,1,0,82.2686487719647,84.743934697425,87.8672228878967,2.78947368421053,0,1.05263157894737,0.210526315789474,0.0526315789473684
1,2,2,3,4,1,4,100,50,100,0.479166666666667,0,0.708333333333333,0.183333333333333,0.0333333333333333
0,3,2,3,4,1,0,80,80,90,1.15686274509804,0,0.549019607843137,0.235294117647059,0.156862745098039
1,3,0,3,4,1,1,83.3333333333333,83.3333333333333,100,0.62,0,0.73,0.12,0.04
1,2,0,2,3,1,0,82.2686487719647,84.743934697425,87.8672228878967,0.75,0,0.833333333333333,0.194444444444444,0.0555555555555556
1,2,2,3,4,1,1,85.7142857142857,71.4285714285714,85.7142857142857,0.790697674418605,0,0.758139534883721,0.195348837209302,0.0372093023255814
1,2,2,3,4,1,2,77.7777777777778,88.8888888888889,88.8888888888889,0.260869565217391,0,0.463768115942029,0.289855072463768,0.101449275362319
1,3,0,3,4,1,4,90.625,75,96.875,0.60377358490566,0.0566037735849057,0.636792452830189,0.221698113207547,0.0754716981132075
1,2,2,3,4,1,3,66.6666666666667,100,100,0.752293577981651,0,0.0458715596330275,0.155963302752294,0.0458715596330275
1,2,2,3,4,1,5,70,90,90,0.324503311258278,0,0.112582781456954,0.185430463576159,0.0596026490066225
1,2,0,3,4,1,3,88.2352941176471,88.2352941176471,88.2352941176471,0.116279069767442,0,0.798449612403101,0.193798449612403,0.0852713178294574
1,2,0,1,4,1,2,100,100,100,0.0882352941176471,0,1.91176470588235,0.382352941176471,0.205882352941176
1,2,0,3,4,1,1,92.8571428571429,92.8571428571429,92.8571428571429,0.782608695652174,0,0.826086956521739,0.282608695652174,0.130434782608696
1,2,0,3,4,1,2,87.5,87.5,87.5,2.53333333333333,0,0.533333333333333,0.333333333333333,0.0666666666666667
1,3,2,3,4,1,4,88.8888888888889,88.8888888888889,100,0.497512437810945,0,0.0696517412935323,0,0.0497512437810945
1,3,0,3,4,1,0,75,100,100,0.0384615384615385,0,0.115384615384615,0,0.0961538461538462
1,3,2,3,4,1,3,100,80,100,0.244897959183673,0,0,0,0.0408163265306122
1,3,2,3,4,1,2,84.1269841269841,84.1269841269841,93.6507936507936,0.905511811023622,0.21259842519685,0.535433070866142,0.637795275590551,0.0708661417322835
0,0,2,0,4,1,0,100,100,100,0.823529411764706,0,0.823529411764706,0.647058823529412,0.0588235294117647
1,2,2,3,4,1,1,100,100,100,0.301369863013699,0,0.397260273972603,0.301369863013699,0.0547945205479452
0,0,2,1,4,1,0,100,100,100,0.636363636363636,0,0.636363636363636,1.09090909090909,0.363636363636364
0,0,2,0,4,1,1,100,100,100,0.0280373831775701,0,0.317757009345794,0,0.00934579439252336
0,0,2,0,4,1,1,100,100,100,1,0,0,0.75,0
0,0,2,0,4,1,0,100,100,50,0.3125,0,0.0625,0,0.1875
0,0,2,0,4,1,2,100,100,50,0.222222222222222,0,0.037037037037037,0.148148148148148,0.0740740740740741
1,3,2,3,4,1,3,92.8571428571429,92.8571428571429,85.7142857142857,0.345323741007194,0,0.158273381294964,0.0863309352517986,0.0431654676258993
1,3,0,3,4,1,1,100,87.5,100,1.6,0,0.1,0,0.1
1,1,2,3,2,1,0,82.2686487719647,84.743934697425,87.8672228878967,21.3333333333333,0,0.333333333333333,0,1.33333333333333
0,0,2,0,2,1,0,82.2686487719647,84.743934697425,87.8672228878967,0.25,0,0,0,0.0833333333333333
0,0,2,0,2,1,0,100,100,100,0.342857142857143,0,0.0285714285714286,0,0.114285714285714
0,0,2,0,2,1,0,100,100,100,0.411764705882353,0,0.323529411764706,0,0.0294117647058824
0,1,2,3,4,1,0,50,100,50,1.58974358974359,0,1.53846153846154,0.179487179487179,0.153846153846154
0,1,2,3,4,1,0,100,100,100,0.461538461538462,0,0,0.538461538461538,0.153846153846154
0,1,2,3,4,1,0,66.6666666666667,100,66.6666666666667,0.274809160305344,0,0.00763358778625954,0.0229007633587786,0.0305343511450382
0,3,2,3,4,1,5,66.6666666666667,100,66.6666666666667,0.556701030927835,0,0.00515463917525773,0.0463917525773196,0.0463917525773196
0,0,0,3,4,1,1,80,40,80,0.860759493670886,0,0,0.177215189873418,0.0506329113924051
0,0,0,3,4,1,0,100,100,100,1,0,0,0.7,0.3
0,3,2,3,4,1,1,70,60,80,0.687022900763359,0,0.00763358778625954,0.16030534351145,0.0610687022900763
1,2,2,3,4,1,5,80,66.6666666666667,86.6666666666667,0.52760736196319,0,0.0306748466257669,0.202453987730061,0.049079754601227
0,0,2,2,4,1,0,100,100,100,0.815789473684211,0,0,0.157894736842105,0.0526315789473684
0,0,2,3,4,1,0,100,100,100,1.27777777777778,0,0,0.0555555555555556,0.0740740740740741
0,0,2,2,4,1,3,66.6666666666667,83.3333333333333,66.6666666666667,0.242990654205607,0,0.0186915887850467,0.0186915887850467,0.130841121495327
0,0,2,2,4,1,3,77.7777777777778,77.7777777777778,77.7777777777778,1.13740458015267,0,0.0152671755725191,0.0687022900763359,0.0763358778625954
0,0,2,2,4,1,0,100,75,100,0.25,0,0,0.35,0.1
1,0,2,3,4,1,0,83.3333333333333,83.3333333333333,83.3333333333333,1.04123711340206,0,0.0103092783505155,0.154639175257732,0.0412371134020619
0,0,2,1,4,0,0,100,100,100,0.75,0,0.25,0,0.5
0,0,2,0,4,1,4,82.2686487719647,84.743934697425,87.8672228878967,1.03636363636364,0,0.0121212121212121,0,0.0484848484848485
0,0,2,0,4,1,3,82.2686487719647,84.743934697425,87.8672228878967,0.814814814814815,0,0.00740740740740741,0,0.037037037037037
0,0,2,1,4,0,0,82.2686487719647,84.743934697425,87.8672228878967,0.15625,0,0,0,0.0625
0,1,2,1,4,1,0,82.2686487719647,84.743934697425,87.8672228878967,1.95454545454545,0,0,0.0454545454545455,0.0909090909090909
0,1,2,3,4,1,2,61.5384615384615,76.9230769230769,76.9230769230769,0.277777777777778,0,0.037037037037037,0.351851851851852,0.185185185185185
0,1,2,1,4,1,1,70,80,100,0.234309623430962,0,0.00836820083682008,0.100418410041841,0.0418410041841004
0,1,2,1,3,1,0,100,100,100,1.03703703703704,0,0,0.111111111111111,0.0740740740740741
0,0,2,0,4,1,0,82.2686487719647,84.743934697425,87.8672228878967,0.592592592592593,0,0,0,0.0740740740740741
1,1,2,3,4,1,1,66.6666666666667,77.7777777777778,88.8888888888889,0.247933884297521,0,0.0247933884297521,0.256198347107438,0.0661157024793388
0,1,2,3,4,1,4,100,100,66.6666666666667,0.510822510822511,0,0.00432900432900433,0.16017316017316,0.0432900432900433
1,1,2,1,4,1,2,82.2686487719647,84.743934697425,87.8672228878967,0.541666666666667,0,0,0.416666666666667,0.208333333333333
1,2,2,3,4,1,0,100,100,100,0.157894736842105,0,0,0,0
1,2,0,1,4,1,0,100,100,100,0.214285714285714,0,0,0,0
0,3,0,3,4,1,1,86.6666666666667,73.3333333333333,100,0.170454545454545,0,1.10227272727273,0.159090909090909,0.0568181818181818
0,3,0,1,4,1,1,82.2686487719647,84.743934697425,87.8672228878967,0.752136752136752,0,0.726495726495726,0.153846153846154,0.0512820512820513
0,2,0,3,4,1,1,100,75,100,1,0,0,0.266666666666667,0.133333333333333
0,3,0,3,4,1,1,50,75,75,0.578947368421053,0,0.0526315789473684,0.473684210526316,0
0,3,0,3,4,1,1,100,100,100,0.473684210526316,0,0.0526315789473684,0.263157894736842,0.0789473684210526
0,0,2,3,4,1,0,100,100,100,0.157894736842105,0,0.842105263157895,0.473684210526316,0.105263157894737
0,0,2,1,3,1,0,82.2686487719647,84.743934697425,87.8672228878967,2.52380952380952,0,0.666666666666667,0.19047619047619,0.142857142857143
0,1,0,1,4,1,1,100,100,50,0.125,0,0,0,0.078125
0,3,0,3,4,1,4,89.7435897435898,97.4358974358974,100,0.80952380952381,0,0.972789115646258,0.183673469387755,0.0408163265306122
1,2,0,1,2,1,0,100,100,100,0.285714285714286,0,0.857142857142857,0.428571428571429,0.107142857142857
0,3,0,3,4,1,0,82.2686487719647,84.743934697425,87.8672228878967,0.462962962962963,0,0.814814814814815,0.240740740740741,0.037037037037037
0,0,2,0,4,1,0,100,100,100,0.136363636363636,0,0.00909090909090909,0,0.0272727272727273
0,1,2,1,3,1,1,100,100,100,0.466666666666667,0,0,0.6,0.133333333333333
0,3,0,1,4,1,0,100,50,100,0.526315789473684,0,0.894736842105263,0.210526315789474,0
0,3,0,1,4,1,0,82.2686487719647,84.743934697425,87.8672228878967,4.61538461538461,0,1.30769230769231,0.307692307692308,0.0769230769230769
0,3,0,1,4,1,1,100,100,100,0.75,0,1.20833333333333,0.291666666666667,0.0833333333333333
1,3,0,3,4,1,0,100,66.6666666666667,100,0.592592592592593,0,1.01851851851852,0.222222222222222,0.0462962962962963
0,3,0,1,4,1,0,100,66.6666666666667,100,1.54545454545455,0,3.45454545454545,0.454545454545455,0.0909090909090909
0,3,0,0,4,1,0,100,66.6666666666667,100,1.1,0,1.2,0.166666666666667,0
0,3,0,0,3,1,0,100,100,100,1.73913043478261,0,1.60869565217391,0.260869565217391,0
0,3,0,0,4,1,1,100,50,100,0.466666666666667,0,0.816666666666667,0.183333333333333,0.0333333333333333
0,3,0,1,4,1,0,100,100,100,1.14545454545455,0,1.14545454545455,0.163636363636364,0.0545454545454545
0,3,0,1,0,1,0,82.2686487719647,84.743934697425,87.8672228878967,0.416666666666667,0,1.5,0.416666666666667,0.0833333333333333
0,3,0,3,4,1,3,82.2686487719647,84.743934697425,87.8672228878967,0.181818181818182,0,1.02272727272727,0.295454545454545,0.0454545454545455
1,3,0,3,3,1,1,82.2686487719647,84.743934697425,87.8672228878967,0.234375,0,0.7265625,0.109375,0.0390625
1,3,0,1,0,1,1,82.2686487719647,84.743934697425,87.8672228878967,0.435897435897436,0,1.17948717948718,0.205128205128205,0.0512820512820513
1,3,0,1,0,1,2,100,100,100,0.811320754716981,0,0.905660377358491,0.245283018867925,0.0377358490566038
0,3,0,0,5,1,2,100,100,66.6666666666667,0.791666666666667,0,1.16666666666667,0.291666666666667,0.0416666666666667
0,3,0,0,5,1,0,100,75,75,1.36363636363636,0,1.5,0.227272727272727,0.0454545454545455
0,3,0,0,5,1,0,100,50,100,1.2,0,1.28,0.2,0.04
0,3,0,0,4,1,0,100,100,100,0.9375,0,2.5625,0.375,0.125
0,3,0,0,4,1,2,82.2686487719647,84.743934697425,87.8672228878967,0.622641509433962,0,1.0377358490566,0.132075471698113,0.0188679245283019
0,3,0,0,4,1,0,100,100,100,0.967741935483871,0,1.19354838709677,0.193548387096774,0.032258064516129
0,3,0,1,4,1,0,50,100,100,1.53846153846154,0,1.69230769230769,0.192307692307692,0.0384615384615385
1,2,0,1,3,1,0,88.8888888888889,85.1851851851852,96.2962962962963,2.85714285714286,0,1.38095238095238,0.333333333333333,0.0476190476190476
1,2,0,1,3,1,1,87.5,83.3333333333333,95.8333333333333,0.792207792207792,0,0.805194805194805,0.194805194805195,0.025974025974026
0,2,0,1,3,1,2,85,80,100,0.545454545454545,0,1.05454545454545,0.254545454545455,0.0545454545454545
1,3,0,1,3,1,2,88.8888888888889,85.1851851851852,96.2962962962963,0.711864406779661,0,1.08474576271186,0.457627118644068,0.0508474576271186
0,3,0,0,5,1,0,87.5,87.5,93.75,0.333333333333333,0,6.33333333333333,1.66666666666667,0.333333333333333
0,3,0,0,5,1,2,85,85,95,0.8125,0,1.125,0.40625,0.0625
0,3,0,1,4,1,2,93.75,87.5,93.75,0.782608695652174,0,1.65217391304348,0.434782608695652,0.0434782608695652
0,3,0,0,4,1,0,100,100,100,0.961538461538462,0,0.923076923076923,0.153846153846154,0.0384615384615385
0,3,0,1,4,1,1,50,100,100,1.80952380952381,0,1.61904761904762,0.238095238095238,0
0,3,0,1,4,1,0,100,100,100,0.606060606060606,0,1.15151515151515,0.212121212121212,0
0,3,0,1,4,1,0,82.2686487719647,84.743934697425,87.8672228878967,0.8,0,1.43333333333333,0.233333333333333,0.0333333333333333
0,3,0,1,4,1,1,50,100,100,0.91304347826087,0,1.32608695652174,0.173913043478261,0.0652173913043478
0,3,0,0,0,1,2,89.4736842105263,89.4736842105263,94.7368421052632,0.75,0,1.33333333333333,0.583333333333333,0.0833333333333333
0,3,0,1,4,1,13,91.3793103448276,89.6551724137931,98.2758620689655,0.591022443890274,0,0.72568578553616,0.13216957605985,0.0498753117206983
0,3,0,1,4,1,0,90.4761904761905,85.7142857142857,95.2380952380952,0.112903225806452,0,0.790322580645161,0.17741935483871,0.0161290322580645
0,3,0,1,4,1,4,86.6666666666667,93.3333333333333,93.3333333333333,0.666666666666667,0,1.39880952380952,0.172619047619048,0.0357142857142857
0,2,0,0,4,1,1,82.2686487719647,84.743934697425,87.8672228878967,0.647727272727273,0,0.784090909090909,0.204545454545455,0.0568181818181818
0,2,0,1,4,1,3,82.2686487719647,84.743934697425,87.8672228878967,0.526666666666667,0,0.593333333333333,0.426666666666667,0.106666666666667
0,3,0,1,4,1,2,100,83.3333333333333,100,0.596153846153846,0.301282051282051,1.19230769230769,0.435897435897436,0.0705128205128205
0,3,0,1,4,1,5,100,85.7142857142857,100,0.574626865671642,0.276119402985075,0.91044776119403,0.216417910447761,0.0447761194029851
1,3,0,0,4,1,1,92.8571428571429,92.8571428571429,100,1.20454545454545,0,1.68181818181818,0.295454545454545,0.0681818181818182
1,3,0,1,4,1,10,96.2264150943396,92.4528301886792,98.1132075471698,0.462686567164179,0,0.606965174129353,0.176616915422886,0.0572139303482587
0,2,0,1,4,1,2,100,100,100,0.515151515151515,0.484848484848485,2.21212121212121,0.272727272727273,0.0606060606060606
0,3,0,1,4,1,0,100,100,100,1.375,1.33333333333333,1.54166666666667,0.333333333333333,0.0416666666666667
0,3,0,0,4,1,0,88.8888888888889,77.7777777777778,94.4444444444444,0.125,0,3.3125,0.6875,0.1875
0,3,0,0,4,1,1,100,50,100,0.892857142857143,0.857142857142857,1.78571428571429,0.285714285714286,0
0,3,0,0,4,1,0,88.2352941176471,76.4705882352941,94.1176470588235,0.823529411764706,0.823529411764706,2.02941176470588,0.235294117647059,0.0294117647058824
0,3,0,1,4,1,2,88.8888888888889,85.1851851851852,92.5925925925926,1.3,1.175,1.9,0.3,0.05
1,3,0,1,4,1,2,82.2686487719647,84.743934697425,87.8672228878967,0.612903225806452,0,1.2258064516129,0.193548387096774,0.032258064516129
1,3,0,1,4,1,6,88.8888888888889,85.1851851851852,100,0.864779874213837,0,1.08490566037736,0.122641509433962,0.0377358490566038
0,2,0,1,3,1,2,66.6666666666667,66.6666666666667,100,0.446153846153846,0,0.815384615384615,0.2,0.0307692307692308
0,3,0,1,4,1,0,100,100,100,1.625,1.5,3.625,1,0.0625
0,2,0,1,4,1,1,85.7142857142857,100,100,1.55555555555556,1.44444444444444,2.22222222222222,0.444444444444444,0
0,3,0,1,4,1,1,75,100,100,1.12,1.12,2.2,0.24,0.04
0,2,0,1,3,1,1,75,100,100,1.75,1.75,4.125,0.4375,0.125
0,3,0,1,2,1,0,66.6666666666667,66.6666666666667,100,3.10526315789474,3.05263157894737,3.78947368421053,0.368421052631579,0.0526315789473684
0,3,0,1,2,1,1,66.6666666666667,66.6666666666667,100,2.7,2.4,3.2,0.4,0.05
0,3,0,1,2,1,0,66.6666666666667,66.6666666666667,100,0.3,0,2.35,0.3,0.05
1,2,0,1,4,1,3,85.1851851851852,81.4814814814815,96.2962962962963,1.609375,0,1.34375,0.171875,0.0625
1,3,0,1,4,1,5,87.5,83.3333333333333,100,0.721428571428571,0,1.28571428571429,0.142857142857143,0.0428571428571429
1,2,0,1,4,1,1,82.2686487719647,84.743934697425,87.8672228878967,0.684210526315789,0,1.33333333333333,0.105263157894737,0.0350877192982456
1,2,0,1,3,1,0,82.2686487719647,84.743934697425,87.8672228878967,0.769230769230769,0,1.43589743589744,0.179487179487179,0.0512820512820513
0,2,0,1,3,1,0,82.2686487719647,84.743934697425,87.8672228878967,0.645161290322581,0,1.11290322580645,0.129032258064516,0.032258064516129
1,2,0,1,4,1,0,100,87.5,87.5,0.0925925925925926,0,1.33333333333333,0.185185185185185,0.037037037037037
1,2,0,1,4,1,2,92.1052631578947,81.5789473684211,97.3684210526316,0.758064516129032,0,1.35483870967742,0.209677419354839,0.0645161290322581
1,2,0,1,4,1,0,82.2686487719647,84.743934697425,87.8672228878967,0.702702702702703,0,1.40540540540541,0.162162162162162,0.0810810810810811
1,2,0,1,4,1,0,90.9090909090909,81.8181818181818,100,7.13333333333333,0,2.26666666666667,0.6,0
1,2,0,1,4,1,2,90,80,100,0.0689655172413793,0,1.27586206896552,0.206896551724138,0.0344827586206897
0,3,0,3,4,1,0,80,84,80,0.0956521739130435,0,0.104347826086957,0.365217391304348,0.0956521739130435
0,3,0,3,4,1,5,80,70,80,0.534653465346535,0,0.693069306930693,0.247524752475248,0.0198019801980198
0,3,0,3,4,1,0,100,100,100,0.647058823529412,0,1.23529411764706,0.352941176470588,0.0588235294117647
1,2,0,1,4,1,2,88.8888888888889,88.8888888888889,88.8888888888889,0.0512820512820513,0,0.948717948717949,0.333333333333333,0.0512820512820513
0,3,0,3,4,1,0,50,100,100,1,0,1.5625,0.3125,0.0625
0,3,0,1,4,1,0,66.6666666666667,100,100,0.758620689655172,0,1,0.172413793103448,0.0344827586206897
0,3,0,1,4,1,1,66.6666666666667,100,100,1.10526315789474,0,2.26315789473684,0.368421052631579,0.0526315789473684
0,3,0,2,2,1,0,100,100,100,0.333333333333333,0,0.555555555555556,0.333333333333333,0
0,3,0,3,4,1,0,100,75,87.5,0.2,0,0.3,0.288888888888889,0.111111111111111
0,3,0,1,4,1,1,66.6666666666667,33.3333333333333,66.6666666666667,1.09677419354839,0,1.90322580645161,0.451612903225806,0.0967741935483871
1,2,0,1,0,1,1,100,50,100,0.8125,0,1.6875,0.3125,0.0625
1,3,0,3,4,1,1,85.7142857142857,85.7142857142857,71.4285714285714,1.14563106796116,0,0.854368932038835,0.174757281553398,0.0194174757281553
0,3,0,1,4,1,0,82.2686487719647,84.743934697425,87.8672228878967,0.96078431372549,0,1.98039215686275,0.235294117647059,0.0392156862745098
1,3,0,3,4,1,1,83.3333333333333,83.3333333333333,83.3333333333333,0.80952380952381,0,1.04761904761905,0.238095238095238,0.0380952380952381
0,3,0,1,4,1,0,100,50,100,0.545454545454545,0,3.27272727272727,0.818181818181818,0.0909090909090909
0,3,0,1,4,1,0,75,50,75,0.318181818181818,0,2.45454545454545,0.545454545454545,0.0909090909090909
0,3,0,1,4,1,1,66.6666666666667,66.6666666666667,66.6666666666667,0.9,0,1.6,0.4,0.1
0,3,0,1,4,1,0,97.2972972972973,91.8918918918919,97.2972972972973,0.811320754716981,0,1.83018867924528,0.245283018867925,0.0566037735849057
1,2,0,3,4,1,2,100,60,60,0.2,0,1.06666666666667,0.266666666666667,0.0444444444444444
0,3,0,0,4,1,1,100,100,100,0.357142857142857,0,2.21428571428571,0.5,0
1,3,0,1,4,1,6,83.3333333333333,83.3333333333333,86.1111111111111,0.148471615720524,0,0.524017467248908,0.139737991266376,0.0524017467248908
0,3,0,3,4,1,5,94.5205479452055,87.6712328767123,94.5205479452055,0.582938388625592,0,0.947867298578199,0.412322274881517,0.132701421800948
0,3,0,3,4,1,9,91.4893617021277,89.3617021276596,95.7446808510638,0.75609756097561,0,1.02439024390244,0.121951219512195,0.0557491289198606
1,2,0,1,4,1,3,96.6666666666667,86.6666666666667,93.3333333333333,0.413793103448276,0,0.0689655172413793,0.193103448275862,0.0551724137931034
1,2,0,1,4,1,1,100,100,100,0.777777777777778,0,0,0.388888888888889,0.111111111111111
1,2,0,1,4,1,1,100,66.6666666666667,33.3333333333333,0.58974358974359,0,1.28205128205128,0.179487179487179,0.0769230769230769
0,3,0,3,4,1,0,50,100,100,0.875,0,1.91666666666667,0.375,0.166666666666667
0,3,0,1,4,1,0,100,50,100,0.613636363636364,0,1.34090909090909,0.25,0.0454545454545455
0,3,0,1,4,1,1,100,100,100,0.679245283018868,0,1.22641509433962,0.245283018867925,0.0377358490566038
0,3,0,1,4,1,1,50,50,75,1.07142857142857,0,1.96428571428571,0.357142857142857,0.0357142857142857
0,3,0,1,4,1,0,50,100,100,0.526315789473684,0,1.34210526315789,0.184210526315789,0.0526315789473684
0,3,0,1,4,1,2,50,100,100,0.925925925925926,0,1.85185185185185,0.296296296296296,0.0740740740740741
0,3,0,0,4,1,0,100,100,100,0.9,0,3.3,0.7,0.4
0,3,0,0,4,1,1,82.2686487719647,84.743934697425,87.8672228878967,0.633333333333333,0,2.16666666666667,0.333333333333333,0.1
0,3,0,1,4,1,1,82.2686487719647,84.743934697425,87.8672228878967,0.538461538461538,0,1.1025641025641,0.230769230769231,0.0769230769230769
0,3,0,1,4,1,0,95.2380952380952,88.0952380952381,100,0.678571428571429,0,1.28571428571429,0.357142857142857,0.142857142857143
0,2,0,1,4,1,0,100,90,100,0.794117647058823,0,0.647058823529412,0.205882352941176,0.0882352941176471
0,2,0,1,0,1,0,100,100,100,0.5,0,1.4,0.2,0.05
0,2,0,3,4,1,5,96.078431372549,86.2745098039216,96.078431372549,0.45,0,0.127777777777778,0.172222222222222,0.0333333333333333
1,2,0,3,4,1,1,100,85.7142857142857,71.4285714285714,0.731884057971015,0,0.72463768115942,0.217391304347826,0.0652173913043478
1,2,0,1,4,1,1,100,75,75,0.226666666666667,0,0.0533333333333333,0.0933333333333333,0.0266666666666667
0,0,2,2,3,0,2,82.2686487719647,84.743934697425,87.8672228878967,0.0425531914893617,0,0.914893617021277,0.0425531914893617,0.106382978723404
0,2,0,0,4,1,1,82.2686487719647,84.743934697425,87.8672228878967,0.527272727272727,0,1.16363636363636,0.181818181818182,0.0545454545454545
0,2,0,2,4,1,1,82.2686487719647,84.743934697425,87.8672228878967,1.33333333333333,0,0.518518518518518,0.166666666666667,0.0185185185185185
0,2,2,3,4,0,2,82.2686487719647,84.743934697425,87.8672228878967,0.00458715596330275,0,0.348623853211009,0.0275229357798165,0.0504587155963303
0,2,0,3,4,1,0,100,100,100,0.177083333333333,0,0.354166666666667,0.03125,0.0729166666666667
0,2,0,2,4,1,1,100,100,100,0.765957446808511,0,0.776595744680851,0.138297872340426,0.0319148936170213
0,2,0,0,4,1,3,100,100,100,0.477272727272727,0,0.698863636363636,0.204545454545455,0.0397727272727273
0,2,2,2,4,1,6,66.6666666666667,66.6666666666667,100,0.588390501319261,0,0.606860158311346,0.102902374670185,0.029023746701847
0,2,0,3,4,1,2,66.6666666666667,66.6666666666667,100,0.186046511627907,0,0.395348837209302,0.124031007751938,0.0387596899224806
0,3,0,3,4,1,4,100,100,100,0.5,0,0.5625,0.221590909090909,0.0397727272727273
1,2,2,3,4,0,0,82.2686487719647,84.743934697425,87.8672228878967,0.114285714285714,0,1.57142857142857,0,0.142857142857143
1,2,0,3,4,1,0,100,66.6666666666667,100,0.385542168674699,0,0.132530120481928,0,0.0843373493975904
1,2,0,1,4,1,5,87.5,87.5,100,0.602409638554217,0.00602409638554217,0.0903614457831325,0.0421686746987952,0.0240963855421687
1,3,0,1,4,1,1,80,90,100,0.09375,0,0.4921875,0.1015625,0.03515625
1,3,0,1,4,1,1,100,100,100,0.24,0,0.6,0.34,0.06
0,2,0,1,3,1,0,82.2686487719647,84.743934697425,87.8672228878967,0.633333333333333,0,0.733333333333333,0.3,0.0666666666666667
1,3,0,3,3,0,1,80,60,100,0.0169491525423729,0,0,0,0.169491525423729
1,3,0,3,4,1,10,100,70,100,0.662162162162162,0,0.675675675675676,0.135135135135135,0.0878378378378378
1,2,0,3,4,1,0,100,100,100,0.141176470588235,0,0.347058823529412,0.223529411764706,0.0352941176470588
1,3,0,1,4,1,4,75,75,100,0.513274336283186,0,0.725663716814159,0.221238938053097,0.0353982300884956
0,3,0,3,4,1,6,100,100,50,0.0252100840336134,0,0.453781512605042,0.0420168067226891,0.100840336134454
0,0,0,2,4,1,0,82.2686487719647,84.743934697425,87.8672228878967,1.44943820224719,0,1.02247191011236,0.168539325842697,0.0561797752808989
0,0,0,3,4,1,0,82.2686487719647,84.743934697425,87.8672228878967,1.26666666666667,0,2.33333333333333,0.533333333333333,0.133333333333333
0,2,0,3,4,1,2,100,100,100,0.297872340425532,0,1.23404255319149,0.319148936170213,0.0638297872340425
0,0,0,3,4,1,0,82.2686487719647,84.743934697425,87.8672228878967,0.15625,0,0.859375,0.1875,0.03125
0,0,0,3,4,1,0,82.2686487719647,84.743934697425,87.8672228878967,0.285714285714286,0,1.23809523809524,0.476190476190476,0.0952380952380952
0,0,0,3,4,1,0,82.2686487719647,84.743934697425,87.8672228878967,1.7,0,1.75,0.45,0.1
0,0,0,3,4,1,0,82.2686487719647,84.743934697425,87.8672228878967,2.45454545454545,0,2.54545454545455,0.818181818181818,0.181818181818182
0,0,2,3,4,1,1,82.2686487719647,84.743934697425,87.8672228878967,0.788990825688073,0,0.674311926605505,0.123853211009174,0.0458715596330275
0,0,0,3,4,1,1,82.2686487719647,84.743934697425,87.8672228878967,0.390625,0,0.734375,0.28125,0.03125
0,2,0,3,4,1,0,82.2686487719647,84.743934697425,87.8672228878967,0.333333333333333,0,2.83333333333333,0.666666666666667,0.166666666666667
0,2,0,3,4,1,1,82.2686487719647,84.743934697425,87.8672228878967,0.125,0,1.25,0.375,0.0625
0,0,0,3,4,1,0,82.2686487719647,84.743934697425,87.8672228878967,0.222222222222222,0,0.925925925925926,0.222222222222222,0.037037037037037
0,0,0,3,4,1,0,82.2686487719647,84.743934697425,87.8672228878967,0.857142857142857,0,1.53571428571429,0.214285714285714,0.0714285714285714
0,0,0,3,4,1,0,82.2686487719647,84.743934697425,87.8672228878967,0.8,0,2.1,0.35,0.1
0,2,0,3,4,1,1,50,100,50,0.253275109170306,0,0.947598253275109,0.174672489082969,0.0349344978165939
0,0,2,3,3,1,1,100,100,100,5.8,0,1.36666666666667,0.5,0.1
1,1,2,3,4,1,2,82.2686487719647,84.743934697425,87.8672228878967,0.638655462184874,0,0.487394957983193,0.134453781512605,0.0504201680672269
0,0,0,3,4,1,0,82.2686487719647,84.743934697425,87.8672228878967,1.27777777777778,0,1.33333333333333,0.222222222222222,0
0,2,0,3,4,1,4,50,50,50,0.258620689655172,0,0.689655172413793,0.155172413793103,0.0344827586206897
0,1,0,3,4,1,0,82.2686487719647,84.743934697425,87.8672228878967,1.34210526315789,0,1.05263157894737,0.236842105263158,0.0526315789473684
0,1,0,3,4,1,0,82.2686487719647,84.743934697425,87.8672228878967,0.25,0,1.375,0.75,0
0,3,0,3,4,1,1,100,71.4285714285714,100,0.817610062893082,0,0.874213836477987,0.270440251572327,0.050314465408805
0,3,0,3,4,1,0,100,100,100,0.0566037735849057,0,0.943396226415094,0.188679245283019,0.0566037735849057
0,3,0,3,4,1,3,100,100,100,0.674418604651163,0,0.784883720930233,0.156976744186047,0.0290697674418605
0,3,0,3,4,1,2,66.6666666666667,33.3333333333333,33.3333333333333,0.747572815533981,0,0.567961165048544,0.20873786407767,0.0339805825242718
0,1,2,3,4,1,0,75,75,50,11.3333333333333,0,2,6.66666666666667,1.66666666666667
0,1,2,3,3,1,0,82.2686487719647,84.743934697425,87.8672228878967,0.772727272727273,0,0.363636363636364,0.772727272727273,0.136363636363636
1,1,2,3,4,1,1,82.2686487719647,84.743934697425,87.8672228878967,1.05660377358491,0,1.13207547169811,0.30188679245283,0.0754716981132075
0,3,0,3,4,1,1,100,75,100,1.17117117117117,0,1.14414414414414,0.243243243243243,0.0540540540540541
0,1,2,3,4,1,0,100,100,100,1.56603773584906,0,0.132075471698113,0.245283018867925,0.0566037735849057
0,1,2,3,3,1,0,100,100,100,0.277777777777778,0,0.0185185185185185,0.157407407407407,0.0277777777777778
1,0,2,2,3,1,1,82.2686487719647,84.743934697425,87.8672228878967,1,0,0.956521739130435,0.304347826086957,0.0434782608695652
1,0,2,3,3,1,0,100,100,100,0.923076923076923,0,1.17948717948718,0.307692307692308,0.0769230769230769
1,3,2,3,4,1,5,50,100,50,0.176136363636364,0,0.676136363636364,0.176136363636364,0.0511363636363636
1,1,0,3,3,1,2,100,100,100,0.176470588235294,0,0.431372549019608,0.176470588235294,0.0392156862745098
1,3,2,3,4,1,2,100,100,100,0.230769230769231,0,0.711538461538462,0.288461538461538,0.0384615384615385
0,3,0,3,4,1,1,82.2686487719647,84.743934697425,87.8672228878967,0.71264367816092,0,0.67816091954023,0.126436781609195,0.0229885057471264
0,3,0,2,4,1,1,100,100,100,1.92307692307692,0,2.30769230769231,0.461538461538462,0.0769230769230769
1,3,2,3,4,1,0,82.2686487719647,84.743934697425,87.8672228878967,1.32692307692308,0,0.826923076923077,0.307692307692308,0.0576923076923077
0,2,0,1,4,1,0,82.2686487719647,84.743934697425,87.8672228878967,1.27272727272727,0,0,0.545454545454545,0.0909090909090909
0,3,0,1,4,1,0,82.2686487719647,84.743934697425,87.8672228878967,0.777777777777778,0,0,0.666666666666667,0.111111111111111
0,3,0,1,4,1,0,82.2686487719647,84.743934697425,87.8672228878967,1.75,0,0.5,1.5,0.25
0,3,0,1,4,1,0,82.2686487719647,84.743934697425,87.8672228878967,2,0,0.285714285714286,0.857142857142857,0
1,3,0,1,4,1,7,97.1428571428571,74.2857142857143,97.1428571428571,0.53757225433526,0,0.289017341040462,0.300578034682081,0.092485549132948
1,2,0,3,4,1,0,100,100,100,0.732142857142857,0,0.375,0.125,0.0178571428571429
1,2,0,1,4,1,2,100,85.7142857142857,71.4285714285714,0.713114754098361,0,0.0245901639344262,0.135245901639344,0.0286885245901639
1,3,0,1,4,1,10,97.4358974358974,82.051282051282,97.4358974358974,0.657754010695187,0,0.128342245989305,0.176470588235294,0.122994652406417
1,3,0,1,4,1,4,92.3076923076923,69.2307692307692,84.6153846153846,0.74,0,0.12,0.24,0.18
1,2,0,3,4,1,1,100,100,100,0.663157894736842,0,1.21052631578947,0.263157894736842,0.0736842105263158
0,3,0,1,4,1,5,96.969696969697,81.8181818181818,96.969696969697,0.777777777777778,0,0.0427350427350427,0.273504273504274,0.0427350427350427
1,3,0,1,4,1,6,95.4545454545455,81.8181818181818,86.3636363636364,0.0377358490566038,0,0.132075471698113,0.264150943396226,0.132075471698113
1,3,0,3,4,1,4,33.3333333333333,66.6666666666667,83.3333333333333,0.259067357512953,0,0.0621761658031088,0.145077720207254,0.0466321243523316
0,3,0,3,4,1,1,82.2686487719647,84.743934697425,87.8672228878967,0.25,0,0.875,0.152777777777778,0.0416666666666667
0,3,0,3,4,1,0,82.2686487719647,84.743934697425,87.8672228878967,0.765432098765432,0,0.790123456790123,0.135802469135802,0.037037037037037
0,3,0,3,4,1,4,100,100,100,0.588571428571429,0,0.537142857142857,0.12,0.0285714285714286
1,2,0,3,4,1,0,100,100,100,0.03125,0,0.84375,0.125,0.0625
1,2,0,3,4,1,1,100,50,50,0.133333333333333,0,0.04,0.12,0.0266666666666667
1,2,0,3,4,1,3,94.7368421052632,89.4736842105263,94.7368421052632,1.11224489795918,0,0.0306122448979592,0.204081632653061,0.0714285714285714
1,3,0,3,4,1,2,75,100,100,0.699421965317919,0,0.410404624277457,0.179190751445087,0.0404624277456647
1,1,0,3,4,1,1,50,100,100,1.07692307692308,0,0.0769230769230769,0.538461538461538,0.0769230769230769
1,1,0,2,4,1,0,100,100,100,0.513513513513513,0,0.027027027027027,0.162162162162162,0
0,2,0,3,4,1,0,100,100,100,0.8125,0,1.625,0.5625,0.125
0,2,0,3,4,1,1,50,100,50,0.939393939393939,0,2,0.545454545454545,0.0606060606060606
0,3,0,3,4,1,0,100,71.4285714285714,100,0.787878787878788,0,0.565656565656566,0.111111111111111,0.0202020202020202
0,3,0,1,4,1,3,100,100,100,0.864864864864865,0,0.986486486486487,0.121621621621622,0.0405405405405405
0,3,0,3,4,1,2,100,100,100,0.622222222222222,0,1.16666666666667,0.144444444444444,0.0333333333333333
0,3,0,3,4,1,4,100,100,100,1.28682170542636,0,0.89922480620155,0.116279069767442,0.0387596899224806
1,2,0,3,4,1,1,100,66.6666666666667,66.6666666666667,0.209302325581395,0,0.930232558139535,0.13953488372093,0.0465116279069767
0,3,0,1,4,1,3,100,100,80,1.18095238095238,0,0.0380952380952381,0.123809523809524,0.0476190476190476
1,1,0,3,4,1,0,75,100,100,0.689655172413793,0,0.0344827586206897,0.275862068965517,0.0344827586206897
0,1,0,3,4,1,1,66.6666666666667,100,100,0.46875,0,0,0.125,0.03125
0,1,0,3,4,1,0,66.6666666666667,66.6666666666667,66.6666666666667,0.975,0,0,0.275,0.075
0,1,0,3,4,1,0,50,50,50,10,0,0,2,0
1,3,0,3,4,1,0,60,80,100,0.253521126760563,0,0.873239436619718,0.211267605633803,0.0845070422535211
1,3,0,3,4,0,1,50,100,100,1.20408163265306,0,0.897959183673469,0,0.0612244897959184
1,1,0,3,4,0,0,50,100,100,0.41025641025641,0,0.555555555555556,0,0.0427350427350427
1,3,0,3,4,1,1,100,100,100,0.0172413793103448,0,1.01724137931034,0.120689655172414,0.0517241379310345
1,3,0,3,4,1,3,98.5294117647059,80.8823529411765,98.5294117647059,0.258064516129032,0,0.651612903225806,0.283870967741935,0.109677419354839
1,2,0,3,4,1,3,95.6521739130435,86.9565217391304,100,0.477941176470588,0,0.426470588235294,0.176470588235294,0.0367647058823529
1,3,0,3,4,1,1,66.6666666666667,100,100,0.162790697674419,0,0.86046511627907,0.232558139534884,0.0465116279069767
1,0,0,2,4,0,0,100,100,100,0.025,0,0.55,0,0
1,3,0,3,4,0,0,100,100,100,1.37931034482759,0,0.517241379310345,0,0.0574712643678161
1,3,0,3,4,1,0,100,100,100,0.0120481927710843,0,0.650602409638554,0.108433734939759,0.036144578313253
1,2,0,3,4,1,10,93.3333333333333,90,100,0.403162055335968,0,0.126482213438735,0.1699604743083,0.0355731225296443
1,2,0,3,4,1,4,88.8888888888889,85.1851851851852,92.5925925925926,0.412280701754386,0,0.157894736842105,0.368421052631579,0.087719298245614
0,3,0,3,4,1,3,60,80,100,0.64375,0,0.33125,0.1375,0.04375
1,3,0,3,4,1,3,60,80,100,0.0404040404040404,0,0.575757575757576,0.0606060606060606,0.0606060606060606
1,3,0,3,3,0,1,80,60,100,0.0327868852459016,0,0.163934426229508,0,0.0491803278688525
0,3,0,0,4,1,0,82.2686487719647,84.743934697425,87.8672228878967,0.666666666666667,0,2.26666666666667,0.466666666666667,0.0666666666666667
1,3,0,1,4,1,3,100,100,100,0.581632653061224,0,0.938775510204082,0.204081632653061,0.0714285714285714
1,3,0,3,4,1,3,100,80.4347826086957,97.8260869565217,0.7,0,0.075,0.3375,0.225
0,3,0,3,4,1,1,80,80,100,0.594202898550725,0,0.855072463768116,0.318840579710145,0.072463768115942
0,3,0,2,4,1,3,50,75,100,0.506493506493506,0,1.1038961038961,0.233766233766234,0.0779220779220779
0,3,0,1,4,1,1,92.8571428571429,85.7142857142857,92.8571428571429,0.5,0,0.0535714285714286,0.446428571428571,0.0714285714285714
0,3,0,1,4,1,3,50,100,50,0.724137931034483,0,1.25862068965517,0.241379310344828,0.0344827586206897
1,3,0,1,4,1,2,100,100,100,0.0606060606060606,0,0.863636363636364,0.227272727272727,0.0606060606060606
1,3,0,3,4,1,5,95.4545454545455,81.8181818181818,95.4545454545455,0.0346820809248555,0,0.682080924855491,0.196531791907514,0.046242774566474
1,3,0,1,4,1,3,75,75,100,0.110236220472441,0,0.653543307086614,0.220472440944882,0.0393700787401575
0,3,0,1,4,1,1,88.8888888888889,88.8888888888889,100,2.93421052631579,0.118421052631579,0.618421052631579,0.25,0.0526315789473684
1,3,0,1,4,1,1,80,80,80,0.727272727272727,0,1.13636363636364,0.272727272727273,0.0909090909090909
0,3,0,3,4,1,0,82.2686487719647,84.743934697425,87.8672228878967,0.714285714285714,0,0.0476190476190476,0.238095238095238,0.0634920634920635
0,3,0,3,4,1,1,100,100,100,1.29411764705882,0,0.0588235294117647,0.705882352941177,0.0588235294117647
1,3,0,3,4,1,0,82.2686487719647,84.743934697425,87.8672228878967,0.25,0,0.125,0.6875,0.25
0,3,2,3,4,1,2,82.2686487719647,84.743934697425,87.8672228878967,0.470149253731343,0,0.0447761194029851,0.223880597014925,0.0447761194029851
0,3,0,3,4,1,0,50,100,100,0.6,0,0.1,2.7,0.3
0,3,0,3,4,1,11,91.4285714285714,71.4285714285714,88.5714285714286,0.252788104089219,0,0.0483271375464684,0.163568773234201,0.0706319702602231
1,3,0,3,4,1,0,40,100,60,0.573033707865168,0,0.0337078651685393,0.146067415730337,0.0337078651685393
1,2,2,3,4,1,1,66.6666666666667,83.3333333333333,66.6666666666667,0.388489208633094,0,0.0431654676258993,0.143884892086331,0.0431654676258993
0,0,2,3,4,1,0,100,100,100,0.71875,0,0.0625,0.34375,0.03125
0,1,2,3,4,1,3,100,100,50,1.53781512605042,0,0.0756302521008403,0.369747899159664,0.0840336134453782
0,3,0,1,4,1,1,82.2686487719647,84.743934697425,87.8672228878967,0.4,0,0.1,1.2,0.3
0,3,0,1,4,1,9,100,100,100,0.541935483870968,0,0.0516129032258065,0.135483870967742,0.0645161290322581
0,3,0,3,4,1,0,100,100,100,0.232954545454545,0,0.0227272727272727,0.0568181818181818,0.0625
0,3,0,1,4,1,5,92.3076923076923,84.6153846153846,96.1538461538462,1.31468531468531,0,0.041958041958042,0.230769230769231,0.0699300699300699
0,0,2,3,4,1,4,100,66.6666666666667,66.6666666666667,0.563380281690141,0,0.0563380281690141,0.211267605633803,0.0422535211267606
0,0,2,2,4,1,0,100,100,100,0.794117647058823,0,0.0588235294117647,0.323529411764706,0.0294117647058824
0,2,0,1,4,1,0,100,93.3333333333333,100,1.76190476190476,0,0.0952380952380952,0.761904761904762,0.142857142857143
1,0,2,0,4,1,0,100,100,100,0.404761904761905,0,0,0.142857142857143,0.0714285714285714
0,0,2,3,4,1,6,100,100,100,0.3725,0,0.02,0.09,0.0275
0,3,0,3,4,1,1,50,100,50,0.34375,0,0.09375,0.25,0.0625
0,2,0,1,4,1,4,95.8333333333333,91.6666666666667,100,0.4625,0,0.075,0.3875,0.175
0,1,0,3,3,1,0,50,75,25,2.16666666666667,0,0,0.261904761904762,0.0476190476190476
0,1,0,3,4,1,1,82.2686487719647,84.743934697425,87.8672228878967,0.575342465753425,0,0.0273972602739726,0.191780821917808,0.0410958904109589
1,3,0,3,4,1,0,50,75,75,0.483516483516484,0,0.021978021978022,0.186813186813187,0.043956043956044
1,3,0,1,4,1,1,100,66.6666666666667,100,0.270833333333333,0,0.0833333333333333,0.166666666666667,0.0416666666666667
0,3,0,1,4,1,5,94.1176470588235,82.3529411764706,100,1.08860759493671,0,0.139240506329114,0.316455696202532,0.126582278481013
0,1,0,3,4,1,1,50,50,50,0.571428571428571,0,0,0.257142857142857,0.0571428571428571
1,1,0,3,4,1,1,75,100,100,0.492537313432836,0,0,0.208955223880597,0.0447761194029851
0,3,0,3,4,0,0,82.2686487719647,84.743934697425,87.8672228878967,0.0789473684210526,0,0.342105263157895,0.157894736842105,0.0263157894736842
0,3,0,3,4,1,0,100,100,100,24,0,0,2.5,0
1,3,0,1,4,1,1,100,100,100,0.536585365853659,0,0.219512195121951,0.195121951219512,0.024390243902439
1,3,0,1,4,1,1,100,100,100,1,0,0.222222222222222,0.166666666666667,0.0555555555555556
0,3,0,1,4,1,1,100,100,100,1.4,0,0.133333333333333,0.233333333333333,0.0666666666666667
0,3,0,1,4,1,1,100,100,100,0.730769230769231,0,0.0384615384615385,0.307692307692308,0.0769230769230769
1,3,0,3,4,1,3,100,100,100,0.941176470588235,0,0.235294117647059,0.205882352941176,0.0294117647058824
1,3,0,1,4,1,1,100,100,100,5.27272727272727,0,2.18181818181818,0.0909090909090909,0.0909090909090909
1,3,0,1,4,1,0,100,100,100,0.4,0,0.533333333333333,0.266666666666667,0.0666666666666667
0,3,0,1,4,1,0,85.7142857142857,100,100,3,0,1.5,4,0.5
0,3,0,1,4,1,2,60,100,100,0.212765957446809,0,0,0.170212765957447,0.0212765957446809
1,3,0,1,4,1,2,75,100,100,0.0196078431372549,0,0,0.176470588235294,0.0392156862745098
1,3,0,1,4,1,3,100,100,100,0.896551724137931,0,0.724137931034483,0.206896551724138,0.0344827586206897
0,3,0,1,4,1,0,75,100,100,2.6,0,0.4,2,0.2
0,3,0,1,4,1,0,50,100,100,1.72972972972973,0,0.0810810810810811,0.216216216216216,0.0540540540540541
0,3,0,1,4,1,2,88.8888888888889,70.3703703703704,92.5925925925926,1.53488372093023,0,0.162790697674419,0.418604651162791,0.0697674418604651
0,3,0,1,4,1,5,92.5925925925926,77.7777777777778,96.2962962962963,0.752293577981651,0,0.155963302752294,0.165137614678899,0.036697247706422
0,3,0,1,4,1,3,94.7368421052632,84.2105263157895,100,0.338983050847458,0,0.0847457627118644,0.372881355932203,0.152542372881356
0,3,0,1,4,1,0,100,100,100,0.888888888888889,0,1.11111111111111,0.444444444444444,0.111111111111111
0,2,0,3,4,1,4,66.6666666666667,100,100,0.537414965986395,0,0.551020408163265,0.217687074829932,0.0612244897959184
0,3,0,1,4,1,2,50,100,100,1.08139534883721,0,0.267441860465116,0.232558139534884,0.0697674418604651
0,3,0,1,4,1,4,88.2352941176471,82.3529411764706,94.1176470588235,0.107692307692308,0,0.169230769230769,0.2,0.0307692307692308
0,2,0,1,4,1,3,93.3333333333333,86.6666666666667,100,0.432432432432432,0,0.135135135135135,0.351351351351351,0.108108108108108
0,2,0,1,3,1,1,90,80,100,0.02,0,0.04,0.18,0.02
1,2,0,3,4,1,3,100,100,100,0.73125,0,0.36875,0.2125,0.04375
1,2,0,3,4,1,0,100,100,100,0.161290322580645,0,2.16129032258065,0.387096774193548,0.129032258064516
1,2,0,3,4,0,0,82.2686487719647,84.743934697425,87.8672228878967,0.129032258064516,0,0.032258064516129,0,0.0645161290322581
1,2,0,3,4,1,4,100,100,100,0.159420289855072,0,1.05797101449275,0.0579710144927536,0.101449275362319
0,3,0,1,4,1,4,90.3225806451613,90.3225806451613,100,0.0294117647058824,0,0.284313725490196,0.294117647058824,0.0392156862745098
0,2,0,1,3,1,3,100,84.6153846153846,100,0.0357142857142857,0,0.0178571428571429,0.267857142857143,0.0357142857142857
0,3,0,3,4,1,7,85.7142857142857,85.7142857142857,100,0.79047619047619,0,0.685714285714286,0.0285714285714286,0.0380952380952381
0,3,0,1,4,1,5,97.5609756097561,82.9268292682927,92.6829268292683,0.567164179104478,0,0.0895522388059701,0.358208955223881,0.0895522388059701
0,3,0,3,4,1,1,75,75,75,1.33333333333333,0,0.566666666666667,0.533333333333333,0.133333333333333
1,3,0,3,4,1,0,75,75,75,0.0851063829787234,0,0.702127659574468,0.361702127659574,0.0851063829787234
1,2,2,2,4,1,0,100,100,100,0.655172413793103,0,0,0,0.0689655172413793
1,0,2,3,4,1,0,82.2686487719647,84.743934697425,87.8672228878967,0.166666666666667,0,0,0,0.0476190476190476
1,2,2,2,4,1,0,33.3333333333333,33.3333333333333,33.3333333333333,0.494117647058824,0,0,0,0.0705882352941176
0,2,2,2,4,1,2,33.3333333333333,33.3333333333333,33.3333333333333,0.674242424242424,0,0.0303030303030303,0.0606060606060606,0.0833333333333333
1,2,2,2,3,1,0,82.2686487719647,84.743934697425,87.8672228878967,0.114285714285714,0,0,0.0857142857142857,0.0857142857142857
1,0,2,3,4,1,1,100,100,100,0.4,0,0,0,0.0615384615384615
1,2,2,3,4,1,1,50,100,75,0.305882352941176,0,0.0352941176470588,0.329411764705882,0.0705882352941176
1,0,2,3,3,1,0,100,100,75,0.103448275862069,0,0.103448275862069,0.241379310344828,0.0689655172413793
0,1,2,3,4,1,0,93.3333333333333,86.6666666666667,86.6666666666667,4.25,0,0,0,0.0833333333333333
1,1,0,3,4,1,1,92.8571428571429,85.7142857142857,92.8571428571429,0.0416666666666667,0,0.0416666666666667,0,0.291666666666667
1,1,2,3,4,1,4,100,88.2352941176471,94.1176470588235,0.1,0,0.04,0,0.14
1,1,2,3,4,1,2,100,92.3076923076923,100,0.14,0,0.08,0,0.1
1,3,2,3,4,1,0,66.6666666666667,66.6666666666667,50,1.03030303030303,0,0,0,0.0404040404040404
1,2,0,1,4,1,0,50,100,100,0.13265306122449,0,0.0102040816326531,0,0.0408163265306122
1,2,0,1,4,1,0,50,100,100,0.75,0,0.1,0,0.2
1,2,0,3,4,1,0,50,100,75,0.771428571428571,0,0.0857142857142857,0.171428571428571,0.142857142857143
1,0,2,3,0,0,0,100,100,100,0.0227272727272727,0,0,0,0.0454545454545455
1,2,0,3,3,1,3,100,85.7142857142857,100,0.113636363636364,0,0.0454545454545455,0.613636363636364,0.113636363636364
1,2,2,3,4,1,1,100,50,50,0.228448275862069,0,0.021551724137931,0.0172413793103448,0.0387931034482759
1,2,0,3,4,1,0,25,100,50,1.03703703703704,0,0.037037037037037,0.148148148148148,0.037037037037037
0,0,2,0,2,1,0,82.2686487719647,84.743934697425,87.8672228878967,0.1,0,0,0,0.1
1,2,0,1,4,1,1,100,100,100,0.36,0,0,0.24,0.08
0,3,0,3,4,1,4,90.3225806451613,83.8709677419355,93.5483870967742,0.532467532467532,0,0.025974025974026,0.324675324675325,0.0779220779220779
0,0,2,0,4,1,0,100,50,50,0.710526315789474,0,0.131578947368421,0.0526315789473684,0.0263157894736842
1,3,2,3,4,1,2,100,100,100,0.309859154929577,0,0.957746478873239,0,0.0845070422535211
1,1,2,3,4,1,0,100,100,100,0.169811320754717,0,0.622641509433962,0,0.0377358490566038
1,0,2,3,4,1,1,100,100,100,0.26530612244898,0,0.653061224489796,0,0.0612244897959184
1,1,2,3,3,1,1,100,100,100,0.321428571428571,0,0.785714285714286,0,0.0714285714285714
1,3,2,3,4,1,0,75,100,50,0.568345323741007,0,0.510791366906475,0,0.0431654676258993
1,3,2,3,4,1,1,75,100,50,0.45398773006135,0,0.680981595092024,0,0.0398773006134969
1,1,0,3,2,1,0,82.2686487719647,84.743934697425,87.8672228878967,0.333333333333333,0,1.33333333333333,0,0.0833333333333333
1,3,2,3,3,1,0,100,100,100,0.214285714285714,0,0.642857142857143,0,0.107142857142857
1,3,0,3,4,1,1,91.6666666666667,91.6666666666667,91.6666666666667,0.348314606741573,0,0.752808988764045,0,0.0449438202247191
1,3,2,3,4,1,2,93.75,93.75,87.5,0.12,0,1.07,0,0.05
1,1,2,3,4,1,5,96.7741935483871,87.0967741935484,93.5483870967742,0.883333333333333,0,0.2,0,0.183333333333333
1,2,2,3,4,1,0,100,100,100,0.0967741935483871,0,0.67741935483871,0,0.032258064516129
1,2,0,3,2,0,2,100,100,100,0.0120481927710843,0,0.0120481927710843,0,0
1,3,2,3,4,1,6,94.8717948717949,87.1794871794872,97.4358974358974,0.738461538461539,0,0.230769230769231,0.130769230769231,0.115384615384615
1,2,2,3,4,1,0,100,100,100,0.0465116279069767,0,0.232558139534884,0,0.0813953488372093
1,2,2,3,4,1,3,100,100,100,0.543624161073825,0,0.295302013422819,0,0.0536912751677852
1,3,0,3,4,1,1,100,75,100,0.0810810810810811,0,0.864864864864865,0,0.0810810810810811
0,2,0,3,4,1,2,100,100,100,0.709090909090909,0,0.781818181818182,0,0.0909090909090909
0,3,0,3,4,1,2,82.2686487719647,84.743934697425,87.8672228878967,0.786885245901639,0,0.901639344262295,0.327868852459016,0.0655737704918033
1,2,2,3,4,1,2,50,100,100,1.12162162162162,0,0.175675675675676,0.027027027027027,0.0810810810810811
0,0,0,2,4,1,1,82.2686487719647,84.743934697425,87.8672228878967,2,0,2.5,0.5,0.5
0,3,0,3,4,1,1,82.2686487719647,84.743934697425,87.8672228878967,3.2,0,1.6,0.466666666666667,0.133333333333333
0,2,0,1,4,1,0,100,100,100,1.52631578947368,0,0.157894736842105,0.684210526315789,0.210526315789474
0,2,0,3,3,1,1,100,85.7142857142857,100,0.6,0,0,1.7,0.5
0,2,0,1,4,1,2,75,75,100,0.353535353535354,0,0.818181818181818,0.191919191919192,0.0505050505050505
0,0,2,2,4,1,1,100,100,100,0.4,0,0.1,0.166666666666667,0.0666666666666667
0,0,2,0,4,1,2,100,100,100,0.375,0,0.125,0.375,0.125
1,2,2,3,0,0,0,82.2686487719647,84.743934697425,87.8672228878967,0,0,0,0,0
1,3,2,3,4,0,2,100,100,100,0,0,1.26153846153846,0,0.169230769230769
1,2,0,3,4,1,0,100,100,100,0,0,0.8,0.2,0
1,2,0,3,4,0,0,82.2686487719647,84.743934697425,87.8672228878967,0,0,0.222222222222222,0,0.333333333333333
1,2,0,3,3,0,3,100,100,100,0,0,0.00970873786407767,0,0.029126213592233
1,0,2,2,4,1,0,82.2686487719647,84.743934697425,87.8672228878967,0,0,0,0,0.0454545454545455
1,3,2,3,4,1,1,100,93.3333333333333,100,0,0,3,0,0
1,0,0,3,3,0,0,100,100,100,0,0,0,0,0.0833333333333333
1,2,2,3,0,0,0,82.2686487719647,84.743934697425,87.8672228878967,0,0,0.636363636363636,0.0909090909090909,0.272727272727273
1,2,2,3,3,0,0,82.2686487719647,84.743934697425,87.8672228878967,0,0,0.0153846153846154,0,0.0307692307692308
1,1,0,1,4,1,1,82.2686487719647,84.743934697425,87.8672228878967,0,0,0,0,0.0526315789473684
1,0,0,1,2,1,0,82.2686487719647,84.743934697425,87.8672228878967,0,0,0,0,0
1,1,2,1,4,1,1,82.2686487719647,84.743934697425,87.8672228878967,0,0,0,0,0.0363636363636364
1,1,2,1,4,1,2,82.2686487719647,84.743934697425,87.8672228878967,0,0,0,0,0.0555555555555556
1,2,0,2,3,1,0,82.2686487719647,84.743934697425,87.8672228878967,0,0,0,0,0
1,2,0,1,4,1,1,100,100,100,0,0,2.76923076923077,0.461538461538462,0.153846153846154
1,1,0,2,4,1,1,100,50,100,0,0,1.6,0.3,0
1,0,2,3,4,1,0,100,100,100,0,0,0,1,0
1,1,2,3,4,1,0,25,75,75,0,0,0,0.3,0.1
1,3,0,1,4,1,1,93.75,81.25,100,0,0,0.934426229508197,0.19672131147541,0.0819672131147541
1,3,0,1,4,1,0,82.2686487719647,84.743934697425,87.8672228878967,0,0,0.973684210526316,0.157894736842105,0.0263157894736842
1,2,0,1,4,1,2,88.2352941176471,82.3529411764706,94.1176470588235,0,0,3,0.5,0.125
1,2,0,1,0,0,0,82.2686487719647,84.743934697425,87.8672228878967,0,0,0,0,0
0,2,0,3,4,1,1,100,100,100,0,0,0,0,0.105263157894737
0,2,0,3,4,1,1,100,100,100,0,0,0,0,0.0447761194029851
0,3,0,1,4,1,2,100,100,100,0,0,0,0,0.0975609756097561
0,3,0,1,4,1,1,100,100,66.6666666666667,0,0,0,0,0.0588235294117647
0,3,0,1,4,1,0,87.5,100,62.5,0,0,0.0114942528735632,0,0.0344827586206897
0,3,2,3,3,1,4,100,100,100,0,0,0.00892857142857143,0,0.0446428571428571
0,3,2,3,4,1,6,100,75,100,0,0,0.00727272727272727,0,0.0509090909090909
0,3,0,3,2,1,0,100,100,100,0,0,0,0,0.176470588235294
0,0,2,0,4,1,0,80,60,100,0,0,0.134146341463415,0.0121951219512195,0.0731707317073171
0,0,2,2,4,1,1,100,100,100,0,0,0,0,0.0588235294117647
0,1,2,1,4,1,1,100,100,100,0,0,0,0,0.0512820512820513
0,1,2,1,4,1,3,100,100,100,0,0,0,0,0.045045045045045
0,3,0,1,4,1,1,50,100,100,0,0,1.34782608695652,0.304347826086957,0.0434782608695652
0,0,2,2,4,1,3,82.2686487719647,84.743934697425,87.8672228878967,0,0,0.395833333333333,0,0.0520833333333333
0,2,0,1,3,0,1,82.2686487719647,84.743934697425,87.8672228878967,0,0,0.761904761904762,0,0.0952380952380952
0,3,0,1,3,0,2,82.2686487719647,84.743934697425,87.8672228878967,0,0,0.657894736842105,0,0.087719298245614
0,3,0,1,4,0,3,100,50,50,0,0,0.571428571428571,0,0.0549450549450549
0,3,0,1,4,0,1,100,100,75,0,0,0.306666666666667,0,0.04
0,2,0,3,4,1,0,100,100,100,0,0,0.025,0,0
0,3,0,1,4,0,0,66.6666666666667,100,66.6666666666667,0,0,0,0,0.0476190476190476
0,2,0,1,3,0,0,100,100,33.3333333333333,0,0,0,0,0
0,0,2,0,4,0,0,100,100,100,0,0,0,0,0.166666666666667
0,0,2,1,3,1,0,82.2686487719647,84.743934697425,87.8672228878967,0,0,0,0,0.5
0,0,0,1,3,1,0,82.2686487719647,84.743934697425,87.8672228878967,0,0,0,0,0.0465116279069767
0,0,2,0,2,1,0,82.2686487719647,84.743934697425,87.8672228878967,0,0,0,0,0
0,0,2,0,0,1,0,82.2686487719647,84.743934697425,87.8672228878967,0,0,0,0,0
0,0,2,0,0,0,0,82.2686487719647,84.743934697425,87.8672228878967,0,0,0,0,0
0,0,0,0,0,1,0,82.2686487719647,84.743934697425,87.8672228878967,0,0,0,0,0
