"ID_MGN","Saneamiento_Sinconexiones","Telecomunicaciones_4Ginteriores","Telecomunicaciones_4Gexteriores","Telecomunicaciones_4Gvehiculos","Movilidad_congestionamiento","cantidad_empresas","Movilidad_accidentes_Calle_buen_estado","Movilidad_accidentes_buenTiempo","Movilidad_accidentes_pavimento","Agua_conexiones_edific","Saneamiento_conexiones_edific","Electricidad_medidoresint_edific","Electricidad_postes_edific","Electricidad_transformadores_edific"
39401,0,3,0,0,4,1,100,100,100,0.934782608695652,0.934782608695652,0.0652173913043478,0.173913043478261,0
39402,1,3,0,0,4,2,100,85.7142857142857,100,1,0.973684210526316,0.105263157894737,0.236842105263158,0.0789473684210526
39403,1,3,0,1,4,1,100,85.7142857142857,100,0.634146341463415,0.609756097560976,0.0975609756097561,0.195121951219512,0.146341463414634
39404,0,3,0,0,4,2,100,100,100,0.644444444444444,0.644444444444444,0.0444444444444444,0.2,0.133333333333333
39405,0,3,0,1,4,3,100,100,100,0.730769230769231,0.730769230769231,0,0.346153846153846,0.115384615384615
39406,1,3,0,1,4,1,100,100,100,0.891304347826087,0.869565217391304,0.0652173913043478,0.173913043478261,0.0434782608695652
39407,0,3,0,1,4,1,100,100,100,1.25581395348837,1.25581395348837,0.116279069767442,0.186046511627907,0.0697674418604651
39408,7,3,0,0,4,1,100,100,100,1.06666666666667,0.911111111111111,0.0888888888888889,0.2,0.0222222222222222
39409,7,3,0,0,4,0,33.3333333333333,100,100,0.804347826086957,0.652173913043478,0.173913043478261,0.217391304347826,0
39410,0,3,0,1,4,2,66.6666666666667,66.6666666666667,100,0.833333333333333,0.833333333333333,0.1,0.15,0.0333333333333333
39411,0,3,0,1,4,1,100,100,100,0.888888888888889,0.888888888888889,0.0555555555555556,0.185185185185185,0.037037037037037
39412,2,2,0,2,4,0,100,100,100,0.578947368421053,0.473684210526316,0,0.578947368421053,0.0526315789473684
39413,1,3,0,1,4,0,100,80,100,0.4,0.2,0.2,2.6,0.8
39414,2,2,0,1,4,2,100,100,100,0.612903225806452,0.548387096774194,0.0645161290322581,0.354838709677419,0.032258064516129
39415,0,3,0,1,4,0,100,100,100,0.675,0.675,0.1,0.3,0.025
39416,0,3,0,1,4,0,100,100,100,0.363636363636364,0.363636363636364,0.545454545454545,0.727272727272727,0.181818181818182
39417,0,3,0,1,4,0,100,100,100,0.872727272727273,0.872727272727273,0.0727272727272727,0.127272727272727,0.109090909090909
39418,4,3,0,2,4,0,81.9044873063313,91.0130610644602,82.8406469895976,1.08196721311475,1.01639344262295,0.0491803278688525,0.19672131147541,0.0491803278688525
39419,6,3,0,1,0,2,100,100,100,0.523809523809524,0.380952380952381,0.0238095238095238,0.142857142857143,0.0238095238095238
39420,12,3,0,1,4,1,100,100,100,0.877551020408163,0.63265306122449,0.102040816326531,0.224489795918367,0.0408163265306122
39421,4,3,0,1,0,1,50,100,100,0.179487179487179,0.0769230769230769,0.0256410256410256,0.230769230769231,0
39422,5,3,0,1,4,1,75,100,100,1.2,1.08888888888889,0.466666666666667,0.2,0.0888888888888889
39423,2,3,0,2,4,3,85.7142857142857,100,100,0.803921568627451,0.764705882352941,0.333333333333333,0.176470588235294,0.117647058823529
39424,3,3,0,2,4,0,87.5,75,100,0.714285714285714,0.660714285714286,0.0357142857142857,0.160714285714286,0.0357142857142857
39425,0,3,0,2,4,1,100,50,100,0.666666666666667,0.666666666666667,0.0833333333333333,0.75,0.0833333333333333
39426,1,3,0,1,4,1,100,100,100,0.5,0.428571428571429,0.142857142857143,1,0.357142857142857
39427,0,3,0,1,4,0,100,100,100,1.05263157894737,1.05263157894737,0.105263157894737,0.210526315789474,0.157894736842105
39428,2,3,0,0,4,1,100,100,100,1,0.945945945945946,0.189189189189189,0.216216216216216,0.0810810810810811
39429,3,3,0,0,4,1,100,75,100,0.745098039215686,0.686274509803922,0.137254901960784,0.156862745098039,0.176470588235294
39430,4,3,0,2,0,0,100,100,100,1.75,0.75,0,1.25,0.25
39431,3,3,0,2,4,2,60,100,100,0.390243902439024,0.317073170731707,0.0731707317073171,0.170731707317073,0.24390243902439
39432,1,3,0,1,4,1,75,100,100,0.573770491803279,0.557377049180328,0.0327868852459016,0.0983606557377049,0.0491803278688525
39433,1,3,0,1,4,0,88.8888888888889,100,100,1.24489795918367,1.22448979591837,0.244897959183673,0.163265306122449,0.0408163265306122
39434,2,3,0,1,5,0,88.8888888888889,100,100,1.11764705882353,1.05882352941176,0.382352941176471,0.235294117647059,0.0588235294117647
39435,0,3,0,1,5,1,100,80,100,0.672727272727273,0.672727272727273,0.0363636363636364,0.145454545454545,0.109090909090909
39436,0,3,0,1,4,1,100,66.6666666666667,100,0.538461538461538,0.538461538461538,0.0769230769230769,0.769230769230769,0.384615384615385
39438,0,3,0,2,4,0,100,100,100,0.25,0.25,0,3.5,0.5
39439,0,3,0,2,5,2,100,100,100,0.111111111111111,0.111111111111111,0,1.22222222222222,0.222222222222222
39440,2,3,0,1,5,0,100,100,100,0.964285714285714,0.892857142857143,0.0357142857142857,0.321428571428571,0.107142857142857
39441,30,3,0,2,5,0,100,87.5,100,1.77777777777778,0.111111111111111,0.277777777777778,0.444444444444444,0.166666666666667
39442,2,3,0,2,5,1,80,100,80,1.4,1,0.2,1.6,0.8
39443,3,1,1,2,5,4,84.6153846153846,100,84.6153846153846,0.46875,0.421875,0.078125,0.65625,0.046875
39444,2,3,0,2,5,2,66.6666666666667,83.3333333333333,66.6666666666667,0.790697674418605,0.744186046511628,0.255813953488372,0.232558139534884,0.116279069767442
39446,0,3,0,2,4,0,81.9044873063313,91.0130610644602,82.8406469895976,1.33333333333333,1.33333333333333,0,1,0
39447,0,3,0,1,4,0,100,100,100,0.777777777777778,0.777777777777778,0.222222222222222,0.555555555555556,0.388888888888889
39448,3,3,0,1,4,0,100,100,100,1.31818181818182,1.18181818181818,0.454545454545455,2.27272727272727,0.5
39449,1,3,0,2,4,0,100,100,100,1.02777777777778,1,0.138888888888889,0.25,0.138888888888889
39450,0,3,0,1,4,1,100,100,100,0.925,0.925,0.2,0.275,0.075
39451,6,3,0,0,4,0,100,88.8888888888889,100,1.39393939393939,1.21212121212121,0.272727272727273,0.333333333333333,0.303030303030303
39452,0,3,0,0,4,0,87.5,87.5,100,0.5,0.5,1.25,2,2.75
39453,0,3,0,0,4,1,85.7142857142857,100,100,1.28,1.28,0.24,0.32,0.08
39454,3,3,0,1,4,0,100,100,100,0.666666666666667,0.166666666666667,0.333333333333333,12.1666666666667,1
39455,1,3,0,1,4,0,100,100,100,0.787234042553192,0.765957446808511,0,0.297872340425532,0.25531914893617
39456,3,3,0,1,4,0,100,100,100,0.5,0.425,0.025,0.425,0.275
39457,0,3,0,1,4,0,100,100,100,4,4,1,9,2
39458,2,3,0,1,4,2,83.3333333333333,100,100,2.26315789473684,2.15789473684211,0.105263157894737,0.631578947368421,0.736842105263158
39459,2,3,0,1,4,0,91.6666666666667,83.3333333333333,100,1.19512195121951,1.14634146341463,0.439024390243902,0.317073170731707,0.317073170731707
39460,1,3,0,0,4,2,93.3333333333333,80,100,0.857142857142857,0.828571428571429,0.4,0.285714285714286,0.2
39461,0,3,0,0,4,0,93.3333333333333,93.3333333333333,100,2,2,0,18,8
39462,0,3,0,1,4,1,100,90.9090909090909,100,0.782608695652174,0.782608695652174,0,0.521739130434783,0.434782608695652
39463,0,3,0,0,4,2,100,88.8888888888889,100,0.828571428571429,0.828571428571429,0,0.371428571428571,0.142857142857143
39464,1,3,0,1,4,2,100,80,100,1,0.972972972972973,0.0540540540540541,0.351351351351351,0.27027027027027
39465,0,3,0,2,4,1,100,90.9090909090909,100,0.121951219512195,0.121951219512195,0.0487804878048781,0.51219512195122,0.365853658536585
39466,3,3,0,2,4,1,92.8571428571429,92.8571428571429,100,1.10769230769231,1.06153846153846,0.323076923076923,0.169230769230769,0.246153846153846
39467,2,3,0,2,4,2,90.9090909090909,100,100,0.862068965517241,0.827586206896552,0.275862068965517,0.224137931034483,0.0862068965517241
39468,7,3,0,1,4,1,100,100,100,0.854166666666667,0.708333333333333,0.0416666666666667,0.416666666666667,0.145833333333333
39469,5,2,0,2,4,0,81.9044873063313,91.0130610644602,82.8406469895976,0.5,0.0833333333333333,0,0.916666666666667,0.25
39470,10,2,0,1,4,0,81.9044873063313,91.0130610644602,82.8406469895976,0.909090909090909,0,0,0.363636363636364,1.09090909090909
39471,4,2,0,1,4,0,100,100,100,0.44,0.28,0,0.24,0.28
39472,7,3,0,2,4,0,100,100,100,0.714285714285714,0.514285714285714,0.0571428571428571,0.371428571428571,0.657142857142857
39473,1,3,0,1,4,1,100,100,100,0.833333333333333,0.666666666666667,0,1.5,1.83333333333333
39474,3,3,0,1,4,1,90,100,100,5,4.7,0,1.2,1
39475,3,3,0,1,4,0,93.3333333333333,86.6666666666667,100,1.61290322580645,1.51612903225806,1,0.483870967741935,0.225806451612903
39476,2,3,0,0,4,2,94.7368421052632,84.2105263157895,100,1.29268292682927,1.24390243902439,0.707317073170732,0.439024390243902,0.219512195121951
39477,1,3,0,0,4,1,94.1176470588235,94.1176470588235,100,0.5,0.458333333333333,0.0833333333333333,0.833333333333333,0.25
39478,10,3,0,2,4,3,100,90.9090909090909,100,0.758620689655172,0.413793103448276,0.0344827586206897,4.75862068965517,0.379310344827586
39479,1,2,0,1,3,3,100,100,100,1.09090909090909,1.04545454545455,0.0454545454545455,0.545454545454545,0.318181818181818
39480,1,3,0,1,4,1,100,83.3333333333333,100,0.8125,0.75,0.125,0.8125,0.25
39481,0,3,0,1,5,1,100,100,100,0.72,0.72,0.02,0.24,0.08
39482,1,3,0,1,5,0,100,100,100,0.545454545454545,0.454545454545455,0.909090909090909,1,0.272727272727273
39483,4,3,0,1,4,0,88.8888888888889,100,100,1,0.888888888888889,0.166666666666667,0.25,0.0277777777777778
39484,2,3,0,1,4,0,88.8888888888889,100,100,0.821428571428571,0.75,0.0357142857142857,0.25,0
39485,2,3,0,1,4,1,100,100,100,1,0.963636363636364,0.163636363636364,0.181818181818182,0.109090909090909
39486,6,3,0,1,4,4,100,100,100,1,0.769230769230769,0,0.307692307692308,0.346153846153846
39487,1,3,0,1,4,0,100,100,100,0.25,0.125,0,0.75,0.375
39488,10,2,0,2,4,1,81.9044873063313,91.0130610644602,82.8406469895976,0.304347826086957,0.0869565217391304,0,0.173913043478261,0.260869565217391
39489,16,2,0,1,4,1,92.3076923076923,92.3076923076923,92.3076923076923,0.888888888888889,0,0.277777777777778,0.444444444444444,0
39490,16,2,0,1,4,0,100,92.3076923076923,84.6153846153846,1.23076923076923,0,0.923076923076923,0.769230769230769,0.615384615384615
39491,17,2,0,1,4,1,100,90.9090909090909,81.8181818181818,0.68,0,0.96,0.4,0
39492,4,2,0,1,4,1,93.3333333333333,93.3333333333333,80,1.33333333333333,0,4,2.66666666666667,0.333333333333333
39493,3,2,0,1,4,0,91.6666666666667,91.6666666666667,91.6666666666667,0.6,0,0,1,0
39494,15,2,0,2,3,4,94.4444444444444,94.4444444444444,88.8888888888889,0.230769230769231,0,0.184615384615385,0.230769230769231,0.261538461538462
39495,15,2,0,1,4,1,100,100,84.6153846153846,0.6,0,0.4,0.36,0.08
39496,14,2,0,1,4,2,100,100,80,0.7,0,1.8,0.4,0.05
39497,1,3,0,2,4,4,90.3225806451613,90.3225806451613,90.3225806451613,0.641304347826087,0.630434782608696,0.0326086956521739,0.543478260869565,0.152173913043478
39498,1,2,0,2,3,1,100,88.2352941176471,94.1176470588235,1.05263157894737,1.02631578947368,0.0526315789473684,0.263157894736842,0.131578947368421
39499,1,3,0,2,0,1,100,90.9090909090909,90.9090909090909,1.41176470588235,1.38235294117647,0.0294117647058824,0.382352941176471,0.147058823529412
39500,3,3,0,2,3,2,93.3333333333333,86.6666666666667,93.3333333333333,0.217391304347826,0.152173913043478,0.0217391304347826,0.369565217391304,0.173913043478261
39501,5,2,0,1,4,0,100,100,100,1,0,2.6,2.2,1.8
39502,28,2,0,1,4,0,100,100,71.4285714285714,0.777777777777778,0,0.833333333333333,0.25,0.111111111111111
39503,33,3,2,3,4,0,85.8974358974359,89.7435897435898,92.3076923076923,1.47826086956522,0.0434782608695652,3.39130434782609,3.73913043478261,0.173913043478261
39504,2,2,0,1,4,0,93.3333333333333,86.6666666666667,100,0.785714285714286,0.714285714285714,0.0357142857142857,0.285714285714286,0.107142857142857
39505,0,2,0,2,4,2,92.3076923076923,84.6153846153846,100,1.11428571428571,1.11428571428571,0.2,0.285714285714286,0.114285714285714
39506,1,2,0,2,4,1,100,100,100,1,0.944444444444444,0.0555555555555556,0.611111111111111,0.333333333333333
39507,4,2,1,2,4,1,100,93.75,93.75,0.581818181818182,0.509090909090909,0.163636363636364,0.781818181818182,0.254545454545455
39508,8,3,1,3,3,0,88.8888888888889,88.8888888888889,100,0.258064516129032,0,0.129032258064516,0.225806451612903,0.290322580645161
39509,4,3,0,2,3,1,100,100,100,4,0,3,8,5
39510,7,3,1,3,4,1,100,100,100,0.875,0,1,1,0.375
39511,30,2,1,3,4,0,100,100,100,0.882352941176471,0,0.970588235294118,0.264705882352941,0.0588235294117647
39512,0,3,0,2,4,0,88.8888888888889,94.4444444444444,100,1.05555555555556,1.05555555555556,0.277777777777778,1.16666666666667,0.388888888888889
39513,3,3,0,1,4,1,91.304347826087,91.304347826087,100,1.24615384615385,1.2,0.169230769230769,0.2,0.169230769230769
39514,0,2,0,1,4,2,93.75,87.5,100,1.54761904761905,1.54761904761905,0.285714285714286,0.30952380952381,0.285714285714286
39515,0,2,0,2,4,1,100,100,100,1.26315789473684,1.26315789473684,0.131578947368421,0.394736842105263,0.263157894736842
39517,47,3,1,3,3,1,73.3333333333333,80,93.3333333333333,1,0,0.851063829787234,0.234042553191489,0.0638297872340425
39518,11,2,1,2,4,0,66.6666666666667,83.3333333333333,91.6666666666667,1.83333333333333,0,1.66666666666667,1,0.333333333333333
39519,13,2,1,3,4,0,85.7142857142857,85.7142857142857,100,0.866666666666667,0,1,0.533333333333333,0.4
39520,43,1,1,2,4,1,83.3333333333333,83.3333333333333,100,1.075,0,1.025,0.2,0.025
39521,58,2,1,3,4,1,73.3333333333333,80,93.3333333333333,0.90625,0,0.859375,0.203125,0.046875
39522,1,3,0,0,4,2,91.6666666666667,95.8333333333333,100,0.944444444444444,0.888888888888889,0.111111111111111,1.16666666666667,0.277777777777778
39523,0,3,0,1,4,0,95,95,100,0.75,0.75,0.480769230769231,0.269230769230769,0.173076923076923
39525,2,3,0,2,4,1,90.9090909090909,100,100,2.7,2.6,0.15,0.85,0.65
39526,7,3,0,2,4,2,100,100,100,3.14285714285714,2.14285714285714,0.142857142857143,1.57142857142857,1.57142857142857
39527,7,2,1,2,4,0,73.3333333333333,80,93.3333333333333,1.4,0,8.8,1.8,1
39528,22,3,0,3,4,3,80,80,90,0.372881355932203,0,0.0169491525423729,0.220338983050847,0.186440677966102
39529,7,3,0,1,4,0,81.8181818181818,81.8181818181818,90.9090909090909,1.75,0,0.25,1.75,0.75
39530,17,3,0,1,3,0,77.7777777777778,77.7777777777778,88.8888888888889,1.21428571428571,0,0.0714285714285714,0.5,0
39531,10,3,0,1,4,0,77.7777777777778,77.7777777777778,88.8888888888889,0.588235294117647,0,0,0.588235294117647,0.0588235294117647
39532,8,3,0,2,4,2,100,80,100,0.533333333333333,0,0.0666666666666667,0.466666666666667,0
39533,3,3,0,3,4,1,100,80,100,0.125,0,0.0833333333333333,0.458333333333333,0.416666666666667
39534,40,3,1,2,4,2,87.5,91.6666666666667,91.6666666666667,0.377358490566038,0,0.0188679245283019,0.19811320754717,0.160377358490566
39535,37,1,1,2,4,1,100,100,100,0.787234042553192,0,0,0.25531914893617,0.0212765957446809
39536,31,2,1,3,4,1,100,100,100,2.21428571428571,0,0,0.5,0
39537,22,2,1,3,3,1,90.9090909090909,100,90.9090909090909,0.956521739130435,0,0,0.260869565217391,0.173913043478261
39538,16,1,1,1,4,0,100,100,100,1.14285714285714,0,0.214285714285714,0.571428571428571,0.214285714285714
39539,14,1,1,1,4,0,88.8888888888889,100,88.8888888888889,1.07692307692308,0,0.230769230769231,0.538461538461538,0.307692307692308
39541,17,3,0,1,4,0,78.5714285714286,85.7142857142857,85.7142857142857,1.41666666666667,0,0.0833333333333333,0.666666666666667,0.333333333333333
39542,27,3,1,3,4,3,80,86.6666666666667,86.6666666666667,0.794117647058823,0,0.0294117647058824,0.264705882352941,0.147058823529412
39543,19,3,0,2,4,1,90.9090909090909,81.8181818181818,100,0.95,0,0.05,0.35,0.05
39545,9,3,0,3,4,1,90.9090909090909,81.8181818181818,100,0.333333333333333,0,0.259259259259259,0.333333333333333,0.37037037037037
39546,18,3,1,2,4,3,100,100,100,0.216867469879518,0,0.0602409638554217,0.144578313253012,0.192771084337349
39547,51,3,0,1,4,2,100,100,100,0.772727272727273,0,0.0757575757575758,0.363636363636364,0.181818181818182
39548,42,3,0,2,4,1,100,100,100,0.976744186046512,0,0.0232558139534884,0.255813953488372,0.186046511627907
39549,14,3,1,3,4,0,98.4126984126984,96.8253968253968,98.4126984126984,0.736842105263158,0,0.0526315789473684,4.31578947368421,0.789473684210526
39550,6,3,0,1,3,1,83.3333333333333,83.3333333333333,100,0.260869565217391,0,0.217391304347826,0.347826086956522,0.0434782608695652
39551,27,3,0,1,4,0,82.3529411764706,82.3529411764706,100,0.54,0,0.64,0.34,0.24
39552,17,2,0,1,3,0,81.25,87.5,100,0.607142857142857,0,1.07142857142857,0.25,0.0357142857142857
39553,1,3,0,1,0,0,100,100,100,0.5,0,5,3,1.5
39554,7,3,0,2,4,1,100,100,100,0.5,0,0,0.428571428571429,0.928571428571429
39555,13,2,0,1,2,0,100,100,100,0.419354838709677,0,0,0.129032258064516,0.161290322580645
39557,2,2,0,1,4,0,100,100,100,2,0,1,9,3
39558,32,2,0,1,4,0,100,100,100,1.23076923076923,0,0,0.384615384615385,0.307692307692308
39559,32,3,0,1,3,1,81.25,87.5,100,1.375,0.0416666666666667,1.54166666666667,0.333333333333333,0.0416666666666667
39560,13,3,0,1,3,0,78.9473684210526,84.2105263157895,100,0.371428571428571,0,0.8,0.771428571428571,0.228571428571429
39561,34,2,1,3,4,5,97.6744186046512,95.3488372093023,97.6744186046512,0.414634146341463,0,0.146341463414634,0.75609756097561,0.146341463414634
39562,31,2,0,1,4,2,100,100,100,0.911764705882353,0,0.0294117647058824,0.264705882352941,0.0882352941176471
39563,27,2,0,1,4,0,100,100,100,0.675,0,0.025,0.225,0.125
39564,14,2,0,2,4,0,100,100,100,0.823529411764706,0,0,0.352941176470588,0.117647058823529
39565,5,1,0,1,4,2,100,100,100,1,0,0,0.8,0.2
39566,8,1,0,2,4,0,100,100,100,0.8,0,0,0.8,0.3
39567,27,3,0,1,3,1,81.8181818181818,81.8181818181818,100,1.22727272727273,0,1.5,0.363636363636364,0.0454545454545455
39568,3,2,0,1,4,0,83.3333333333333,83.3333333333333,100,0.230769230769231,0,1.07692307692308,0.307692307692308,0.153846153846154
39569,4,3,0,2,3,0,83.3333333333333,83.3333333333333,100,0.4,0,0.9,0.6,0
39570,26,3,0,1,3,0,75,75,100,0.509803921568627,0,0.764705882352941,0.215686274509804,0.0196078431372549
39571,24,3,0,0,0,0,83.3333333333333,75,100,0.51063829787234,0,1.14893617021277,0.25531914893617,0.0212765957446809
39572,11,3,0,1,0,0,100,75,100,1,0,1.09090909090909,0.454545454545455,0
39573,27,3,0,0,0,0,75,75,100,0.72972972972973,0,1.24324324324324,0.216216216216216,0.027027027027027
39574,10,3,0,3,0,1,66.6666666666667,66.6666666666667,100,0.238095238095238,0,0.642857142857143,0.166666666666667,0.214285714285714
40106,3,3,0,1,2,0,81.9044873063313,91.0130610644602,82.8406469895976,7,6.625,0.125,0.625,0
40107,0,2,0,1,2,1,81.9044873063313,91.0130610644602,82.8406469895976,0.75,0.75,0,0.4375,0.125
40108,0,3,0,1,2,0,81.9044873063313,91.0130610644602,82.8406469895976,0.8,0.8,0.05,0.3,0.05
40109,0,3,0,1,2,0,81.9044873063313,91.0130610644602,82.8406469895976,0.857142857142857,0.857142857142857,0,1,0
40110,1,3,0,1,3,0,81.9044873063313,91.0130610644602,82.8406469895976,0.892857142857143,0.857142857142857,0.0357142857142857,0.321428571428571,0.0357142857142857
40111,15,3,0,1,4,2,77.7777777777778,88.8888888888889,100,0.97,0.895,0.055,0.205,0.035
40112,1,3,0,1,0,0,100,100,100,1.40909090909091,1.36363636363636,0.0454545454545455,0.318181818181818,0.0909090909090909
40113,1,3,0,1,0,0,100,100,100,0.846153846153846,0.769230769230769,0.0769230769230769,0.538461538461538,0.0769230769230769
40114,0,2,0,1,0,0,81.9044873063313,91.0130610644602,82.8406469895976,0.714285714285714,0.714285714285714,0.0476190476190476,0.285714285714286,0.0476190476190476
40115,0,3,0,1,0,1,81.9044873063313,91.0130610644602,82.8406469895976,0.75,0.75,0,0.35,0
40116,0,3,0,1,3,1,81.9044873063313,91.0130610644602,82.8406469895976,0.80952380952381,0.80952380952381,0.0952380952380952,0.428571428571429,0.0476190476190476
40118,1,2,0,1,4,2,71.4285714285714,92.8571428571429,100,0.739130434782609,0.695652173913043,0.0869565217391304,0.782608695652174,0.173913043478261
40119,1,2,0,1,4,0,88.8888888888889,100,100,0.655172413793103,0.620689655172414,0.0689655172413793,0.275862068965517,0
40120,0,2,0,1,4,1,50,100,100,0.80952380952381,0.80952380952381,0,0.380952380952381,0.0476190476190476
40121,3,2,0,1,4,1,50,100,100,0.576923076923077,0.461538461538462,0,0.153846153846154,0
40122,1,3,0,1,0,0,81.9044873063313,91.0130610644602,82.8406469895976,0.625,0.59375,0.0625,0.5,0.03125
40123,0,3,0,0,0,0,81.9044873063313,91.0130610644602,82.8406469895976,0.585365853658537,0.585365853658537,0,0.268292682926829,0.0487804878048781
40124,0,3,0,0,0,0,81.9044873063313,91.0130610644602,82.8406469895976,0.724137931034483,0.724137931034483,0.103448275862069,0.172413793103448,0.0689655172413793
40125,0,3,0,1,3,0,66.6666666666667,100,100,0.763157894736842,0.763157894736842,0,0.342105263157895,0.0263157894736842
40126,0,3,0,1,3,1,77.7777777777778,88.8888888888889,100,0.615384615384615,0.615384615384615,0,0.5,0
40127,4,3,0,1,3,2,80,90,100,0.53125,0.40625,0.03125,0.375,0.0625
40128,0,2,0,1,4,2,81.8181818181818,90.9090909090909,100,0.553191489361702,0.553191489361702,0,0.276595744680851,0.0851063829787234
40129,8,2,1,2,4,1,78.5714285714286,92.8571428571429,92.8571428571429,0.690909090909091,0.545454545454545,0,0.654545454545455,0.0909090909090909
40130,27,2,1,3,4,1,77.7777777777778,88.8888888888889,88.8888888888889,0.853333333333333,0.493333333333333,0,0.213333333333333,0.0933333333333333
40131,3,3,0,0,4,1,81.9044873063313,91.0130610644602,82.8406469895976,0.633333333333333,0.583333333333333,0.0666666666666667,0.166666666666667,0.0166666666666667
40132,0,3,0,0,4,0,81.9044873063313,91.0130610644602,82.8406469895976,0.678571428571429,0.678571428571429,0.107142857142857,0.25,0.0357142857142857
40133,0,3,0,1,4,1,81.9044873063313,91.0130610644602,82.8406469895976,0.67910447761194,0.67910447761194,0.0447761194029851,0.156716417910448,0.0298507462686567
40134,1,3,0,0,3,0,100,100,100,0.75,0.666666666666667,0.25,0.5,0.0833333333333333
40135,1,3,0,0,0,1,100,100,100,0.708333333333333,0.666666666666667,0.0416666666666667,0.291666666666667,0.0833333333333333
40136,1,3,0,2,3,2,66.6666666666667,100,100,0.587301587301587,0.571428571428571,0,0.19047619047619,0.0317460317460317
40138,0,3,1,3,0,0,71.4285714285714,85.7142857142857,85.7142857142857,0.0444444444444444,0.0444444444444444,0.0222222222222222,0.177777777777778,0
40139,0,3,0,2,4,0,100,100,100,0.545454545454545,0.545454545454545,0,0.0909090909090909,0.0303030303030303
40140,0,3,0,1,4,1,100,100,100,0.869565217391304,0.869565217391304,0.0434782608695652,0.173913043478261,0
40141,0,3,0,0,4,0,81.9044873063313,91.0130610644602,82.8406469895976,0.516129032258065,0.516129032258065,0.0645161290322581,0.129032258064516,0.0645161290322581
40142,0,3,0,1,4,1,100,100,100,0.625,0.625,0.0833333333333333,0.833333333333333,0.0416666666666667
40143,1,3,0,2,4,0,100,100,100,0.2,0.133333333333333,0,4.13333333333333,0.133333333333333
40144,0,3,0,2,3,0,81.9044873063313,91.0130610644602,82.8406469895976,0.592592592592593,0.592592592592593,0.037037037037037,0.296296296296296,0
40145,0,3,0,1,0,0,100,100,100,0.592592592592593,0.592592592592593,0,0.444444444444444,0.111111111111111
40146,0,3,0,1,4,0,100,100,100,0.653846153846154,0.653846153846154,0,0.384615384615385,0.0769230769230769
40147,0,3,0,2,4,1,100,83.3333333333333,100,0.675,0.675,0.025,0.35,0.05
40148,0,3,0,0,0,0,50,100,50,1,1,0,1.5,0.25
40149,0,3,0,0,4,0,50,100,50,0.933333333333333,0.933333333333333,0,0.4,0.0666666666666667
40150,0,3,0,0,4,0,50,100,50,0.736842105263158,0.736842105263158,0.0526315789473684,0.315789473684211,0.105263157894737
40151,0,3,0,0,4,0,50,100,50,1.2,1.2,0,0.5,0.05
40152,0,3,0,0,4,0,100,100,100,0.736842105263158,0.736842105263158,0.0526315789473684,0.368421052631579,0.0526315789473684
40153,0,3,0,0,4,1,100,100,100,0.76,0.76,0.16,0.28,0
40154,1,3,0,0,4,1,100,100,100,0.863636363636364,0.818181818181818,0.136363636363636,0.272727272727273,0.0909090909090909
40155,0,3,0,0,4,0,100,100,100,1,1,0.133333333333333,0.333333333333333,0.0666666666666667
40156,0,3,0,0,4,0,100,100,100,0.684210526315789,0.684210526315789,0.0789473684210526,0.157894736842105,0
40157,0,3,0,0,4,0,88.8888888888889,100,88.8888888888889,0.697368421052632,0.697368421052632,0.0131578947368421,0.131578947368421,0.0263157894736842
40158,3,3,0,0,4,1,87.5,100,87.5,0.815789473684211,0.776315789473684,0.0394736842105263,0.144736842105263,0.0394736842105263
40159,0,3,0,0,4,1,90,100,90,0.822222222222222,0.822222222222222,0.0666666666666667,0.222222222222222,0.0222222222222222
40160,1,3,0,0,4,1,80,100,80,0.837837837837838,0.810810810810811,0.027027027027027,0.297297297297297,0.027027027027027
40161,0,3,0,0,4,1,100,100,100,0.708333333333333,0.708333333333333,0.0416666666666667,0.5,0
40162,0,3,0,1,4,0,100,71.4285714285714,100,0.645161290322581,0.645161290322581,0.0967741935483871,0.258064516129032,0.0645161290322581
40163,0,3,0,0,4,1,100,100,100,1.18181818181818,1.18181818181818,0,0.636363636363636,0.181818181818182
40164,0,3,0,1,4,0,100,100,100,1.14285714285714,1.14285714285714,0.0952380952380952,0.238095238095238,0
40165,0,3,0,1,4,1,81.9044873063313,91.0130610644602,82.8406469895976,0.571428571428571,0.571428571428571,0.0357142857142857,0.107142857142857,0.0714285714285714
40166,0,3,0,1,4,0,81.9044873063313,91.0130610644602,82.8406469895976,0.636363636363636,0.636363636363636,0.0454545454545455,0.227272727272727,0
40167,0,3,0,0,4,1,81.9044873063313,91.0130610644602,82.8406469895976,0.590909090909091,0.590909090909091,0.136363636363636,0.227272727272727,0
40168,0,3,0,0,4,2,81.9044873063313,91.0130610644602,82.8406469895976,0.769230769230769,0.769230769230769,0.0384615384615385,0.192307692307692,0.0384615384615385
40169,1,3,0,0,4,1,100,100,100,0.625,0.615384615384615,0.00961538461538462,0.115384615384615,0.0480769230769231
40170,0,3,0,0,0,1,81.9044873063313,91.0130610644602,82.8406469895976,0.0294117647058824,0.0294117647058824,0,0.264705882352941,0
40171,0,3,0,1,0,1,100,100,100,1.58064516129032,1.58064516129032,0.0967741935483871,0.483870967741935,0.129032258064516
40172,0,3,0,1,4,1,100,100,100,0.695121951219512,0.695121951219512,0.0365853658536585,0.146341463414634,0.0487804878048781
40173,0,3,0,1,4,1,100,100,100,0.708860759493671,0.708860759493671,0.0632911392405063,0.227848101265823,0.0253164556962025
40174,0,3,0,1,4,3,100,100,100,0.808510638297872,0.808510638297872,0.0638297872340425,0.234042553191489,0.0425531914893617
40175,0,3,0,2,4,3,100,86.6666666666667,100,0.625,0.625,0.0125,0.1875,0.0375
40176,0,3,0,1,4,0,100,75,100,0.541666666666667,0.541666666666667,0.0833333333333333,0.375,0.0416666666666667
40177,0,3,0,1,4,1,81.9044873063313,91.0130610644602,82.8406469895976,0.44,0.44,0.2,0.28,0
40178,0,3,0,1,4,0,100,100,100,0.428571428571429,0.428571428571429,0.142857142857143,1.21428571428571,0.0714285714285714
40179,0,3,0,1,4,0,100,100,100,0.567567567567568,0.567567567567568,0.0810810810810811,0.297297297297297,0.0540540540540541
40180,1,3,0,0,4,1,100,100,100,0.633333333333333,0.6,0.0666666666666667,0.2,0.0333333333333333
40181,0,3,0,0,4,0,50,100,50,0.56,0.56,0,0.24,0.08
40182,0,3,0,1,4,0,50,100,50,0.5,0.5,0,0.136363636363636,0.0303030303030303
40183,1,3,0,1,0,0,100,100,100,0.533333333333333,0.5,0.0333333333333333,0.0666666666666667,0.0333333333333333
40184,0,3,0,1,4,0,100,100,100,0.461538461538462,0.461538461538462,0,0.192307692307692,0.0384615384615385
40185,0,3,0,1,4,0,100,100,100,0.681818181818182,0.681818181818182,0,0.227272727272727,0.0454545454545455
40186,0,3,0,1,4,0,100,100,100,0.608695652173913,0.608695652173913,0,0.260869565217391,0
40187,0,3,0,0,4,0,100,100,100,1.2,1.2,0.0666666666666667,0.333333333333333,0.0666666666666667
40188,3,3,0,2,4,0,50,100,50,0.253731343283582,0.208955223880597,0.0149253731343284,0.17910447761194,0.0149253731343284
40189,22,3,0,1,4,0,81.9044873063313,91.0130610644602,82.8406469895976,0.674418604651163,0.162790697674419,0.0232558139534884,0.232558139534884,0.0465116279069767
40190,0,3,0,1,4,0,81.9044873063313,91.0130610644602,82.8406469895976,0.658536585365854,0.658536585365854,0,0.146341463414634,0.024390243902439
40191,4,3,0,0,4,2,81.9044873063313,91.0130610644602,82.8406469895976,0.942857142857143,0.885714285714286,0.1,0.157142857142857,0.0285714285714286
40192,0,3,0,0,2,0,81.9044873063313,91.0130610644602,82.8406469895976,0.714285714285714,0.714285714285714,0.0857142857142857,0.2,0.0571428571428571
40193,0,3,0,0,2,1,81.9044873063313,91.0130610644602,82.8406469895976,0.783783783783784,0.783783783783784,0.027027027027027,0.243243243243243,0
40194,0,3,0,0,3,1,81.9044873063313,91.0130610644602,82.8406469895976,0.742857142857143,0.742857142857143,0.0285714285714286,0.171428571428571,0.0285714285714286
40195,0,3,0,1,0,3,100,100,88.8888888888889,0.788732394366197,0.788732394366197,0.0140845070422535,0.169014084507042,0.0704225352112676
40196,0,3,0,1,4,1,100,100,66.6666666666667,0.75,0.75,0.0357142857142857,0.214285714285714,0.0714285714285714
40197,0,3,0,1,4,3,100,100,92.8571428571429,0.715909090909091,0.715909090909091,0.0340909090909091,0.227272727272727,0.0340909090909091
40198,0,3,0,1,4,0,75,75,75,0.96,0.96,0.02,0.16,0.06
40199,0,3,0,1,4,0,100,80,100,0.739130434782609,0.739130434782609,0.0217391304347826,0.347826086956522,0.0217391304347826
40200,0,3,0,1,0,0,100,80,100,0.833333333333333,0.833333333333333,0.0277777777777778,0.194444444444444,0.0555555555555556
40201,1,3,0,0,4,3,100,100,100,0.907894736842105,0.894736842105263,0.0131578947368421,0.184210526315789,0.0263157894736842
40202,1,3,0,0,0,0,100,100,100,0.888888888888889,0.873015873015873,0.0317460317460317,0.285714285714286,0.0158730158730159
40203,0,3,0,0,4,2,75,100,75,0.78021978021978,0.78021978021978,0.021978021978022,0.153846153846154,0.010989010989011
40204,0,3,0,0,4,0,75,100,75,0.82089552238806,0.82089552238806,0.0149253731343284,0.26865671641791,0.0149253731343284
40205,0,3,0,0,4,1,75,100,75,0.972222222222222,0.972222222222222,0.0416666666666667,0.194444444444444,0.0138888888888889
40206,2,3,0,0,4,0,66.6666666666667,100,66.6666666666667,0.985714285714286,0.957142857142857,0.0428571428571429,0.142857142857143,0.0285714285714286
40207,1,3,0,1,4,1,75,100,50,0.952380952380952,0.936507936507937,0.0476190476190476,0.285714285714286,0.0317460317460317
40208,0,3,0,1,4,2,40,100,60,0.814814814814815,0.814814814814815,0,0.12962962962963,0.0555555555555556
40209,0,3,0,1,3,1,100,100,100,1.63333333333333,1.63333333333333,0.0666666666666667,0.233333333333333,0.0666666666666667
40210,0,3,0,1,0,0,100,100,100,0.956521739130435,0.956521739130435,0.0434782608695652,0.391304347826087,0.0434782608695652
40211,0,3,0,1,4,1,100,100,100,0.90625,0.90625,0.03125,0.53125,0.0625
40212,9,3,0,1,4,0,100,100,100,0.956521739130435,0.565217391304348,0.0434782608695652,0.0869565217391304,0.0434782608695652
40213,10,3,0,1,2,0,81.9044873063313,91.0130610644602,82.8406469895976,0.869565217391304,0.434782608695652,0,0.130434782608696,0.0434782608695652
40214,11,3,0,0,3,0,100,100,100,1.09090909090909,0.590909090909091,0.0909090909090909,0.227272727272727,0.0454545454545455
40215,10,3,0,0,3,0,100,100,100,1.61538461538462,0.846153846153846,0.0769230769230769,0.384615384615385,0.0769230769230769
40216,13,3,0,0,4,1,100,100,50,0.96,0.44,0.04,0.2,0.08
40217,14,3,0,1,4,0,100,100,100,1.23809523809524,0.571428571428571,0,0.0952380952380952,0.0476190476190476
40218,1,3,0,1,4,0,66.6666666666667,100,66.6666666666667,0.884615384615385,0.871794871794872,0.0769230769230769,0.128205128205128,0.0384615384615385
40219,1,3,0,1,4,1,60,100,40,0.853658536585366,0.841463414634146,0.0487804878048781,0.121951219512195,0.0121951219512195
40220,0,3,0,2,4,1,80,93.3333333333333,80,0.175,0.175,0.0375,0.3,0.1375
40221,0,3,0,1,3,0,100,100,100,0.76,0.76,0,0.2,0
40222,0,3,0,1,3,1,100,100,100,0.736842105263158,0.736842105263158,0.105263157894737,0.184210526315789,0.0263157894736842
40223,0,3,0,1,3,0,100,100,100,0.689655172413793,0.689655172413793,0.103448275862069,0.310344827586207,0.0344827586206897
40224,0,3,0,1,4,1,81.9044873063313,91.0130610644602,82.8406469895976,0.702702702702703,0.702702702702703,0,0.135135135135135,0
40225,1,3,0,1,4,0,81.9044873063313,91.0130610644602,82.8406469895976,0.5,0,0,4.5,0.5
40226,27,3,0,1,0,1,100,100,100,0.613636363636364,0,0.0454545454545455,0.204545454545455,0.0227272727272727
40227,44,3,0,1,2,0,100,100,100,0.676923076923077,0,0.0461538461538462,0.215384615384615,0.0307692307692308
40228,50,3,0,1,2,1,100,100,100,0.45045045045045,0,0.018018018018018,0.108108108108108,0.018018018018018
40229,22,2,0,1,2,1,81.9044873063313,91.0130610644602,82.8406469895976,0.6875,0,0.0625,0.125,0.03125
40230,22,2,0,1,2,1,100,100,100,0.956521739130435,0,0.0869565217391304,0.217391304347826,0
40231,25,3,0,1,4,0,81.9044873063313,91.0130610644602,82.8406469895976,0.568181818181818,0,0.0454545454545455,0.181818181818182,0.0454545454545455
40232,21,3,0,1,4,1,100,100,100,0.525,0,0,0.25,0.025
40233,25,3,0,1,4,1,100,100,50,0.641025641025641,0,0.0512820512820513,0.205128205128205,0.0512820512820513
40234,24,3,0,1,4,0,95.6521739130435,100,86.9565217391304,0.533333333333333,0,0.0444444444444444,0.222222222222222,0
40235,12,3,0,1,4,0,95.6521739130435,100,86.9565217391304,1.08333333333333,0.583333333333333,0.125,0.166666666666667,0.0416666666666667
40236,11,3,0,1,4,0,100,100,87.5,1.375,0.6875,0,0.25,0.0625
40237,1,3,0,1,4,0,93.1034482758621,100,86.2068965517241,0.933333333333333,0.916666666666667,0.0166666666666667,0.3,0.0333333333333333
40238,0,2,0,1,4,2,96,100,88,1.04651162790698,1.04651162790698,0.0232558139534884,0.162790697674419,0
40239,1,2,0,1,4,3,88.8888888888889,100,88.8888888888889,0.785046728971963,0.775700934579439,0.0186915887850467,0.130841121495327,0.0560747663551402
40241,27,3,0,1,0,0,81.9044873063313,91.0130610644602,82.8406469895976,0.46551724137931,0,0,0.155172413793103,0.0172413793103448
40242,1,3,0,3,2,0,81.9044873063313,91.0130610644602,82.8406469895976,0.00796812749003984,0.00398406374501992,0,0.0159362549800797,0.00398406374501992
40243,17,2,0,1,2,0,81.9044873063313,91.0130610644602,82.8406469895976,0.62962962962963,0,0.037037037037037,0.148148148148148,0.0740740740740741
40244,22,2,0,1,2,0,81.9044873063313,91.0130610644602,82.8406469895976,0.6875,0,0.09375,0.125,0.0625
40245,39,3,0,1,3,1,81.9044873063313,91.0130610644602,82.8406469895976,0.629032258064516,0,0.0645161290322581,0.17741935483871,0.0483870967741935
40246,35,3,0,1,3,1,100,100,100,0.460526315789474,0,0.0263157894736842,0.144736842105263,0.0131578947368421
40247,25,3,0,1,4,0,81.9044873063313,91.0130610644602,82.8406469895976,0.581395348837209,0,0.0465116279069767,0.186046511627907,0.0465116279069767
40248,27,3,0,1,4,0,81.9044873063313,91.0130610644602,82.8406469895976,0.675,0,0.075,0.225,0
40249,22,3,0,0,4,0,100,100,100,0.578947368421053,0,0.0789473684210526,0.184210526315789,0.0526315789473684
40250,25,3,0,0,4,0,92.8571428571429,100,85.7142857142857,0.609756097560976,0,0.0731707317073171,0.170731707317073,0.0487804878048781
40251,62,3,0,1,0,3,100,100,100,0.898550724637681,0,0.565217391304348,0.130434782608696,0.0289855072463768
40252,39,3,0,1,2,0,81.9044873063313,91.0130610644602,82.8406469895976,0.769230769230769,0.0192307692307692,1.57692307692308,0.192307692307692,0.0384615384615385
40253,21,3,0,1,2,0,50,100,100,0.538461538461538,0,0.102564102564103,0.153846153846154,0.0512820512820513
40254,17,3,0,1,0,0,50,100,100,0.566666666666667,0,0.1,0.2,0.0333333333333333
40255,10,3,0,0,2,1,50,100,100,0.454545454545455,0,0.0909090909090909,0.363636363636364,0.0909090909090909
40256,24,3,0,1,2,0,100,100,100,0.585365853658537,0,0.682926829268293,0.195121951219512,0
40257,21,3,0,0,2,0,100,100,100,1.05,0,1.85,0.45,0.15
40258,41,3,0,0,3,0,100,100,100,0.554054054054054,0,1.04054054054054,0.216216216216216,0.0675675675675676
40259,14,3,0,1,3,1,81.9044873063313,91.0130610644602,82.8406469895976,0.518518518518518,0,1.37037037037037,0.185185185185185,0.037037037037037
40260,23,3,0,1,2,0,81.9044873063313,91.0130610644602,82.8406469895976,0.58974358974359,0,1.33333333333333,0.179487179487179,0.0256410256410256
40261,19,3,0,1,2,0,100,100,100,0.575757575757576,0,0.0909090909090909,0.181818181818182,0.0606060606060606
40262,28,3,0,0,2,0,100,100,100,0.571428571428571,0,0.0408163265306122,0.142857142857143,0
40263,28,3,0,0,2,0,33.3333333333333,100,100,0.608695652173913,0,0.108695652173913,0.195652173913043,0.0217391304347826
40264,28,3,0,1,0,1,50,100,100,0.5,0,0.0892857142857143,0.160714285714286,0.0178571428571429
40265,11,3,0,1,0,0,50,100,100,0.5,0,0.363636363636364,0.318181818181818,0
40266,237,3,1,2,4,1,70,70,60,0.9375,0.01171875,1.046875,0.1953125,0.02734375
40267,31,3,0,1,4,0,81.9044873063313,91.0130610644602,82.8406469895976,0.418918918918919,0,1.08108108108108,0.148648648648649,0.027027027027027
40268,43,3,0,0,4,2,100,100,100,0.623188405797101,0,1.47826086956522,0.27536231884058,0.101449275362319
40269,22,3,0,0,4,0,100,100,100,0.666666666666667,0,1.51515151515152,0.212121212121212,0.0606060606060606
40270,8,3,0,0,0,0,81.9044873063313,91.0130610644602,82.8406469895976,0.666666666666667,0,2.75,0.5,0.0833333333333333
40271,34,3,0,0,4,1,100,100,100,0.641509433962264,0,1.47169811320755,0.245283018867925,0.0188679245283019
40272,27,3,0,0,4,0,100,100,100,0.528301886792453,0.0188679245283019,0.735849056603774,0.169811320754717,0.0377358490566038
40273,26,3,0,0,3,1,81.9044873063313,91.0130610644602,82.8406469895976,0.702702702702703,0,0.702702702702703,0.189189189189189,0.0540540540540541
40274,22,3,0,1,3,1,81.9044873063313,91.0130610644602,82.8406469895976,0.647058823529412,0,0.882352941176471,0.264705882352941,0
40275,19,3,0,0,3,0,81.9044873063313,91.0130610644602,82.8406469895976,0.452380952380952,0,0.523809523809524,0.166666666666667,0.0476190476190476
40276,46,3,0,1,0,0,100,100,100,0.582278481012658,0,0.0379746835443038,0.151898734177215,0.0253164556962025
40277,3,3,0,2,2,0,100,100,100,0.075,0,0,0.1,0.025
40280,33,2,0,1,0,0,81.9044873063313,91.0130610644602,82.8406469895976,1.52173913043478,0.0869565217391304,1.56521739130435,0.217391304347826,0.0434782608695652
40281,15,2,0,1,3,1,100,100,100,1,0.0625,2.125,0.3125,0
40282,34,3,0,1,3,0,100,100,100,1.36,0,1.4,0.2,0.04
40283,18,3,0,1,3,0,100,100,100,1.1875,0.0625,2.5625,0.3125,0
40284,40,3,0,1,4,0,100,100,100,2.15789473684211,0.0526315789473684,1.94736842105263,0.263157894736842,0.0526315789473684
40285,1,3,0,1,4,0,100,100,100,0.0555555555555556,0,1.61111111111111,0.277777777777778,0
40286,19,3,0,1,4,1,81.9044873063313,91.0130610644602,82.8406469895976,0.826086956521739,0,1.39130434782609,0.217391304347826,0.0434782608695652
40287,17,3,0,1,4,1,81.9044873063313,91.0130610644602,82.8406469895976,0.894736842105263,0,1.68421052631579,0.263157894736842,0
40288,40,3,0,1,4,0,100,50,100,1.78260869565217,0.0434782608695652,1.39130434782609,0.217391304347826,0.0434782608695652
40289,12,3,0,1,4,1,100,50,100,0.857142857142857,0,2.28571428571429,0.357142857142857,0.0714285714285714
40290,13,3,0,1,4,0,100,66.6666666666667,100,0.722222222222222,0,1.61111111111111,0.277777777777778,0
40291,42,3,0,1,4,1,100,66.6666666666667,100,2.8,0,1.93333333333333,0.333333333333333,0.0666666666666667
40292,1,2,0,1,4,0,100,66.6666666666667,100,0.05,0,1.4,0.25,0
40293,14,3,0,1,3,0,100,100,100,0.833333333333333,0.0555555555555556,1.72222222222222,0.277777777777778,0.0555555555555556
40294,9,3,0,1,3,0,100,100,100,0.6,0,1.73333333333333,0.333333333333333,0
40295,37,3,0,0,4,0,100,100,100,2.3125,0,1.75,0.3125,0.0625
40297,12,3,0,1,4,0,100,100,100,0.666666666666667,0,1.72222222222222,0.277777777777778,0.0555555555555556
40298,41,3,0,1,4,0,60,60,60,2.625,0.0625,2.0625,0.3125,0
40299,46,3,0,1,4,0,60,60,60,2.42105263157895,0,2.05263157894737,0.263157894736842,0.0526315789473684
40300,5,2,0,2,3,1,100,100,75,0.978260869565217,0.869565217391304,0.956521739130435,0.282608695652174,0.0217391304347826
40301,2,2,1,3,2,2,100,100,100,1.05263157894737,1,1.21052631578947,0.342105263157895,0.105263157894737
40302,0,3,0,3,4,1,100,100,100,0.572164948453608,0.572164948453608,0.804123711340206,0.27319587628866,0.0515463917525773
40303,1,3,0,1,3,0,100,100,66.6666666666667,0.717948717948718,0.692307692307692,1.61538461538462,0.205128205128205,0.0512820512820513
40304,0,2,0,1,4,2,100,80,80,0.829268292682927,0.829268292682927,1.48780487804878,0.268292682926829,0.0731707317073171
40305,0,2,0,1,4,0,100,80,80,0.704545454545455,0.704545454545455,1.5,0.204545454545455,0.0227272727272727
40306,0,2,0,1,3,1,100,83.3333333333333,83.3333333333333,0.85,0.85,1.8,0.225,0
40307,0,2,0,2,3,0,100,66.6666666666667,100,0.653061224489796,0.653061224489796,1.3469387755102,0.163265306122449,0.0204081632653061
40308,0,3,0,2,3,1,100,66.6666666666667,100,0.727272727272727,0.727272727272727,1.36363636363636,0.181818181818182,0.0454545454545455
40309,0,2,0,2,4,0,100,50,100,1.3695652173913,1.3695652173913,1.34782608695652,0.173913043478261,0.0217391304347826
40310,0,2,0,2,4,0,100,100,100,0.897435897435897,0.897435897435897,1.66666666666667,0.230769230769231,0.0256410256410256
40311,0,3,0,2,0,0,81.9044873063313,91.0130610644602,82.8406469895976,0.825,0.825,1.65,0.2,0.025
40312,0,3,0,2,0,0,81.9044873063313,91.0130610644602,82.8406469895976,0.837837837837838,0.837837837837838,1.62162162162162,0.216216216216216,0.0540540540540541
40313,0,2,0,2,0,1,81.9044873063313,91.0130610644602,82.8406469895976,0.634615384615385,0.634615384615385,1.19230769230769,0.153846153846154,0.0192307692307692
40314,2,2,0,2,0,0,81.9044873063313,91.0130610644602,82.8406469895976,0.72,0.68,1.4,0.18,0
40315,0,2,1,2,0,1,81.9044873063313,91.0130610644602,82.8406469895976,0.75,0.75,1.47916666666667,0.1875,0.0416666666666667
40316,1,2,0,3,0,0,100,100,100,0.807692307692308,0.788461538461538,1.05769230769231,0.288461538461538,0.0576923076923077
40317,0,3,0,1,4,0,100,100,100,0.821428571428571,0.821428571428571,1.03571428571429,0.321428571428571,0.0714285714285714
40318,0,3,0,1,4,0,81.9044873063313,91.0130610644602,82.8406469895976,1.1,1.1,1.3,0.275,0.1
40319,2,3,0,1,0,0,81.9044873063313,91.0130610644602,82.8406469895976,0.794871794871795,0.743589743589744,1.30769230769231,0.307692307692308,0.0769230769230769
40320,0,3,0,1,0,1,81.9044873063313,91.0130610644602,82.8406469895976,0.758620689655172,0.758620689655172,1.72413793103448,0.344827586206897,0.0689655172413793
40321,0,3,0,2,3,0,81.9044873063313,91.0130610644602,82.8406469895976,0.753246753246753,0.753246753246753,0.831168831168831,0.194805194805195,0.0779220779220779
40322,0,3,0,1,0,0,100,100,100,0.766666666666667,0.766666666666667,1.76666666666667,0.366666666666667,0.0666666666666667
40323,0,3,0,0,0,0,100,100,100,0.931034482758621,0.931034482758621,1.96551724137931,0.379310344827586,0.0689655172413793
40324,0,3,0,0,4,0,100,100,100,0.814814814814815,0.814814814814815,1.96296296296296,0.37037037037037,0.0740740740740741
40325,0,3,0,0,4,0,100,100,50,0.702702702702703,0.702702702702703,1.02702702702703,0.216216216216216,0.0540540540540541
40326,4,3,0,1,4,1,50,100,50,0.840909090909091,0.75,1.15909090909091,0.227272727272727,0.0909090909090909
40327,0,3,0,1,3,0,50,66.6666666666667,50,0.707317073170732,0.707317073170732,1.36585365853659,0.195121951219512,0.0487804878048781
40328,0,3,0,1,3,1,66.6666666666667,66.6666666666667,100,0.736842105263158,0.736842105263158,1.65789473684211,0.236842105263158,0
40329,0,3,0,2,3,1,100,100,100,0.9,0.9,1.76666666666667,0.266666666666667,0.0333333333333333
40330,0,3,0,2,3,0,100,100,100,0.90625,0.90625,1.65625,0.21875,0.0625
40331,0,3,0,2,3,1,100,100,80,0.958333333333333,0.958333333333333,2.41666666666667,0.291666666666667,0.0416666666666667
40332,1,3,0,1,3,1,100,100,80,0.8,0.775,1.45,0.225,0
40333,9,3,0,2,4,0,100,66.6666666666667,100,0.90625,0.625,1.6875,0.4375,0.09375
40334,12,3,0,2,4,0,100,50,100,0.8125,0.4375,1.09375,0.28125,0.125
40335,10,3,0,2,4,0,100,50,100,0.848484848484849,0.545454545454545,1.12121212121212,0.272727272727273,0.0909090909090909
40336,10,2,0,1,4,1,81.9044873063313,91.0130610644602,82.8406469895976,0.794117647058823,0.5,1.26470588235294,0.382352941176471,0.117647058823529
40337,1,2,1,2,0,0,81.9044873063313,91.0130610644602,82.8406469895976,0.86046511627907,0.837209302325581,1.6046511627907,0.255813953488372,0.0930232558139535
40338,9,2,1,2,0,0,81.9044873063313,91.0130610644602,82.8406469895976,0.886363636363636,0.681818181818182,1.75,0.181818181818182,0.0681818181818182
40339,6,2,1,2,3,0,81.9044873063313,91.0130610644602,82.8406469895976,0.470588235294118,0.382352941176471,0.838235294117647,0.176470588235294,0.0147058823529412
40340,1,3,1,3,3,1,75,100,100,0.25,0.233333333333333,0.266666666666667,0.133333333333333,0.0833333333333333
40341,31,3,0,2,4,0,81.9044873063313,91.0130610644602,82.8406469895976,0.326315789473684,0,0.442105263157895,0.2,0.0421052631578947
40342,19,3,0,2,4,1,100,100,100,0.116564417177914,0,0.45398773006135,0.220858895705521,0.0552147239263804
40343,11,3,0,2,0,3,100,100,100,0.244897959183673,0.0204081632653061,0.551020408163265,0.224489795918367,0.0612244897959184
40344,10,3,0,2,3,0,100,100,100,0.319444444444444,0.180555555555556,1,0.277777777777778,0.0972222222222222
40345,0,3,0,1,3,0,100,100,100,0.8125,0.8125,1.4375,0.25,0.0625
40346,0,3,0,1,3,1,100,100,100,1.33333333333333,1.33333333333333,7.66666666666667,2.66666666666667,0.666666666666667
40347,1,3,0,1,4,0,100,100,100,1.16666666666667,1,2,0.833333333333333,0
40348,2,3,0,1,4,2,50,66.6666666666667,50,0.633333333333333,0.6,0.866666666666667,0.233333333333333,0.05
40349,6,3,0,1,4,2,66.6666666666667,66.6666666666667,66.6666666666667,0.657894736842105,0.5,1.31578947368421,0.236842105263158,0.105263157894737
40350,65,3,1,3,4,12,89.0052356020942,92.6701570680628,91.0994764397906,0.240963855421687,0.169769989047097,0.335158817086528,0.327491785323111,0.100766703176342
40351,0,2,0,3,4,0,80,93.3333333333333,93.3333333333333,0.620689655172414,0.620689655172414,0.689655172413793,0.275862068965517,0.0574712643678161
40352,2,3,0,3,4,2,90.1960784313726,88.2352941176471,92.156862745098,0.126436781609195,0.103448275862069,0.413793103448276,0.896551724137931,0.0804597701149425
40353,1,2,0,2,4,0,85.7142857142857,71.4285714285714,85.7142857142857,0.551724137931034,0.517241379310345,0.0689655172413793,0.379310344827586,0.0344827586206897
40354,0,2,0,1,4,1,83.3333333333333,66.6666666666667,83.3333333333333,0.696969696969697,0.696969696969697,0,0.272727272727273,0
40355,1,2,0,2,4,0,90.2439024390244,90.2439024390244,90.2439024390244,0.630434782608696,0.608695652173913,0.0217391304347826,0.260869565217391,0.108695652173913
40356,0,2,0,2,3,1,83.3333333333333,100,91.6666666666667,0.54,0.54,0.04,0.18,0.04
40357,1,3,0,2,4,0,87.5,75,100,0.5,0,0,8.5,1
40358,2,3,0,1,0,1,96.1538461538462,100,88.4615384615385,0.666666666666667,0.622222222222222,1.04444444444444,0.177777777777778,0.0666666666666667
40359,1,3,0,1,0,0,94.7368421052632,100,89.4736842105263,0.75,0.722222222222222,1.66666666666667,0.25,0.0833333333333333
40360,2,2,0,2,0,0,81.9044873063313,91.0130610644602,82.8406469895976,1,0.909090909090909,2.04545454545455,0.409090909090909,0.0909090909090909
40361,1,2,0,3,0,3,81.9044873063313,91.0130610644602,82.8406469895976,0.603448275862069,0.586206896551724,1.44827586206897,0.344827586206897,0.0689655172413793
40362,0,2,0,3,0,0,81.9044873063313,91.0130610644602,82.8406469895976,0.674418604651163,0.674418604651163,1.46511627906977,0.209302325581395,0.0465116279069767
40363,2,3,0,2,0,1,81.9044873063313,91.0130610644602,82.8406469895976,1.09677419354839,1.03225806451613,2.45161290322581,0.290322580645161,0.0645161290322581
40364,0,3,0,2,0,0,81.9044873063313,91.0130610644602,82.8406469895976,0.947368421052632,0.947368421052632,1.89473684210526,0.236842105263158,0.0526315789473684
40365,0,2,0,2,0,1,81.9044873063313,91.0130610644602,82.8406469895976,0.75,0.75,1.45,0.3,0.05
40366,47,3,0,2,0,0,92.8571428571429,85.7142857142857,92.8571428571429,3.61764705882353,2.23529411764706,1.14705882352941,0.147058823529412,0.0588235294117647
40367,1,3,0,1,0,1,93.75,100,93.75,0.695652173913043,0.652173913043478,1.82608695652174,0.434782608695652,0.0869565217391304
40368,1,3,0,1,0,0,94.4444444444444,100,94.4444444444444,0.76,0.72,2.16,0.48,0.04
40369,2,3,0,3,0,1,95.4545454545455,100,90.9090909090909,0.720930232558139,0.674418604651163,1.30232558139535,0.395348837209302,0.116279069767442
40370,6,3,0,2,4,13,83.3333333333333,90,83.3333333333333,0.815384615384615,0.723076923076923,1.10769230769231,0.661538461538462,0.261538461538462
40371,0,2,0,1,4,0,75,91.6666666666667,79.1666666666667,1.09090909090909,1.09090909090909,2.54545454545455,0.545454545454545,0
40372,0,2,0,1,4,0,65.2173913043478,91.304347826087,73.9130434782609,1.07142857142857,1.07142857142857,2.78571428571429,0.357142857142857,0
40373,0,2,0,2,4,1,63.1578947368421,100,68.4210526315789,1.15,1.15,2.1,0.3,0.05
40374,0,2,0,1,4,0,76.4705882352941,94.1176470588235,82.3529411764706,0.347826086956522,0.347826086956522,2.1304347826087,0.347826086956522,0.0869565217391304
40375,1,2,0,1,4,0,82.3529411764706,94.1176470588235,88.2352941176471,1.1,1.05,1.3,0.3,0.05
40376,1,3,0,2,4,0,81.9044873063313,91.0130610644602,82.8406469895976,0.2,0.133333333333333,0.666666666666667,0.533333333333333,0.2
40377,0,2,0,2,4,0,73.9130434782609,91.304347826087,78.2608695652174,0.951219512195122,0.951219512195122,1.60975609756098,0.292682926829268,0.0487804878048781
40378,0,2,0,2,4,0,75,93.75,81.25,1,1,2.21875,0.28125,0.0625
40379,0,3,0,2,4,1,50,100,100,1.0625,1.0625,2.40625,0.28125,0.0625
40380,1,3,0,2,4,0,57.1428571428571,71.4285714285714,71.4285714285714,1.13793103448276,1.10344827586207,2.55172413793103,0.310344827586207,0.0689655172413793
40381,1,3,0,1,4,0,50,75,62.5,1.48979591836735,1.46938775510204,1.61224489795918,0.224489795918367,0.0204081632653061
40382,0,3,0,0,4,1,60,60,60,0.916666666666667,0.916666666666667,2.58333333333333,0.583333333333333,0.0833333333333333
40384,0,3,0,0,4,0,50,66.6666666666667,50,0.909090909090909,0.909090909090909,2.31818181818182,0.454545454545455,0.0454545454545455
40385,0,3,0,1,4,0,100,100,100,1.70833333333333,1.70833333333333,1.95833333333333,0.333333333333333,0.0416666666666667
40386,0,3,0,1,4,2,100,100,100,0.875,0.875,1.4,0.225,0.025
40387,2,3,0,1,3,1,100,100,100,0.9,0.833333333333333,1.63333333333333,0.3,0.0333333333333333
40388,2,3,0,1,3,0,100,100,100,0.52,0.44,1.44,0.36,0.04
40389,13,3,0,3,5,1,81.9044873063313,91.0130610644602,82.8406469895976,0.662337662337662,0.493506493506494,0.038961038961039,0.363636363636364,0.038961038961039
40390,0,2,0,2,0,0,81.9044873063313,91.0130610644602,82.8406469895976,0.8,0.8,0.05,0.4,0
40391,0,2,0,2,4,1,81.9044873063313,91.0130610644602,82.8406469895976,1.04761904761905,1.04761904761905,0.0476190476190476,0.380952380952381,0
40392,0,3,0,2,4,0,81.9044873063313,91.0130610644602,82.8406469895976,0.8,0.8,0.266666666666667,0.333333333333333,0.0333333333333333
40393,0,3,0,2,0,1,100,100,100,0.884615384615385,0.884615384615385,0.269230769230769,0.346153846153846,0.0769230769230769
40394,11,3,0,2,0,0,81.9044873063313,91.0130610644602,82.8406469895976,1.13888888888889,0.833333333333333,0.0277777777777778,0.222222222222222,0.0277777777777778
40395,14,3,1,3,5,4,96.2962962962963,96.2962962962963,96.2962962962963,0.443786982248521,0.36094674556213,0.0118343195266272,0.674556213017751,0.224852071005917
40396,47,1,1,2,0,2,85.7142857142857,85.7142857142857,85.7142857142857,0.685714285714286,0.0142857142857143,0,0.342857142857143,0.0571428571428571
40397,2,2,0,2,0,0,90.9090909090909,90.9090909090909,100,0.285714285714286,0,0,1.14285714285714,0.285714285714286
40398,14,2,0,2,4,3,73.3333333333333,93.3333333333333,93.3333333333333,0.545454545454545,0.333333333333333,0.0151515151515152,0.303030303030303,0.212121212121212
40399,0,3,0,2,4,0,100,100,100,0.947368421052632,0.947368421052632,0,0.473684210526316,0.0526315789473684
40400,0,3,0,0,4,1,100,100,100,0.866666666666667,0.866666666666667,0.0666666666666667,0.533333333333333,0.0666666666666667
40401,1,3,0,0,4,0,100,100,100,0.9,0.8,0.2,0.4,0.1
40402,1,3,0,0,4,1,100,100,100,0.818181818181818,0.727272727272727,0.0909090909090909,0.272727272727273,0.181818181818182
40403,2,3,0,0,4,1,100,100,100,0.642857142857143,0.595238095238095,0.0714285714285714,0.214285714285714,0.0238095238095238
40404,1,3,0,0,0,0,100,100,100,1.07407407407407,1.03703703703704,0.0740740740740741,0.333333333333333,0.037037037037037
40405,1,3,0,2,0,1,100,100,100,0.8,0.766666666666667,0.0666666666666667,0.3,0.0666666666666667
40406,0,3,0,1,0,0,81.9044873063313,91.0130610644602,82.8406469895976,0.708333333333333,0.708333333333333,0.125,0.291666666666667,0.0833333333333333
40407,0,3,0,2,0,0,81.9044873063313,91.0130610644602,82.8406469895976,0.708333333333333,0.708333333333333,0.0416666666666667,0.333333333333333,0
40408,0,3,0,1,4,1,81.9044873063313,91.0130610644602,82.8406469895976,0.588235294117647,0.588235294117647,0.0588235294117647,0.176470588235294,0.0588235294117647
40409,13,2,1,3,5,5,91.4893617021277,93.6170212765958,89.3617021276596,0.316666666666667,0.1,0.0333333333333333,0.566666666666667,0.183333333333333
40410,53,3,1,3,4,6,85.1851851851852,90.7407407407407,94.4444444444444,0.462025316455696,0.126582278481013,0.0126582278481013,0.936708860759494,0.227848101265823
40411,2,3,0,0,4,0,100,100,100,0.789473684210526,0.736842105263158,0.0789473684210526,0.210526315789474,0
40412,2,3,0,0,4,0,100,100,100,0.966666666666667,0.9,0.0333333333333333,0.3,0
40432,0,3,1,3,4,0,96.875,96.875,100,0.027027027027027,0.027027027027027,0,0.675675675675676,0.108108108108108
40436,64,3,2,3,4,3,91.1111111111111,93.3333333333333,91.1111111111111,0.864864864864865,0,0.0405405405405405,0.445945945945946,0.0540540540540541
40439,0,3,0,2,3,1,81.9044873063313,91.0130610644602,82.8406469895976,0.647058823529412,0.647058823529412,1,0.264705882352941,0.0588235294117647
40441,0,3,0,1,3,0,100,100,66.6666666666667,0.119047619047619,0.119047619047619,1.14285714285714,0.19047619047619,0.0476190476190476
40442,0,3,0,1,0,0,100,100,100,0.852941176470588,0.852941176470588,1.61764705882353,0.235294117647059,0.0588235294117647
40443,5,2,0,3,0,1,100,100,100,1.1,0.933333333333333,1.83333333333333,0.266666666666667,0.1
40444,4,2,0,3,0,0,100,100,100,0.864864864864865,0.756756756756757,1.43243243243243,0.189189189189189,0.0540540540540541
40445,0,2,0,3,0,0,81.9044873063313,91.0130610644602,82.8406469895976,1.0625,1.0625,1.25,0.5625,0.125
40447,3,3,0,2,0,0,100,100,100,0.0666666666666667,0,0,0,0
40451,0,3,0,1,3,1,100,100,100,0.909090909090909,0.909090909090909,0.0454545454545455,0.181818181818182,0.0454545454545455
40452,20,3,0,1,0,1,81.9044873063313,91.0130610644602,82.8406469895976,0.645161290322581,0,0,0.290322580645161,0.032258064516129
40454,14,3,0,2,4,0,100,100,100,0.78,0.5,0.54,0.28,0.12
40455,0,3,0,2,4,2,80,100,60,0.671052631578947,0.671052631578947,1.08552631578947,0.355263157894737,0.0460526315789474
40685,26,2,0,2,3,0,100,100,100,0.481481481481481,0,0.0185185185185185,0.166666666666667,0.0185185185185185
40686,57,2,0,3,4,2,100,100,100,0.802816901408451,0,0,0.253521126760563,0
40687,51,2,0,3,3,1,100,100,80,0.520408163265306,0,0.0102040816326531,0.255102040816327,0.0102040816326531
40688,91,2,0,3,4,3,100,100,75,0.684210526315789,0,0.0225563909774436,0.142857142857143,0.0225563909774436
40689,47,2,0,1,3,2,85.7142857142857,85.7142857142857,85.7142857142857,0.5875,0,0.0375,0.175,0.0375
40690,57,2,0,2,4,0,100,100,100,0.721518987341772,0,0.0253164556962025,0.20253164556962,0.0379746835443038
40691,59,3,0,3,4,1,100,100,75,0.686046511627907,0,0,0.162790697674419,0.0116279069767442
40692,38,3,0,2,0,0,75,75,50,0.716981132075472,0,0,0.226415094339623,0.0754716981132075
40693,60,3,0,2,4,1,100,100,100,0.740740740740741,0,0,0.172839506172839,0.0493827160493827
40694,41,3,0,2,4,0,100,100,66.6666666666667,0.602941176470588,0,0.0294117647058824,0.235294117647059,0.0294117647058824
40695,72,3,0,1,4,2,100,100,66.6666666666667,1.89473684210526,0,0.368421052631579,0.184210526315789,0
40696,10,2,0,1,3,0,83.3333333333333,83.3333333333333,83.3333333333333,0.25,0,0,0.2,0.025
40697,30,2,1,1,3,0,75,75,75,0.517241379310345,0,0.0344827586206897,0.172413793103448,0.0344827586206897
40698,68,2,1,2,4,2,100,100,100,0.755555555555556,0,0.0666666666666667,0.177777777777778,0.0333333333333333
40699,39,2,1,1,4,0,100,100,100,0.629032258064516,0,0.032258064516129,0.161290322580645,0.0483870967741935
40700,33,2,1,0,4,0,100,100,80,0.622641509433962,0,0.0188679245283019,0.150943396226415,0.0188679245283019
40701,52,2,1,0,4,0,100,100,80,1.04,0,0,0.2,0.04
40702,20,2,1,0,4,2,100,100,75,0.714285714285714,0,0,0.25,0.0714285714285714
40703,30,2,1,3,0,1,100,100,75,0.5,0,0,0.1,0.0166666666666667
40704,38,2,1,2,4,1,100,100,66.6666666666667,1.58333333333333,0,0.0416666666666667,0.25,0
40705,24,2,1,2,4,0,81.9044873063313,91.0130610644602,82.8406469895976,0.648648648648649,0,0.027027027027027,0.216216216216216,0.027027027027027
40707,60,2,1,3,4,3,100,100,100,0.659340659340659,0,0.021978021978022,0.153846153846154,0.021978021978022
40708,10,2,0,1,4,0,100,100,100,0.32258064516129,0,0,0.225806451612903,0.032258064516129
40709,2,3,0,1,3,0,100,100,100,1,0,0,4.5,0.5
40710,20,3,0,0,4,2,50,50,50,0.555555555555556,0,0,0.25,0.0833333333333333
40711,78,3,0,0,4,1,37.5,75,75,0.509803921568627,0,0.241830065359477,0.117647058823529,0.0196078431372549
40713,21,3,0,0,4,1,50,83.3333333333333,100,0.75,0,0.178571428571429,0.285714285714286,0.0714285714285714
40714,17,3,0,1,4,0,40,80,100,0.80952380952381,0,0.0476190476190476,0.238095238095238,0
40715,73,3,0,1,4,0,60,100,100,0.948051948051948,0,0.0649350649350649,0.12987012987013,0.025974025974026
40716,40,3,0,0,4,3,100,100,100,0.634920634920635,0,0,0.158730158730159,0.0158730158730159
40717,17,3,0,2,4,0,50,100,50,0.708333333333333,0,0,0.25,0.0833333333333333
40718,12,1,0,2,4,0,81.9044873063313,91.0130610644602,82.8406469895976,0.521739130434783,0,0,0.434782608695652,0.0434782608695652
40719,5,3,0,2,4,0,50,100,50,0.416666666666667,0,0,0.333333333333333,0
40720,3,3,0,1,0,0,83.3333333333333,100,83.3333333333333,0.3,0,0.2,0.4,0
40721,18,3,0,2,0,0,83.3333333333333,100,83.3333333333333,0.666666666666667,0,0.037037037037037,0.259259259259259,0.037037037037037
40722,44,3,0,1,3,2,100,100,100,1.33333333333333,0,0.0606060606060606,0.303030303030303,0.0606060606060606
40723,29,3,0,1,4,0,100,100,100,0.659090909090909,0,0,0.159090909090909,0.0454545454545455
40724,29,3,0,1,4,0,81.9044873063313,91.0130610644602,82.8406469895976,0.491525423728814,0,0.0169491525423729,0.169491525423729,0.0169491525423729
40725,18,2,0,2,4,1,81.9044873063313,91.0130610644602,82.8406469895976,0.545454545454545,0,0.0303030303030303,0.212121212121212,0.0303030303030303
40726,18,2,0,2,4,0,81.9044873063313,91.0130610644602,82.8406469895976,0.529411764705882,0,0.0588235294117647,0.205882352941176,0.0588235294117647
40727,14,3,0,2,4,0,81.9044873063313,91.0130610644602,82.8406469895976,0.538461538461538,0,0.0769230769230769,0.269230769230769,0.0769230769230769
40728,2,2,0,2,4,1,83.3333333333333,100,83.3333333333333,0.222222222222222,0,0.333333333333333,0.777777777777778,0.333333333333333
40729,16,3,0,2,4,0,81.9044873063313,91.0130610644602,82.8406469895976,0.592592592592593,0,0.111111111111111,0.185185185185185,0.148148148148148
40730,35,3,0,1,0,0,100,100,100,1.06060606060606,0,0.0303030303030303,0.242424242424242,0.0303030303030303
40731,14,2,0,1,0,0,83.3333333333333,100,83.3333333333333,1.16666666666667,0,0.166666666666667,0.333333333333333,0.0833333333333333
40732,26,3,0,1,0,0,83.3333333333333,100,83.3333333333333,1.3,0,0,0.2,0.05
40733,30,3,0,0,0,0,75,100,75,1.11111111111111,0,0.0740740740740741,0.259259259259259,0.0740740740740741
40734,32,3,0,3,4,1,100,100,100,0.761904761904762,0,0,0.261904761904762,0.0476190476190476
40735,28,3,0,1,3,0,100,100,100,0.96551724137931,0,0.0344827586206897,0.344827586206897,0.0689655172413793
40736,20,3,0,0,4,0,81.9044873063313,91.0130610644602,82.8406469895976,0.645161290322581,0,0.0645161290322581,0.193548387096774,0
40737,16,3,0,0,4,0,81.9044873063313,91.0130610644602,82.8406469895976,0.516129032258065,0,0,0.193548387096774,0
40738,27,3,0,1,4,0,81.9044873063313,91.0130610644602,82.8406469895976,0.72972972972973,0,0.108108108108108,0.378378378378378,0.0540540540540541
40739,17,3,0,2,4,0,81.9044873063313,91.0130610644602,82.8406469895976,0.653846153846154,0,0.0769230769230769,0.269230769230769,0.0384615384615385
40740,17,1,0,3,3,0,81.9044873063313,91.0130610644602,82.8406469895976,0.5,0,0.0588235294117647,0.235294117647059,0.0294117647058824
40741,39,3,0,2,4,0,100,100,50,0.5,0,0.0128205128205128,0.256410256410256,0.0256410256410256
40742,17,3,0,2,4,0,81.9044873063313,91.0130610644602,82.8406469895976,0.515151515151515,0,0.0909090909090909,0.151515151515152,0
40743,30,3,0,1,4,1,33.3333333333333,66.6666666666667,66.6666666666667,0.6,0,0,0.2,0.06
40744,33,3,0,0,0,1,50,75,75,0.611111111111111,0,0.0185185185185185,0.203703703703704,0.037037037037037
40745,20,3,0,1,4,0,66.6666666666667,66.6666666666667,100,0.540540540540541,0,0,0.297297297297297,0.027027027027027
40746,35,2,0,1,4,0,100,100,100,1.45833333333333,0,0.0416666666666667,0.25,0.0416666666666667
40747,14,2,0,1,4,0,83.3333333333333,100,83.3333333333333,1.4,0,0,0.3,0.1
40748,8,3,0,1,4,0,83.3333333333333,100,83.3333333333333,0.888888888888889,0,0,0.444444444444444,0.111111111111111
40749,12,3,0,1,4,0,75,100,75,0.48,0,0.04,0.2,0
40750,29,3,0,2,4,0,100,100,100,0.508771929824561,0,0,0.192982456140351,0.0350877192982456
40751,20,3,0,1,0,0,87.5,87.5,87.5,0.512820512820513,0,0,0.256410256410256,0.0256410256410256
40752,10,3,0,1,4,0,100,100,100,0.909090909090909,0,0.0909090909090909,0.454545454545455,0.0909090909090909
40753,52,3,0,1,4,0,100,100,100,0.658227848101266,0,0.0379746835443038,0.164556962025316,0.0253164556962025
40754,17,3,0,0,4,0,81.9044873063313,91.0130610644602,82.8406469895976,0.586206896551724,0,0,0.172413793103448,0.0344827586206897
40755,19,3,0,0,4,0,81.9044873063313,91.0130610644602,82.8406469895976,0.730769230769231,0,0.0384615384615385,0.269230769230769,0.0384615384615385
40756,17,2,0,3,4,0,81.9044873063313,91.0130610644602,82.8406469895976,0.586206896551724,0,0,0.241379310344828,0.103448275862069
40757,6,0,0,2,4,0,81.9044873063313,91.0130610644602,82.8406469895976,0.75,0,0,0.875,0
40758,17,1,0,3,4,0,100,100,100,0.653846153846154,0,0,0.230769230769231,0.0769230769230769
40759,12,2,0,2,3,0,50,50,50,0.444444444444444,0,0,0.259259259259259,0.111111111111111
40760,16,2,0,2,3,0,66.6666666666667,66.6666666666667,66.6666666666667,0.666666666666667,0,0,0.291666666666667,0.0833333333333333
40761,18,2,0,2,3,1,75,75,75,0.947368421052632,0,0,0.368421052631579,0.0526315789473684
40762,22,2,0,3,4,0,81.9044873063313,91.0130610644602,82.8406469895976,0.415094339622642,0,0,0.207547169811321,0.0566037735849057
40763,6,0,0,3,4,1,81.9044873063313,91.0130610644602,82.8406469895976,2,0,0,2,0
40764,4,0,0,3,0,0,81.9044873063313,91.0130610644602,82.8406469895976,0.8,0,0.2,1.4,0
40765,7,0,0,2,0,0,81.9044873063313,91.0130610644602,82.8406469895976,0.875,0,0,0.625,0.125
40766,10,1,0,2,4,1,81.9044873063313,91.0130610644602,82.8406469895976,0.416666666666667,0,0,0.25,0
40767,1,1,0,2,4,0,100,100,100,0.1,0,0.1,0.6,0.3
40768,13,2,0,1,4,1,100,100,100,0.722222222222222,0,0.111111111111111,0.388888888888889,0.0555555555555556
40769,34,2,0,2,3,0,80,80,80,0.557377049180328,0,0.0327868852459016,0.213114754098361,0.0491803278688525
40770,16,2,0,1,4,0,75,75,75,0.8,0,0,0.4,0.05
40771,17,3,0,1,4,1,66.6666666666667,83.3333333333333,83.3333333333333,0.485714285714286,0,0,0.257142857142857,0
40772,17,3,0,2,3,1,60,80,80,0.485714285714286,0,0,0.228571428571429,0.0285714285714286
40773,18,2,0,2,4,0,100,100,100,0.580645161290323,0,0.032258064516129,0.258064516129032,0.0645161290322581
40774,24,2,0,3,4,0,81.9044873063313,91.0130610644602,82.8406469895976,0.96,0,0.04,0.4,0.04
40775,7,1,0,3,0,0,81.9044873063313,91.0130610644602,82.8406469895976,1.16666666666667,0,0,1,0
40776,56,2,0,3,4,1,81.9044873063313,91.0130610644602,82.8406469895976,0.408759124087591,0,0.0145985401459854,0.124087591240876,0.0145985401459854
40777,3,0,0,2,0,0,81.9044873063313,91.0130610644602,82.8406469895976,0.75,0,0,1.25,0
40778,13,1,0,2,0,0,81.9044873063313,91.0130610644602,82.8406469895976,0.541666666666667,0,0,0.208333333333333,0
40779,59,2,0,3,4,1,100,100,100,0.621052631578947,0,0.0210526315789474,0.221052631578947,0.0526315789473684
40780,114,3,0,3,4,2,75.8620689655172,89.6551724137931,79.3103448275862,0.583756345177665,0.0050761421319797,0.0812182741116751,0.304568527918782,0.0304568527918782
40781,65,3,0,2,4,2,84.6153846153846,92.3076923076923,84.6153846153846,0.730337078651685,0,0.0224719101123595,0.179775280898876,0.0449438202247191
40782,57,3,0,3,4,4,95.7142857142857,91.4285714285714,97.1428571428571,0.57,0,0.02,0.26,0.12
40783,27,2,0,1,4,0,93.75,87.5,100,0.5625,0,0,0.291666666666667,0.0833333333333333
40784,60,3,0,2,4,5,90.9090909090909,86.3636363636364,95.4545454545455,0.759493670886076,0,0,0.316455696202532,0.0759493670886076
40785,25,3,0,2,4,1,84.6153846153846,92.3076923076923,84.6153846153846,0.925925925925926,0,0,0.518518518518518,0.0740740740740741
40786,8,3,0,2,3,0,100,100,50,0.444444444444444,0,0,0.222222222222222,0.0555555555555556
40787,5,2,0,2,3,0,100,100,100,1,0,0.4,0.8,0
40788,8,2,0,1,3,0,81.9044873063313,91.0130610644602,82.8406469895976,0.666666666666667,0,0,0.5,0.0833333333333333
40789,21,2,0,2,0,1,80,80,80,1,0,1.52380952380952,0.476190476190476,0.0476190476190476
40791,22,2,0,2,4,0,90.9090909090909,81.8181818181818,90.9090909090909,0.846153846153846,0,1.19230769230769,0.307692307692308,0.0769230769230769
40792,22,2,0,2,4,0,95.2380952380952,90.4761904761905,95.2380952380952,0.846153846153846,0,1.73076923076923,0.346153846153846,0.0769230769230769
40793,18,2,0,2,0,1,75,75,75,1,0,1.38888888888889,0.388888888888889,0.111111111111111
40796,21,2,0,2,4,0,66.6666666666667,66.6666666666667,66.6666666666667,0.51219512195122,0,0.707317073170732,0.219512195121951,0.024390243902439
40797,38,2,0,2,4,1,60,100,80,0.603174603174603,0,0.666666666666667,0.19047619047619,0.0317460317460317
40798,35,2,0,2,4,1,93.75,93.75,93.75,0.5,0,0.714285714285714,0.185714285714286,0.0142857142857143
40799,29,2,0,2,4,2,95.6521739130435,91.304347826087,95.6521739130435,0.783783783783784,0,1.05405405405405,0.27027027027027,0.027027027027027
40800,27,2,0,1,4,1,92.8571428571429,88.0952380952381,92.8571428571429,0.84375,0,0.8125,0.21875,0.09375
40801,24,3,0,2,4,0,91.8918918918919,89.1891891891892,91.8918918918919,0.827586206896552,0,1.13793103448276,0.241379310344828,0.0689655172413793
40802,2,3,0,2,4,1,100,100,100,0.4,0,3.4,2,0.4
40803,7,3,0,1,4,1,100,100,100,1,0,0.857142857142857,1.57142857142857,0.142857142857143
40804,25,3,0,1,3,0,85.7142857142857,85.7142857142857,85.7142857142857,0.892857142857143,0,0.928571428571429,0.428571428571429,0
40805,20,3,0,1,3,2,75,75,75,0.8,0,1.56,0.32,0.08
40806,23,3,0,2,3,0,83.3333333333333,83.3333333333333,83.3333333333333,0.696969696969697,0,1.18181818181818,0.242424242424242,0.0303030303030303
40807,22,2,0,2,4,0,80,80,80,0.709677419354839,0,1.06451612903226,0.290322580645161,0
40808,17,2,0,1,4,0,66.6666666666667,66.6666666666667,66.6666666666667,0.653846153846154,0,0.923076923076923,0.384615384615385,0
40810,23,2,0,1,4,2,81.9044873063313,91.0130610644602,82.8406469895976,0.547619047619048,0,0.857142857142857,0.214285714285714,0
40811,26,2,0,1,4,0,33.3333333333333,100,66.6666666666667,0.604651162790698,0,0.930232558139535,0.302325581395349,0.0232558139534884
40813,3,2,0,2,4,0,91.4285714285714,80,100,0.1875,0,0.125,1.8125,0.125
40814,23,2,0,2,4,2,87.8787878787879,87.8787878787879,96.969696969697,0.425925925925926,0,0.0185185185185185,0.444444444444444,0.148148148148148
40815,36,3,0,3,4,1,94.7368421052632,100,94.7368421052632,0.837209302325581,0,0,0.395348837209302,0.13953488372093
40816,28,3,0,2,4,1,94.1176470588235,100,100,0.636363636363636,0,0,0.386363636363636,0.136363636363636
40817,22,3,0,2,4,0,100,100,100,1.04761904761905,0,0,0.476190476190476,0.0952380952380952
40818,54,3,0,2,4,4,91.8918918918919,91.8918918918919,97.2972972972973,0.439024390243902,0,0,0.341463414634146,0.0894308943089431
40819,24,3,1,3,4,3,75,100,91.6666666666667,0.631578947368421,0,0,0.315789473684211,0.131578947368421
40820,23,2,2,3,3,5,71.4285714285714,71.4285714285714,85.7142857142857,0.242105263157895,0,0,0.0947368421052632,0.0526315789473684
40821,54,3,2,3,4,9,93.1034482758621,89.6551724137931,94.2528735632184,0.323353293413174,0,0.0179640718562874,0.538922155688623,0.0359281437125748
40822,1,2,0,2,4,2,90,93.3333333333333,93.3333333333333,0.0384615384615385,0,0.0384615384615385,1.26923076923077,0.153846153846154
40823,21,3,0,2,5,0,94.2857142857143,88.5714285714286,94.2857142857143,0.724137931034483,0,0.655172413793103,0.310344827586207,0.103448275862069
40824,15,3,0,2,4,1,94.2857142857143,88.5714285714286,94.2857142857143,0.483870967741935,0,0.741935483870968,0.290322580645161,0.032258064516129
40826,85,3,0,3,4,2,70,90,70,0.648854961832061,0,0.541984732824427,0.282442748091603,0.0534351145038168
40827,1,3,0,1,3,2,100,50,100,0.0204081632653061,0,0,0.163265306122449,0.0204081632653061
40828,79,3,0,2,4,2,100,100,100,0.752380952380952,0,0.561904761904762,0.228571428571429,0.0380952380952381
40829,25,3,0,1,3,1,100,100,100,0.396825396825397,0,0.0476190476190476,0.222222222222222,0.0634920634920635
40830,24,2,0,2,4,2,78.5714285714286,64.2857142857143,85.7142857142857,1.09090909090909,0,0.0909090909090909,0.590909090909091,0
40831,27,2,0,2,4,0,75,58.3333333333333,83.3333333333333,1.5,0,0.0555555555555556,0.388888888888889,0.111111111111111
40832,10,2,0,2,4,0,80,60,80,0.714285714285714,0,0,0.428571428571429,0.0714285714285714
40833,15,2,0,2,4,0,81.8181818181818,63.6363636363636,81.8181818181818,0.681818181818182,0,0.0454545454545455,0.590909090909091,0.0909090909090909
40834,4,2,1,3,4,1,87.5,85,95,0.0625,0,0.015625,0.390625,0.03125
40835,28,2,1,2,4,1,75,66.6666666666667,75,0.518518518518518,0,0,0.166666666666667,0.0185185185185185
40836,23,2,0,3,4,2,83.3333333333333,66.6666666666667,66.6666666666667,0.418181818181818,0,0,0.2,0.0181818181818182
40837,11,2,0,3,4,0,88.8888888888889,77.7777777777778,77.7777777777778,0.647058823529412,0,0,0.411764705882353,0.0588235294117647
40839,65,2,2,3,4,2,89.3617021276596,82.9787234042553,93.6170212765958,0.555555555555556,0,0,0.282051282051282,0.0341880341880342
40840,23,1,1,1,4,1,90.9090909090909,90.9090909090909,95.4545454545455,0.851851851851852,0,0,0.444444444444444,0.0740740740740741
40841,26,2,1,1,4,0,90.4761904761905,90.4761904761905,95.2380952380952,0.702702702702703,0,0,0.189189189189189,0
40842,41,2,1,1,4,2,100,83.3333333333333,83.3333333333333,0.661290322580645,0,0,0.17741935483871,0.0161290322580645
40843,14,3,1,3,4,0,80,90,86.6666666666667,1.75,0,4.625,6.25,1
40844,14,2,0,3,4,0,90.9090909090909,100,90.9090909090909,1,0,0.214285714285714,1.92857142857143,0.142857142857143
40845,13,1,0,2,4,0,75,100,100,1.3,0,1.1,0.9,0.1
40846,11,1,0,2,4,0,80,100,90,0.846153846153846,0,0.846153846153846,1.38461538461538,0.0769230769230769
40847,14,1,0,3,4,1,90.9090909090909,100,100,0.777777777777778,0,0.277777777777778,0.611111111111111,0.111111111111111
40848,7,1,0,3,4,0,90,80,90,0.7,0,0.2,1.5,0
40849,1,0,0,3,4,0,87.5,75,87.5,1,0,0,8,1
40850,15,2,0,3,4,0,90,70,90,1.36363636363636,0,0,1.09090909090909,0
40851,20,2,2,3,4,1,80.9523809523809,80.9523809523809,85.7142857142857,0.666666666666667,0,0.0333333333333333,0.9,0.1
40852,11,1,1,2,4,0,86.9565217391304,86.9565217391304,91.304347826087,0.647058823529412,0,0,0.352941176470588,0.117647058823529
40853,12,2,1,1,4,0,86.9565217391304,86.9565217391304,91.304347826087,0.75,0,0,0.375,0.1875
40854,25,2,1,1,4,0,100,100,100,1.31578947368421,0,0,0.315789473684211,0.105263157894737
40855,11,2,1,1,4,0,100,100,75,0.785714285714286,0,0,0.357142857142857,0.0714285714285714
40856,37,2,1,2,4,0,100,100,75,0.902439024390244,0,0.024390243902439,0.170731707317073,0.0487804878048781
40857,1,3,0,2,4,0,71.4285714285714,92.8571428571429,92.8571428571429,0.0149253731343284,0,0.925373134328358,0.149253731343284,0.0298507462686567
40858,39,3,0,3,4,2,80,100,80,0.78,0,1.14,0.22,0.12
40859,29,3,0,2,0,0,94.7368421052632,89.4736842105263,94.7368421052632,0.674418604651163,0,0.790697674418605,0.232558139534884,0.13953488372093
40860,26,3,0,2,4,0,95,90,95,0.787878787878788,0,0.727272727272727,0.393939393939394,0.121212121212121
40861,29,3,0,2,4,1,87.0967741935484,93.5483870967742,90.3225806451613,0.358024691358025,0,0.271604938271605,0.259259259259259,0.0987654320987654
40862,1,2,2,3,4,0,84,88,88,0.0909090909090909,0,0,2,0.272727272727273
40863,27,2,1,3,4,2,82.6086956521739,86.9565217391304,86.9565217391304,0.627906976744186,0,0.0465116279069767,0.302325581395349,0.0232558139534884
40864,8,0,1,3,2,0,50,100,50,0.235294117647059,0,0.0294117647058824,0.176470588235294,0.0588235294117647
40865,12,2,2,3,4,0,33.3333333333333,66.6666666666667,33.3333333333333,0.461538461538462,0,0.0384615384615385,0.115384615384615,0
40866,8,2,2,3,4,1,77.7777777777778,88.8888888888889,77.7777777777778,0.307692307692308,0,0.0769230769230769,0.269230769230769,0.0769230769230769
40867,21,3,0,1,4,1,100,100,100,0.7,0,0.766666666666667,0.3,0.0666666666666667
40868,26,3,0,1,4,1,81.9044873063313,91.0130610644602,82.8406469895976,0.787878787878788,0,0.666666666666667,0.242424242424242,0.0909090909090909
40869,3,3,0,3,5,0,93.5483870967742,93.5483870967742,93.5483870967742,0.107142857142857,0,0.571428571428571,0.642857142857143,0.178571428571429
40870,37,3,0,2,3,0,100,50,100,0.649122807017544,0,0.0350877192982456,0.210526315789474,0.0350877192982456
40871,20,3,0,3,0,0,100,50,100,0.5,0,0,0.225,0
40872,25,3,0,2,0,0,75,50,100,0.543478260869565,0,0,0.260869565217391,0.0434782608695652
40873,38,3,0,2,3,1,80,60,80,0.76,0,0,0.18,0.02
40874,23,3,0,2,3,0,75,75,75,0.676470588235294,0,0,0.294117647058824,0.0294117647058824
40875,25,3,0,2,3,0,100,100,100,0.735294117647059,0,0.0294117647058824,0.323529411764706,0.0588235294117647
40877,1,2,0,2,3,1,100,100,100,0.166666666666667,0,0,0.833333333333333,0.666666666666667
40878,3,3,0,2,3,0,100,100,100,0.176470588235294,0,0.0588235294117647,1.35294117647059,0.352941176470588
40879,142,3,0,3,4,0,100,100,100,2.44827586206897,0,0,0.189655172413793,0.0172413793103448
40880,19,3,0,3,0,0,81.9044873063313,91.0130610644602,82.8406469895976,0.791666666666667,0,0,0.25,0.0833333333333333
40881,36,3,0,3,4,1,66.6666666666667,100,100,0.642857142857143,0,0.0178571428571429,0.196428571428571,0.0357142857142857
40882,33,3,0,1,4,0,83.3333333333333,83.3333333333333,83.3333333333333,0.673469387755102,0,0,0.224489795918367,0.0612244897959184
40883,30,3,0,2,4,0,83.3333333333333,83.3333333333333,83.3333333333333,0.857142857142857,0,0,0.285714285714286,0.0857142857142857
40884,26,3,0,3,0,1,83.3333333333333,83.3333333333333,83.3333333333333,0.838709677419355,0,0,0.290322580645161,0.032258064516129
40885,61,3,1,2,0,1,85.7142857142857,100,85.7142857142857,0.938461538461538,0,0.0153846153846154,0.230769230769231,0.0307692307692308
40886,34,2,1,2,3,0,100,100,100,0.586206896551724,0,0.0172413793103448,0.224137931034483,0.0689655172413793
40887,28,2,1,1,2,0,66.6666666666667,100,66.6666666666667,0.666666666666667,0,0,0.261904761904762,0.0476190476190476
40888,1,2,1,3,0,0,100,100,100,0.03125,0,0.03125,0.375,0
40889,30,2,1,2,0,1,100,100,100,0.857142857142857,0,0.0285714285714286,0.4,0.0285714285714286
40890,36,2,1,1,0,1,100,100,100,0.818181818181818,0,0,0.227272727272727,0.0227272727272727
40891,28,2,1,2,0,0,81.9044873063313,91.0130610644602,82.8406469895976,0.777777777777778,0,0,0.277777777777778,0.0277777777777778
40892,38,2,1,0,2,1,66.6666666666667,100,66.6666666666667,0.703703703703704,0,0,0.185185185185185,0.0555555555555556
40893,39,2,1,2,2,1,100,100,100,0.684210526315789,0,0,0.263157894736842,0.0175438596491228
40896,88,3,0,3,4,0,81.9044873063313,91.0130610644602,82.8406469895976,1.04761904761905,0,0.0714285714285714,0.142857142857143,0.0357142857142857
40897,65,3,0,1,4,0,81.9044873063313,91.0130610644602,82.8406469895976,0.49618320610687,0,0.0152671755725191,0.145038167938931,0.0152671755725191
40899,6,2,0,1,4,0,81.9044873063313,91.0130610644602,82.8406469895976,1,0,0,0.833333333333333,0.166666666666667
40900,15,2,0,2,4,1,81.9044873063313,91.0130610644602,82.8406469895976,0.517241379310345,0,0,0.241379310344828,0.0689655172413793
40901,27,3,0,2,4,0,81.9044873063313,91.0130610644602,82.8406469895976,0.5,0,0,0.166666666666667,0.0185185185185185
40903,25,3,0,1,3,2,50,100,50,0.280898876404494,0,0.0224719101123595,0.191011235955056,0.0112359550561798
40958,16,1,1,2,4,1,50,100,75,0.8,0,0.05,0.35,0.05
40959,17,1,1,1,4,0,33.3333333333333,100,66.6666666666667,0.472222222222222,0,0.0833333333333333,0.166666666666667,0.0555555555555556
40960,18,1,1,2,3,1,50,100,75,0.857142857142857,0,0.142857142857143,0.285714285714286,0.0476190476190476
40961,14,1,1,2,4,0,60,100,80,0.7,0,0,0.5,0.05
40962,21,0,1,2,4,0,75,100,75,1.90909090909091,0,0,0.363636363636364,0
40963,21,1,1,2,4,0,75,100,75,2.625,0,0,0.625,0.125
40964,11,1,1,2,4,0,75,100,75,0.846153846153846,0,0,0.461538461538462,0.153846153846154
40965,17,1,1,2,4,0,50,100,50,0.653846153846154,0,0,0.384615384615385,0
40966,38,1,1,2,4,0,33.3333333333333,100,66.6666666666667,1.02702702702703,0,0.0540540540540541,0.216216216216216,0.027027027027027
40967,0,1,1,1,3,1,100,100,100,0.818181818181818,0.818181818181818,0,0.363636363636364,0.151515151515152
40968,20,1,1,2,4,0,100,100,50,0.833333333333333,0,0.0416666666666667,0.25,0.0416666666666667
40969,0,1,1,0,3,1,100,100,100,0.76,0.76,0.08,0.8,0.04
40970,0,1,1,0,3,0,81.9044873063313,91.0130610644602,82.8406469895976,0.857142857142857,0.857142857142857,0.0476190476190476,0.619047619047619,0.0476190476190476
40971,0,1,1,0,3,2,81.9044873063313,91.0130610644602,82.8406469895976,1.08695652173913,1.08695652173913,0,0.391304347826087,0.0434782608695652
40972,0,1,1,1,3,0,81.9044873063313,91.0130610644602,82.8406469895976,0.76,0.76,0,0.36,0.04
40973,0,1,1,1,3,0,81.9044873063313,91.0130610644602,82.8406469895976,0.648648648648649,0.648648648648649,0,0.27027027027027,0.0540540540540541
40974,1,1,1,1,3,0,81.9044873063313,91.0130610644602,82.8406469895976,0.769230769230769,0.730769230769231,0.0384615384615385,0.346153846153846,0.115384615384615
40975,1,1,1,0,3,0,81.9044873063313,91.0130610644602,82.8406469895976,0.628571428571429,0.6,0.0285714285714286,0.285714285714286,0.0571428571428571
40976,0,1,1,1,3,0,100,100,100,0.757575757575758,0.757575757575758,0,0.272727272727273,0.0303030303030303
40977,0,1,1,1,3,0,100,100,100,0.481481481481481,0.481481481481481,0.0185185185185185,0.222222222222222,0.0740740740740741
40978,0,2,2,2,4,9,94,94,96,0.483050847457627,0.483050847457627,0.0932203389830508,0.508474576271186,0.177966101694915
40979,15,1,1,2,4,2,71.4285714285714,100,85.7142857142857,0.509259259259259,0.37037037037037,0,0.259259259259259,0.0555555555555556
40980,13,2,1,3,4,2,94.0476190476191,89.2857142857143,97.6190476190476,0.165137614678899,0.0458715596330275,0,0.697247706422018,0.073394495412844
40981,64,3,1,3,4,3,89.6907216494845,88.659793814433,95.8762886597938,0.320388349514563,0.00970873786407767,0.00970873786407767,0.349514563106796,0.087378640776699
40982,31,2,0,2,3,0,80,85,95,0.720930232558139,0,0,0.348837209302326,0
40983,33,2,0,2,4,1,82.3529411764706,76.4705882352941,94.1176470588235,0.846153846153846,0,0,0.384615384615385,0.0512820512820513
40984,19,3,0,2,4,0,100,100,100,0.625,0.03125,0,0.1875,0.03125
40985,14,3,0,2,4,1,50,100,100,1.27777777777778,0.888888888888889,0.0277777777777778,0.416666666666667,0.0833333333333333
40986,42,3,0,2,4,0,50,100,100,0.602409638554217,0.0963855421686747,0.0240963855421687,0.168674698795181,0.0240963855421687
40987,33,3,0,2,2,0,100,100,100,0.6875,0,0.0208333333333333,0.1875,0.0416666666666667
40988,30,3,0,2,3,0,81.9044873063313,91.0130610644602,82.8406469895976,0.625,0,0.0208333333333333,0.1875,0.0833333333333333
40989,32,2,1,2,3,0,81.9044873063313,91.0130610644602,82.8406469895976,0.780487804878049,0,0,0.219512195121951,0.0487804878048781
40990,16,1,1,2,4,0,81.9044873063313,91.0130610644602,82.8406469895976,0.592592592592593,0,0,0.222222222222222,0.037037037037037
40991,40,3,1,3,4,2,66.6666666666667,88.8888888888889,77.7777777777778,0.305970149253731,0.00746268656716418,0.00746268656716418,0.164179104477612,0.0298507462686567
40992,24,2,0,2,4,1,88.8888888888889,85.1851851851852,96.2962962962963,1.04347826086957,0,0,0.478260869565217,0.0869565217391304
40993,20,3,0,2,4,1,96.551724137931,89.6551724137931,100,0.869565217391304,0,0.0434782608695652,0.304347826086957,0.0869565217391304
40994,87,3,0,3,4,0,92.8571428571429,88.0952380952381,100,0.6796875,0,0.0078125,0.21875,0.046875
40995,20,3,0,3,4,0,50,50,100,0.571428571428571,0,0.0285714285714286,0.228571428571429,0
40996,28,3,0,3,4,2,66.6666666666667,66.6666666666667,100,0.254545454545455,0,0.0272727272727273,0.154545454545455,0.0181818181818182
40997,1,3,0,1,4,1,100,100,100,0.448979591836735,0.428571428571429,0.0204081632653061,0.204081632653061,0.0408163265306122
40998,1,3,0,1,4,0,81.9044873063313,91.0130610644602,82.8406469895976,0.523809523809524,0.5,0.0238095238095238,0.238095238095238,0.0238095238095238
40999,3,3,0,1,4,0,100,100,100,0.557692307692308,0.5,0.0192307692307692,0.192307692307692,0.0384615384615385
41000,2,3,0,1,4,1,50,100,100,0.775510204081633,0.73469387755102,0.0408163265306122,0.224489795918367,0.0408163265306122
41001,21,3,0,2,4,0,50,100,100,0.657894736842105,0.381578947368421,0,0.171052631578947,0.0263157894736842
41002,23,3,0,2,4,1,50,100,100,0.793103448275862,0,0,0.344827586206897,0.0344827586206897
41003,8,3,0,1,3,0,50,100,100,0.145454545454545,0,0,0.181818181818182,0
41004,38,3,0,1,2,1,100,100,100,0.520547945205479,0,0,0.136986301369863,0.0136986301369863
41005,46,3,0,2,3,0,81.9044873063313,91.0130610644602,82.8406469895976,0.613333333333333,0,0,0.146666666666667,0.0533333333333333
41006,44,2,0,3,3,1,81.9044873063313,91.0130610644602,82.8406469895976,0.578947368421053,0,0,0.144736842105263,0.0263157894736842
41007,27,1,0,3,4,0,81.9044873063313,91.0130610644602,82.8406469895976,0.529411764705882,0,0,0.156862745098039,0.0392156862745098
41008,5,3,0,2,4,0,100,100,100,0.310077519379845,0.271317829457364,0.0155038759689922,0.131782945736434,0.0310077519379845
41009,11,3,0,3,4,3,81.9044873063313,91.0130610644602,82.8406469895976,0.105769230769231,0,0.00961538461538462,0.144230769230769,0.0192307692307692
41010,30,3,0,3,4,0,100,100,100,0.285714285714286,0,0.00952380952380952,0.114285714285714,0.019047619047619
41014,47,3,2,3,4,0,100,100,100,0.213333333333333,0.00444444444444444,0,0.0222222222222222,0.00444444444444444
41016,38,3,0,3,3,2,81.9044873063313,91.0130610644602,82.8406469895976,0.520547945205479,0,0.0273972602739726,0.150684931506849,0.0136986301369863
41017,25,3,0,3,4,0,81.9044873063313,91.0130610644602,82.8406469895976,0.78125,0,0,0.1875,0.0625
41018,19,3,0,3,4,0,81.9044873063313,91.0130610644602,82.8406469895976,1.46153846153846,0,0,0.307692307692308,0.0769230769230769
41019,1,3,0,3,4,2,100,100,100,0.0192307692307692,0,0,0.153846153846154,0.0192307692307692
41020,57,3,0,3,4,2,100,90.9090909090909,90.9090909090909,0.59375,0,0,0.21875,0.0625
41021,41,3,0,3,4,1,100,90,90,0.803921568627451,0,0,0.333333333333333,0.0784313725490196
41022,32,3,0,3,4,1,100,100,100,0.56140350877193,0,0,0.175438596491228,0.0175438596491228
41023,23,3,0,3,4,2,100,100,100,0.657142857142857,0,0,0.257142857142857,0.0285714285714286
41024,29,2,0,3,4,0,100,100,100,1.07407407407407,0,0,0.185185185185185,0
41025,22,1,0,3,4,0,100,100,100,1.1,0,0,0.25,0.05
41026,7,2,0,3,4,0,100,100,100,0.636363636363636,0,0,0.181818181818182,0
41027,0,3,0,1,4,1,100,100,100,0.956521739130435,0.956521739130435,2.02173913043478,0.260869565217391,0.0652173913043478
41028,0,3,0,1,4,3,94.7368421052632,89.4736842105263,100,0.686746987951807,0.686746987951807,1.57831325301205,0.180722891566265,0.0481927710843374
41029,0,3,0,1,4,2,100,92.8571428571429,100,0.784810126582278,0.784810126582278,1.87341772151899,0.189873417721519,0.0759493670886076
41030,0,3,0,1,4,2,100,94.7368421052632,100,0.641509433962264,0.641509433962264,1.62264150943396,0.179245283018868,0.0943396226415094
41031,0,3,0,1,4,1,100,100,94.4444444444444,0.979166666666667,0.979166666666667,1.89583333333333,0.291666666666667,0.125
41032,0,3,0,0,4,0,100,100,100,1,1,1.79310344827586,0.275862068965517,0.103448275862069
41033,0,3,0,0,4,1,95,95,100,0.955555555555556,0.955555555555556,2.02222222222222,0.288888888888889,0.0666666666666667
41034,0,3,0,0,4,2,92.3076923076923,92.3076923076923,100,0.890909090909091,0.890909090909091,1.38181818181818,0.254545454545455,0.0545454545454545
41035,1,3,0,1,4,2,90,90,100,0.609195402298851,0.597701149425287,1.05747126436782,0.195402298850575,0.0459770114942529
41036,0,3,0,2,4,2,100,80,100,0.733333333333333,0.733333333333333,1.29333333333333,0.266666666666667,0.0266666666666667
41037,1,3,0,2,4,2,100,80,100,0.769230769230769,0.758241758241758,1.54945054945055,0.153846153846154,0.032967032967033
41038,0,3,0,2,4,3,100,66.6666666666667,100,0.647619047619048,0.647619047619048,1.13333333333333,0.133333333333333,0.0285714285714286
41039,0,3,0,0,3,3,100,80,100,0.769230769230769,0.769230769230769,1.90769230769231,0.153846153846154,0.0307692307692308
41040,0,3,0,1,4,1,100,96.2962962962963,100,0.625,0.625,1.95,0.375,0.1
41041,0,3,0,0,4,1,100,93.3333333333333,96.6666666666667,1.07692307692308,1.07692307692308,2.17948717948718,0.333333333333333,0.153846153846154
41042,0,3,0,1,4,0,100,100,100,0.878787878787879,0.878787878787879,1.93939393939394,0.303030303030303,0.0909090909090909
41043,0,3,0,1,4,1,100,100,100,0.692307692307692,0.692307692307692,1.12820512820513,0.205128205128205,0.0512820512820513
41044,0,3,0,1,4,2,84.6153846153846,92.3076923076923,100,0.461538461538462,0.461538461538462,1.71794871794872,0.282051282051282,0.0512820512820513
41045,0,3,0,1,4,2,88.8888888888889,88.8888888888889,100,0.553571428571429,0.553571428571429,1.44642857142857,0.25,0.0357142857142857
41046,1,2,0,1,4,0,100,75,100,0.666666666666667,0.638888888888889,1.69444444444444,0.305555555555556,0.0833333333333333
41047,1,2,0,1,4,1,100,100,100,0.690909090909091,0.672727272727273,1.54545454545455,0.2,0
41048,0,3,0,1,4,0,100,80,100,0.732142857142857,0.732142857142857,1.66071428571429,0.214285714285714,0.0178571428571429
41049,1,3,0,1,4,2,100,50,100,0.770491803278688,0.754098360655738,1.45901639344262,0.147540983606557,0.0163934426229508
41050,0,3,0,1,4,2,100,100,100,0.776119402985075,0.776119402985075,1.46268656716418,0.208955223880597,0.0597014925373134
41051,0,3,0,1,4,1,100,96,100,0.865384615384615,0.865384615384615,2.09615384615385,0.269230769230769,0.153846153846154
41052,0,3,0,1,4,2,100,93.1034482758621,96.551724137931,1.02040816326531,1.02040816326531,2.06122448979592,0.244897959183673,0.122448979591837
41054,0,3,0,1,4,0,80,80,100,1.21739130434783,1.21739130434783,2.65217391304348,0.304347826086957,0.0434782608695652
41055,0,3,0,1,4,1,83.3333333333333,83.3333333333333,100,0.9,0.9,1.95,0.25,0.05
41056,1,2,1,1,4,0,85.7142857142857,85.7142857142857,100,0.789473684210526,0.763157894736842,1.94736842105263,0.263157894736842,0.0526315789473684
41057,0,2,1,1,4,1,100,75,100,0.745098039215686,0.745098039215686,1.37254901960784,0.254901960784314,0.0588235294117647
41058,0,3,0,1,4,0,100,90.9090909090909,93.9393939393939,0.732142857142857,0.732142857142857,1.73214285714286,0.196428571428571,0.0714285714285714
41059,0,3,0,1,4,1,100,77.7777777777778,88.8888888888889,0.931818181818182,0.931818181818182,1.5,0.227272727272727,0.0909090909090909
41060,0,3,0,1,4,1,100,100,100,0.789473684210526,0.789473684210526,1.36842105263158,0.263157894736842,0.210526315789474
41061,0,2,0,1,3,1,100,100,100,0.612903225806452,0.612903225806452,0.806451612903226,0.161290322580645,0.161290322580645
41062,0,3,0,1,4,1,80,100,100,0.846153846153846,0.846153846153846,2.28205128205128,0.307692307692308,0.102564102564103
41063,0,2,0,1,4,1,80,100,100,0.865384615384615,0.865384615384615,1.63461538461538,0.211538461538462,0.0576923076923077
41064,1,2,1,1,4,1,95.8333333333333,95.8333333333333,100,1.04,1.02,1.84,0.26,0.04
41065,1,2,0,1,4,1,50,50,100,0.933333333333333,0.9,2.3,0.233333333333333,0
41066,0,2,1,1,4,2,75,75,100,1.1219512195122,1.1219512195122,2.39024390243902,0.268292682926829,0.0975609756097561
41067,1,3,0,0,4,0,100,92.3076923076923,96.1538461538462,0.86,0.84,1.58,0.22,0.12
41068,0,3,0,2,4,1,100,80,100,0.830188679245283,0.830188679245283,1.71698113207547,0.207547169811321,0.0377358490566038
41069,0,2,1,2,4,0,93.6170212765958,91.4893617021277,97.8723404255319,0.872340425531915,0.872340425531915,2.12765957446809,0.51063829787234,0.0638297872340425
41070,1,3,0,1,4,2,100,92.156862745098,98.0392156862745,0.75,0.725,1.65,0.45,0.075
41071,0,3,0,2,4,0,96.6666666666667,76.6666666666667,100,0.8,0.8,2.56666666666667,0.666666666666667,0.0666666666666667
41072,0,2,1,2,4,5,95.9183673469388,91.8367346938776,97.9591836734694,0.594594594594595,0.594594594594595,0.891891891891892,0.864864864864865,0.027027027027027
41073,0,2,1,2,4,1,95.6521739130435,86.9565217391304,100,0.916666666666667,0.916666666666667,1.44047619047619,0.452380952380952,0.0714285714285714
41074,10,3,1,3,4,5,92.1052631578947,92.1052631578947,94.7368421052632,0.48,0.38,1.37,0.88,0.11
41075,6,3,0,2,4,3,96.7741935483871,95.1612903225807,98.3870967741936,0.5,0.461038961038961,0.967532467532468,0.155844155844156,0.051948051948052
41076,0,3,0,2,4,3,98.4615384615385,96.9230769230769,96.9230769230769,0.879120879120879,0.879120879120879,1.79120879120879,0.252747252747253,0.120879120879121
41077,0,3,0,2,4,1,100,89.5833333333333,97.9166666666667,0.911111111111111,0.911111111111111,1.37777777777778,0.377777777777778,0.0666666666666667
41078,2,2,0,2,4,1,94.5945945945946,78.3783783783784,100,1.09375,1.03125,1.59375,0.59375,0.09375
41079,2,3,1,2,4,0,100,94.7368421052632,100,0.24390243902439,0.195121951219512,0.75609756097561,1.36585365853659,0.292682926829268
41080,25,2,1,1,4,4,97.2972972972973,94.5945945945946,94.5945945945946,0.925925925925926,0,0,1.25925925925926,0.185185185185185
41081,15,2,1,1,4,3,100,88.8888888888889,94.4444444444444,0.394736842105263,0,0.0526315789473684,0.868421052631579,0.105263157894737
41082,21,2,1,2,4,1,81.9044873063313,91.0130610644602,82.8406469895976,0.272727272727273,0,0.012987012987013,0.155844155844156,0.012987012987013
41083,28,3,1,2,4,1,90.9090909090909,72.7272727272727,100,0.4375,0,0.015625,0.421875,0.09375
41084,28,3,1,3,4,2,75,91.6666666666667,91.6666666666667,0.329545454545455,0.0113636363636364,0.0113636363636364,0.431818181818182,0.0568181818181818
41085,16,2,1,2,4,2,94.8717948717949,92.3076923076923,94.8717948717949,0.414634146341463,0.024390243902439,0.024390243902439,0.390243902439024,0.317073170731707
41087,46,2,1,3,4,3,100,75,100,0.377049180327869,0,0.0163934426229508,0.278688524590164,0.0491803278688525
41088,70,3,1,3,4,7,100,93.1818181818182,97.7272727272727,0.257142857142857,0.00714285714285714,0.0107142857142857,0.182142857142857,0.0428571428571429
41089,11,3,0,2,4,0,81.9044873063313,91.0130610644602,82.8406469895976,0.423076923076923,0,0,0.384615384615385,0.0769230769230769
41090,19,2,0,2,4,0,100,100,100,0.327586206896552,0,0.0172413793103448,0.189655172413793,0.103448275862069
41091,73,3,0,2,4,7,93.9393939393939,89.8989898989899,95.959595959596,0.471337579617834,0.00636942675159236,0.0127388535031847,0.535031847133758,0.0955414012738854
41092,19,3,0,1,4,4,81.9044873063313,91.0130610644602,82.8406469895976,0.422222222222222,0,0,0.266666666666667,0.222222222222222
41093,13,3,0,1,4,1,100,100,100,0.684210526315789,0,0,0.421052631578947,0.105263157894737
41094,23,3,0,1,4,1,100,100,100,1.76923076923077,0,0,0.230769230769231,0.153846153846154
41095,21,3,0,1,4,0,100,100,100,0.724137931034483,0,0,0.206896551724138,0.103448275862069
41096,29,3,0,1,4,1,100,100,100,0.743589743589744,0,0.0256410256410256,0.230769230769231,0.0769230769230769
41097,45,3,0,2,4,3,97.2222222222222,91.6666666666667,100,0.957446808510638,0,0.0638297872340425,0.191489361702128,0.0638297872340425
41098,18,3,1,2,4,3,91.3793103448276,86.2068965517241,96.551724137931,0.209302325581395,0,0,0.337209302325581,0.127906976744186
41099,64,3,1,3,4,11,92.5925925925926,96.2962962962963,100,0.351063829787234,0.0106382978723404,0.0106382978723404,0.409574468085106,0.127659574468085
41100,16,3,1,3,4,5,100,100,100,0.307692307692308,0,0,0.211538461538462,0.0961538461538462
41101,11,3,0,2,4,2,100,100,100,0.17741935483871,0,0,0.129032258064516,0.0645161290322581
41102,155,3,0,2,4,4,85.7142857142857,88.0952380952381,90.4761904761905,1.06896551724138,0,0.00689655172413793,0.289655172413793,0.0620689655172414
41103,3,3,0,2,4,1,94.9152542372881,93.2203389830508,96.6101694915254,0.0337078651685393,0,0.0224719101123595,0.359550561797753,0.0449438202247191
41104,26,3,0,1,4,0,100,100,100,0.8125,0,0.03125,0.1875,0.0625
41106,0,3,0,2,3,0,81.9044873063313,91.0130610644602,82.8406469895976,0.928571428571429,0.928571428571429,3.21428571428571,0.428571428571429,0.142857142857143
41107,0,3,0,1,4,0,81.9044873063313,91.0130610644602,82.8406469895976,0.95,0.95,2.05,0.4,0.15
41108,0,3,0,1,4,0,100,100,100,0.481481481481481,0.481481481481481,1.44444444444444,0.296296296296296,0.0740740740740741
41109,0,3,0,2,4,3,95.1219512195122,92.6829268292683,97.5609756097561,0.772727272727273,0.772727272727273,1.34090909090909,0.329545454545455,0.0909090909090909
41110,26,3,2,3,4,2,83.3333333333333,90,93.3333333333333,0.231404958677686,0.0165289256198347,0.00826446280991736,0.40495867768595,0.0743801652892562
41111,7,3,0,2,4,1,93.4782608695652,91.304347826087,95.6521739130435,0.21875,0,0,0.53125,0.1875
41112,0,3,0,2,4,1,100,100,100,0.847826086956522,0.847826086956522,1.84782608695652,0.195652173913043,0.0434782608695652
41113,0,3,0,1,4,1,81.9044873063313,91.0130610644602,82.8406469895976,0.655172413793103,0.655172413793103,1.62068965517241,0.275862068965517,0.103448275862069
41114,13,3,0,2,4,8,96,88,92,0.51,0.38,1.15,0.48,0.18
41115,6,3,0,1,4,3,88.2352941176471,88.2352941176471,94.1176470588235,0.272727272727273,0,1.54545454545455,0.863636363636364,0.181818181818182
41116,8,3,1,2,4,2,100,100,100,0.32,0,0.76,1.08,0.16
41117,1,2,1,2,4,1,85.7142857142857,100,100,0.142857142857143,0,0.285714285714286,3.14285714285714,0.285714285714286
41118,1,3,0,2,4,1,93.3333333333333,86.6666666666667,100,0.582417582417582,0.571428571428571,1.08791208791209,0.241758241758242,0.043956043956044
41119,10,2,0,2,4,1,93.5483870967742,80.6451612903226,100,0.333333333333333,0,0.7,0.266666666666667,0
41121,1,3,0,2,0,0,80,80,100,1.48275862068966,1.44827586206897,1.20689655172414,0.413793103448276,0.0344827586206897
41123,25,3,0,2,4,7,98.1481481481482,88.8888888888889,100,0.260416666666667,0,0.822916666666667,0.239583333333333,0.09375
41124,30,2,0,1,4,2,95.8333333333333,95.8333333333333,97.9166666666667,2.625,0.75,2.75,1,0.3125
41125,16,2,0,2,0,0,100,96.7741935483871,100,0.85,0.05,1.8,0.5,0.05
41126,2,3,0,1,4,1,83.3333333333333,100,91.6666666666667,0.481203007518797,0.466165413533835,0.819548872180451,0.150375939849624,0.0225563909774436
41128,19,3,1,2,4,1,89.4736842105263,94.7368421052632,94.7368421052632,0.125786163522013,0.00628930817610063,0.742138364779874,0.213836477987421,0.0440251572327044
41130,1,3,0,1,4,0,81.9044873063313,91.0130610644602,82.8406469895976,1.11764705882353,1.05882352941176,1.52941176470588,0.235294117647059,0.0588235294117647
41131,2,3,0,0,4,0,100,100,100,3.46666666666667,3.33333333333333,1.53333333333333,0.4,0.133333333333333
41133,3,2,1,2,4,0,95,87.5,100,1.3125,1.125,1.1875,4.5,0.5
41134,64,3,2,3,4,1,66.6666666666667,100,66.6666666666667,2.54545454545455,0.606060606060606,0.0606060606060606,0.363636363636364,0
41135,5,3,0,1,4,0,100,100,100,0.86046511627907,0.744186046511628,1.3953488372093,0.325581395348837,0.186046511627907
41136,3,3,0,1,4,1,81.9044873063313,91.0130610644602,82.8406469895976,0.774193548387097,0.67741935483871,1.45161290322581,0.32258064516129,0.129032258064516
41137,0,3,0,2,4,0,81.9044873063313,91.0130610644602,82.8406469895976,2.45283018867925,2.45283018867925,0.0566037735849057,0.188679245283019,0.0943396226415094
41138,0,3,0,2,4,2,100,100,100,0.0434782608695652,0.0434782608695652,0,0.695652173913043,0.173913043478261
41139,0,3,0,0,4,1,100,100,100,0.153846153846154,0.153846153846154,0.115384615384615,0.211538461538462,0.115384615384615
41140,0,3,0,2,4,0,100,100,100,5.40740740740741,5.40740740740741,0.037037037037037,0.518518518518518,0.111111111111111
41141,0,3,0,1,4,0,100,100,100,0.0833333333333333,0.0833333333333333,0.166666666666667,0.5,0.125
40117,0,3,0,1,3,0,88.8888888888889,88.8888888888889,100,0,0,0.075,0.25,0.025
40137,0,2,1,3,4,0,100,75,100,0,0,0,1.5,0
40278,0,3,0,1,4,1,100,100,100,0,0,0.1,0.4,0
40279,0,3,0,1,4,2,81.9044873063313,91.0130610644602,82.8406469895976,0,0,0.136363636363636,0.272727272727273,0.0454545454545455
40446,0,3,0,2,4,0,100,100,100,0,0,0.032258064516129,0.0645161290322581,0
40448,0,2,0,2,0,0,81.9044873063313,91.0130610644602,82.8406469895976,0,0,0,0,0
40449,0,3,0,2,0,0,81.9044873063313,91.0130610644602,82.8406469895976,0,0,0,0,0
40450,0,2,0,1,4,0,81.9044873063313,91.0130610644602,82.8406469895976,0,0,0,0.153846153846154,0
40453,0,2,0,3,2,0,81.9044873063313,91.0130610644602,82.8406469895976,0,0,0,0,0
41343,0,3,1,3,0,0,81.9044873063313,91.0130610644602,82.8406469895976,0,0,0,0,0
39437,0,3,0,3,4,0,100,66.6666666666667,100,0,0,0,84,4
39544,0,3,0,2,4,1,90.9090909090909,81.8181818181818,100,0,0,0.25,0.875,0.25
40706,0,2,1,1,4,1,81.9044873063313,91.0130610644602,82.8406469895976,0,0,0,0.272727272727273,0.0454545454545455
40809,0,2,0,1,4,0,100,100,100,0,0,5,8,0.5
40790,0,2,0,2,2,0,66.6666666666667,66.6666666666667,66.6666666666667,0,0,8.5,9.5,0.5
40876,0,3,0,2,3,1,100,100,100,0,0,0,0.5,0.111111111111111
40894,0,3,1,3,0,1,85.7142857142857,85.7142857142857,85.7142857142857,0,0,0,0.120418848167539,0.0157068062827225
41011,0,1,0,2,4,0,100,100,100,0,0,0,0.272727272727273,0.0909090909090909
40438,0,1,2,3,4,1,100,100,100,0,0,0.036144578313253,0.168674698795181,0.0481927710843374
40426,0,3,0,2,4,1,93.3333333333333,96.6666666666667,93.3333333333333,0,0,0,1,0.0952380952380952
41053,0,3,0,1,4,1,100,90,90,0,0,3.41176470588235,1.05882352941176,0.647058823529412
41105,0,2,1,2,4,0,91.25,82.5,97.5,0,0,0,1.88888888888889,0.111111111111111
40240,0,2,0,2,4,0,94.2857142857143,100,91.4285714285714,0,0,0.2,4.6,1.4
41122,0,3,1,2,0,0,81.9044873063313,91.0130610644602,82.8406469895976,0,0,1.08695652173913,0.260869565217391,0.0434782608695652
40296,0,3,0,0,4,0,100,100,100,0,0,1.66666666666667,0.333333333333333,0
40712,0,3,0,0,0,0,100,100,100,0,0,1.42857142857143,0.285714285714286,0.142857142857143
40838,0,1,0,2,4,0,80,60,80,0,0,0.5,4.5,0.5
40898,0,2,0,1,0,0,81.9044873063313,91.0130610644602,82.8406469895976,0,0,0.0625,0.25,0
41012,0,2,0,3,4,0,100,100,100,0,0,0.0192307692307692,0.192307692307692,0.0192307692307692
41015,0,3,0,1,3,0,81.9044873063313,91.0130610644602,82.8406469895976,0,0,0.5,3,0.5
41120,0,2,0,2,0,0,100,100,100,0,0,0.184210526315789,0,0
41127,0,3,0,2,0,0,81.9044873063313,91.0130610644602,82.8406469895976,0,0,0.875,0.875,0.25
41132,0,3,0,0,4,0,100,100,100,0,0,2,0.266666666666667,0.0666666666666667
39556,0,2,0,1,2,0,100,100,100,0,0,0,0.210526315789474,0.0526315789473684
40895,0,2,0,2,0,0,81.9044873063313,91.0130610644602,82.8406469895976,0,0,0,0.35,0
40904,0,2,0,2,4,0,100,100,100,0,0,0,1.25,0.25
41013,0,2,2,3,4,0,100,100,100,0,0,0,0.0375,0.00833333333333333
41086,0,1,1,2,4,0,81.9044873063313,91.0130610644602,82.8406469895976,0,0,0,0.285714285714286,0
41143,0,1,1,2,4,0,81.9044873063313,91.0130610644602,82.8406469895976,0,0,0,0.0185185185185185,0
41144,0,1,2,2,0,0,81.9044873063313,91.0130610644602,82.8406469895976,0,0,0,0,0
41145,0,0,2,2,0,0,81.9044873063313,91.0130610644602,82.8406469895976,0,0,0,0,0
41146,0,1,2,2,4,0,81.9044873063313,91.0130610644602,82.8406469895976,0,0,0,0,0
41147,0,1,2,2,4,0,81.9044873063313,91.0130610644602,82.8406469895976,0,0,0,0,0
41142,0,1,1,1,4,0,81.9044873063313,91.0130610644602,82.8406469895976,0,0,0,0,0
41148,0,1,1,1,0,0,81.9044873063313,91.0130610644602,82.8406469895976,0,0,0,0,0
41149,0,1,1,2,4,0,81.9044873063313,91.0130610644602,82.8406469895976,0,0,0,0,0
41150,0,1,1,2,0,0,81.9044873063313,91.0130610644602,82.8406469895976,0,0,0,0,0
41151,0,1,1,1,4,0,81.9044873063313,91.0130610644602,82.8406469895976,0,0,0,0,0
