"Telecomunicaciones_4Ginteriores","Telecomunicaciones_4Gexteriores","Telecomunicaciones_4Gvehiculos","Movilidad_congestionamiento","Residuos_Valorizables","Residuos_noValorizables","cantidad_empresas","Movilidad_accidentes_Calle_buen_estado","Movilidad_accidentes_buenTiempo","Movilidad_accidentes_pavimento","Agua_conexiones_edific","saneamiento_conexiones_edific","Electricidad_medidoresint_edific","Electricidad_postes_edific","Electricidad_transformadores_edific"
2,0,2,4,0,0,0,90.4139306971725,94.1993862767545,90.9256440514256,0.866666666666667,0,1.13333333333333,1.13333333333333,0
2,1,3,4,0,0,0,100,100,100,0.0410958904109589,0,0.89041095890411,0.89041095890411,0
2,2,3,4,0,0,0,100,100,100,0.0176991150442478,0,0.504424778761062,0.504424778761062,0.00884955752212389
2,1,2,3,0,1,0,90.4139306971725,94.1993862767545,90.9256440514256,0.382352941176471,0,1.20588235294118,1.20588235294118,0.0294117647058824
2,0,2,4,0,1,0,100,100,100,0.523809523809524,0,2,2,0.0952380952380952
2,1,3,4,0,1,0,90.4139306971725,94.1993862767545,90.9256440514256,0.228260869565217,0,0.33695652173913,0.33695652173913,0
2,0,1,3,0,1,0,100,100,100,0.769230769230769,0,2.23076923076923,2.23076923076923,0.153846153846154
3,0,2,4,0,1,0,100,100,100,0.724137931034483,0,1,1,0.0344827586206897
3,0,2,3,0,0,1,100,100,100,3.75,0,5,5,0
2,0,1,4,0,1,0,100,100,100,1.5,0,5.5,5.5,0.5
2,0,2,4,0,1,2,100,100,100,0.661538461538462,0,1.2,1.2,0.0307692307692308
2,0,2,4,0,1,0,100,100,100,0.69811320754717,0,1.54716981132075,1.54716981132075,0.0377358490566038
2,0,2,4,0,0,1,90.4139306971725,94.1993862767545,90.9256440514256,1.08333333333333,0,2.58333333333333,2.58333333333333,0
2,0,2,4,0,1,0,90.4139306971725,94.1993862767545,90.9256440514256,0.6,0,1.25,1.25,0.05
2,0,2,0,0,1,0,90.4139306971725,94.1993862767545,90.9256440514256,0.588235294117647,0,0.764705882352941,0.764705882352941,0
3,0,1,4,0,1,2,66.6666666666667,100,66.6666666666667,0.636363636363636,0,1.47272727272727,1.47272727272727,0.0727272727272727
3,0,1,4,0,1,0,100,100,100,0.941176470588235,0,1.52941176470588,1.52941176470588,0.0294117647058824
3,0,1,4,0,1,0,100,100,100,0.894736842105263,0,2.15789473684211,2.15789473684211,0.0526315789473684
3,0,1,4,0,1,0,100,100,100,0.785714285714286,0,1.42857142857143,1.42857142857143,0.0714285714285714
3,0,0,4,0,1,0,100,100,100,1.18181818181818,0,2.27272727272727,2.27272727272727,0.0909090909090909
3,0,0,4,0,1,0,100,100,100,0.408163265306122,0,0.73469387755102,0.73469387755102,0
3,0,0,3,0,1,1,90.4139306971725,94.1993862767545,90.9256440514256,0.521739130434783,0,1.34782608695652,1.34782608695652,0.0434782608695652
3,0,0,3,0,1,0,90.4139306971725,94.1993862767545,90.9256440514256,0.76,0,1.48,1.48,0.12
3,0,0,4,0,1,3,100,100,100,0.869565217391304,0,1.56521739130435,1.56521739130435,0.0434782608695652
3,0,2,4,0,1,1,100,100,100,0.7,0,1.775,1.775,0.075
3,0,2,4,0,1,2,100,100,100,0.821428571428571,0,1.64285714285714,1.64285714285714,0.0714285714285714
3,0,2,4,0,1,0,100,100,50,0.75,0,2,2,0.03125
3,0,2,4,0,1,1,100,100,50,0.75,0,1.5625,1.5625,0.0416666666666667
2,0,1,4,0,1,0,100,100,100,0.5,0,1.29545454545455,1.29545454545455,0.0227272727272727
2,0,2,4,0,1,1,100,100,100,0.814814814814815,0,2,2,0.037037037037037
2,0,2,4,0,1,1,100,100,100,0.6875,0,1.6875,1.6875,0
2,0,2,4,0,1,0,90.4139306971725,94.1993862767545,90.9256440514256,0.553191489361702,0,1.19148936170213,1.19148936170213,0.0425531914893617
2,0,2,4,0,1,1,90.4139306971725,94.1993862767545,90.9256440514256,0.526315789473684,0,2.21052631578947,2.21052631578947,0.0526315789473684
3,0,1,4,0,1,1,90.4139306971725,94.1993862767545,90.9256440514256,0.449275362318841,0,1,1,0.0144927536231884
2,0,1,4,0,1,0,90.4139306971725,94.1993862767545,90.9256440514256,0.709090909090909,0,1.29090909090909,1.29090909090909,0
3,0,2,4,0,1,0,90.4139306971725,94.1993862767545,90.9256440514256,0.584615384615385,0,0.984615384615385,0.984615384615385,0.0153846153846154
3,0,1,4,0,1,0,50,100,100,0.685714285714286,0,1.31428571428571,1.31428571428571,0.0571428571428571
3,0,1,4,0,1,1,50,100,100,0.492063492063492,0,1.06349206349206,1.06349206349206,0.0158730158730159
3,0,0,4,0,1,0,90.4139306971725,94.1993862767545,90.9256440514256,0.433333333333333,0,0.933333333333333,0.933333333333333,0
3,0,1,1,0,1,0,90.4139306971725,94.1993862767545,90.9256440514256,0.56,0,1.92,1.92,0
3,0,0,4,0,1,2,100,100,100,0.625,0,1.25,1.25,0.0192307692307692
3,0,3,4,0,1,2,100,100,66.6666666666667,0.879781420765027,0,1.08196721311475,1.08196721311475,0.0273224043715847
3,0,3,4,0,1,1,66.6666666666667,100,100,0.411042944785276,0,1.14723926380368,1.14723926380368,0.0368098159509202
1,1,2,0,0,1,0,90.4139306971725,94.1993862767545,90.9256440514256,0.392857142857143,0.0357142857142857,1.21428571428571,1.21428571428571,0
1,0,2,0,0,1,1,90.4139306971725,94.1993862767545,90.9256440514256,0.655172413793103,0,1.51724137931034,1.51724137931034,0.0344827586206897
2,0,2,4,0,1,1,90.4139306971725,94.1993862767545,90.9256440514256,0.692307692307692,0,1.61538461538462,1.61538461538462,0
3,0,2,4,0,1,1,90.4139306971725,94.1993862767545,90.9256440514256,0.844827586206897,0,1.62068965517241,1.62068965517241,0.0689655172413793
3,0,2,3,0,1,2,100,100,100,0.444444444444444,0,1.61111111111111,1.61111111111111,0.0555555555555556
3,0,2,4,0,1,1,100,100,50,1,0,1.17307692307692,1.17307692307692,0.0576923076923077
3,0,2,4,0,1,0,100,100,100,0.98,0,1,1,0
3,0,1,3,0,1,1,100,100,100,0.515151515151515,0,0.787878787878788,0.787878787878788,0.0303030303030303
3,0,2,4,0,1,1,90.9090909090909,100,100,0.618421052631579,0,1.38157894736842,1.38157894736842,0.0657894736842105
3,0,2,4,0,1,1,100,100,100,1.1566265060241,0,1.16867469879518,1.16867469879518,0.0240963855421687
3,0,2,4,0,1,0,100,100,100,0.542553191489362,0,1.1063829787234,1.1063829787234,0.0106382978723404
2,0,2,4,0,1,1,100,100,100,1.11904761904762,0,1.21428571428571,1.21428571428571,0.0238095238095238
3,0,2,4,0,1,1,90.4139306971725,94.1993862767545,90.9256440514256,0.851063829787234,0,0.957446808510638,0.957446808510638,0
3,0,2,3,0,1,0,100,100,100,1.09677419354839,0,1.06451612903226,1.06451612903226,0
3,0,2,4,0,1,2,100,100,100,0.448979591836735,0,0.938775510204082,0.938775510204082,0.0408163265306122
3,0,1,0,0,1,0,90.4139306971725,94.1993862767545,90.9256440514256,2,2,2.44444444444444,2.44444444444444,0
3,0,1,4,0,1,0,90.4139306971725,94.1993862767545,90.9256440514256,1.16666666666667,1.06666666666667,1.96666666666667,1.96666666666667,0.0666666666666667
3,0,2,4,0,1,1,90.4139306971725,94.1993862767545,90.9256440514256,0.888888888888889,0.888888888888889,1.81481481481481,1.81481481481481,0.037037037037037
3,0,2,0,0,1,0,90.4139306971725,94.1993862767545,90.9256440514256,2.21428571428571,2.07142857142857,2.92857142857143,2.92857142857143,0.142857142857143
3,0,1,0,0,1,1,90.4139306971725,94.1993862767545,90.9256440514256,0.821428571428571,0.75,1.60714285714286,1.60714285714286,0.0714285714285714
3,0,1,4,0,1,0,90.4139306971725,94.1993862767545,90.9256440514256,1.53333333333333,1.4,1.86666666666667,1.86666666666667,0.133333333333333
3,0,0,4,0,1,0,90.4139306971725,94.1993862767545,90.9256440514256,0.0909090909090909,0,1.81818181818182,1.81818181818182,0.0909090909090909
3,0,2,4,0,1,3,90.4139306971725,94.1993862767545,90.9256440514256,0.706422018348624,0,1.21100917431193,1.21100917431193,0.036697247706422
3,0,1,3,0,1,1,100,100,100,1.09090909090909,0,3.90909090909091,3.90909090909091,0.0909090909090909
3,0,1,4,0,1,0,50,100,50,0.484848484848485,0,1.66666666666667,1.66666666666667,0
3,0,1,4,1,1,0,50,100,50,0.0857142857142857,0,1.08571428571429,1.08571428571429,0.0285714285714286
3,0,1,4,0,1,0,50,100,50,0.615384615384615,0,1.23076923076923,1.23076923076923,0.0256410256410256
3,0,1,4,0,1,0,90.4139306971725,94.1993862767545,90.9256440514256,0.956521739130435,0,2.39130434782609,2.39130434782609,0.0869565217391304
3,0,2,4,0,1,1,90.4139306971725,94.1993862767545,90.9256440514256,0.9,0.357142857142857,1.51428571428571,1.51428571428571,0.0142857142857143
3,0,1,0,0,1,0,90.4139306971725,94.1993862767545,90.9256440514256,0.8,0.8,6.6,6.6,0.4
3,0,1,0,0,1,0,90.4139306971725,94.1993862767545,90.9256440514256,0.0588235294117647,0,1.38235294117647,1.38235294117647,0.0294117647058824
3,0,2,0,0,1,0,100,100,100,0.384615384615385,0.0384615384615385,1.5,1.5,0.0384615384615385
3,0,2,4,0,1,2,100,100,100,0.886075949367089,0.594936708860759,0.974683544303797,0.974683544303797,0.0379746835443038
3,0,0,4,0,1,1,100,100,100,1.22222222222222,1.05555555555556,2.94444444444444,2.94444444444444,0.111111111111111
3,0,0,3,0,1,1,90.4139306971725,94.1993862767545,90.9256440514256,1.8125,1.8125,2.125,2.125,0.0625
3,0,2,4,0,1,1,90.4139306971725,94.1993862767545,90.9256440514256,0.888888888888889,0,1.28571428571429,1.28571428571429,0.0634920634920635
3,0,0,4,0,1,1,90.4139306971725,94.1993862767545,90.9256440514256,0.5625,0,1.125,1.125,0.09375
3,0,0,4,0,1,0,90.4139306971725,94.1993862767545,90.9256440514256,0.78125,0,1.5625,1.5625,0.0625
3,1,2,4,1,1,3,50,100,50,1.31182795698925,0,1.43010752688172,1.43010752688172,0.0483870967741935
3,0,2,4,1,1,1,100,100,100,1.29545454545455,0.75,1.11363636363636,1.11363636363636,0.0681818181818182
3,0,1,0,0,1,0,90.4139306971725,94.1993862767545,90.9256440514256,1.21875,1.125,1.96875,1.96875,0.09375
2,0,1,0,0,1,1,90.4139306971725,94.1993862767545,90.9256440514256,1.125,1.0625,2.125,2.125,0.09375
2,0,1,0,0,1,0,90.4139306971725,94.1993862767545,90.9256440514256,1.125,1.125,2.3125,2.3125,0.0625
2,0,1,0,0,1,0,90.4139306971725,94.1993862767545,90.9256440514256,0.8,0.733333333333333,1.76666666666667,1.76666666666667,0.0333333333333333
2,0,1,0,0,1,0,100,100,100,0.75,0.71875,1.65625,1.65625,0.0625
2,0,1,4,0,1,3,50,100,100,1,0.926470588235294,1.45588235294118,1.45588235294118,0.0441176470588235
3,0,1,4,0,1,0,90.4139306971725,94.1993862767545,90.9256440514256,0.814814814814815,0,1.25925925925926,1.25925925925926,0.037037037037037
3,0,1,3,0,1,2,90.4139306971725,94.1993862767545,90.9256440514256,0.142857142857143,0,1.62857142857143,1.62857142857143,0.0857142857142857
3,0,2,4,0,1,0,90.4139306971725,94.1993862767545,90.9256440514256,0.617647058823529,0,1.52941176470588,1.52941176470588,0.0588235294117647
2,1,2,4,0,1,0,90.4139306971725,94.1993862767545,90.9256440514256,0.458333333333333,0,1.02083333333333,1.02083333333333,0.0625
2,1,3,4,0,0,0,90.4139306971725,94.1993862767545,90.9256440514256,0.208333333333333,0,0.416666666666667,0.416666666666667,0.0416666666666667
3,0,1,4,0,1,0,77.7777777777778,88.8888888888889,100,0.608695652173913,0,1.1304347826087,1.1304347826087,0.0289855072463768
3,0,1,4,0,1,2,80,100,100,0.666666666666667,0,2.51851851851852,2.51851851851852,0.037037037037037
3,0,2,4,0,1,0,87.5,100,100,0.557692307692308,0,1.19230769230769,1.19230769230769,0.0576923076923077
3,0,2,4,0,1,2,83.3333333333333,100,100,0.727272727272727,0,1.47272727272727,1.47272727272727,0.0363636363636364
3,0,2,4,1,1,1,87.5,87.5,100,0.74468085106383,0.0212765957446809,1.21276595744681,1.21276595744681,0.0425531914893617
3,0,2,4,0,1,1,85.7142857142857,85.7142857142857,100,0.607142857142857,0,1.375,1.375,0.0178571428571429
3,0,0,4,0,1,1,90.4139306971725,94.1993862767545,90.9256440514256,0.71875,0,1.71875,1.71875,0.09375
3,0,1,4,0,1,2,100,100,100,0.735294117647059,0,2.14705882352941,2.14705882352941,0.0882352941176471
3,0,1,4,0,1,1,90.4139306971725,94.1993862767545,90.9256440514256,2.11363636363636,0,1.36363636363636,1.36363636363636,0.136363636363636
3,0,1,4,0,1,1,83.3333333333333,100,100,0.612903225806452,0,1.04838709677419,1.04838709677419,0.032258064516129
3,0,1,4,0,1,2,87.5,100,87.5,0.666666666666667,0,1.51282051282051,1.51282051282051,0.0512820512820513
3,0,1,4,0,1,1,88.8888888888889,100,88.8888888888889,0.5,0,8.83333333333333,8.83333333333333,0.833333333333333
2,0,1,4,0,1,2,100,100,75,0.720588235294118,0,1.35294117647059,1.35294117647059,0.0735294117647059
3,0,1,4,0,1,0,60,100,100,0.4,0,1.6,1.6,0.04
3,0,1,4,0,1,0,100,100,100,0.588235294117647,0,1.11764705882353,1.11764705882353,0.0147058823529412
3,0,1,4,0,1,1,90.4139306971725,94.1993862767545,90.9256440514256,0.653846153846154,0,1.5,1.5,0.0192307692307692
3,0,1,4,0,1,1,100,100,100,1.78846153846154,0,1.25,1.25,0.0576923076923077
3,0,1,4,0,1,1,100,100,100,0.944444444444444,0,2.02777777777778,2.02777777777778,0.111111111111111
3,0,1,4,0,1,1,85.7142857142857,100,71.4285714285714,0.959183673469388,0,1.59183673469388,1.59183673469388,0.0204081632653061
3,0,1,4,0,1,2,100,100,83.3333333333333,0.7,0,1.325,1.325,0.05
3,0,1,4,0,1,1,100,100,75,0.465116279069767,0,1.97674418604651,1.97674418604651,0.0930232558139535
3,0,2,4,0,1,2,66.6666666666667,100,100,0.614457831325301,0.072289156626506,1.01204819277108,1.01204819277108,0.0481927710843374
3,0,1,4,0,1,0,71.4285714285714,100,100,1.5,0,35,35,2
3,0,2,4,1,1,3,78.5714285714286,92.8571428571429,100,0.738095238095238,0.0238095238095238,1.4047619047619,1.4047619047619,0.0595238095238095
3,0,0,4,1,1,0,100,100,100,0.666666666666667,0.166666666666667,1.91666666666667,1.91666666666667,0.0833333333333333
3,0,0,4,1,1,0,33.3333333333333,100,100,0.954545454545455,0.0454545454545455,2.13636363636364,2.13636363636364,0.136363636363636
3,0,1,4,1,1,0,66.6666666666667,100,100,1.09090909090909,0.0454545454545455,2.59090909090909,2.59090909090909,0.0909090909090909
3,0,1,4,0,1,3,90.4139306971725,94.1993862767545,90.9256440514256,0.672727272727273,0,1.70909090909091,1.70909090909091,0.0727272727272727
3,0,1,4,0,1,1,90.4139306971725,94.1993862767545,90.9256440514256,0.627118644067797,0,1.1864406779661,1.1864406779661,0.0169491525423729
3,0,3,4,0,1,2,100,100,100,0.816326530612245,0,1.3469387755102,1.3469387755102,0.0306122448979592
3,0,1,4,0,1,0,66.6666666666667,100,66.6666666666667,0.459459459459459,0,1.51351351351351,1.51351351351351,0.108108108108108
3,0,2,4,0,1,1,80,100,80,0.6,0,1.57777777777778,1.57777777777778,0.0222222222222222
3,0,2,4,0,1,0,80,100,80,0.675675675675676,0,1.45945945945946,1.45945945945946,0.0540540540540541
3,0,2,4,0,1,0,100,100,100,0.544303797468354,0,1.10126582278481,1.10126582278481,0.0379746835443038
3,0,1,4,0,1,2,100,100,100,0.826923076923077,0,2.07692307692308,2.07692307692308,0.115384615384615
3,0,1,4,0,1,0,100,100,100,0.666666666666667,0,1.31372549019608,1.31372549019608,0.0392156862745098
3,0,2,4,0,1,0,50,100,50,0.6,0,1.33333333333333,1.33333333333333,0.0333333333333333
3,0,2,4,0,1,2,75,100,75,0.536585365853659,0,1.0609756097561,1.0609756097561,0.024390243902439
3,0,1,4,0,1,0,66.6666666666667,100,66.6666666666667,0.530612244897959,0,1.16326530612245,1.16326530612245,0.0204081632653061
3,0,0,4,0,1,1,90.4139306971725,94.1993862767545,90.9256440514256,0.540540540540541,0,1.40540540540541,1.40540540540541,0.027027027027027
3,0,0,4,0,1,0,100,100,100,0.716049382716049,0.0123456790123457,1.1358024691358,1.1358024691358,0.0493827160493827
3,0,1,4,0,1,1,87.5,100,100,0.928571428571429,0,2.33333333333333,2.33333333333333,0.142857142857143
3,0,2,4,0,1,1,100,100,100,0.8,0,1.52,1.52,0.04
3,0,2,4,0,1,1,100,100,100,0.904761904761905,0,0.952380952380952,0.952380952380952,0.0476190476190476
3,0,0,4,0,1,1,100,100,100,2.42857142857143,1.85714285714286,4.57142857142857,4.57142857142857,0.142857142857143
3,0,0,4,0,1,0,100,100,100,0.636363636363636,0.363636363636364,5.72727272727273,5.72727272727273,0.272727272727273
3,0,1,4,1,1,2,100,100,100,1.2258064516129,0.411290322580645,2.13709677419355,2.13709677419355,0.0564516129032258
3,0,2,4,0,1,3,100,90,100,0.105263157894737,0,2.10526315789474,2.10526315789474,0.131578947368421
3,0,1,4,0,1,1,100,100,100,0.756756756756757,0,1.32432432432432,1.32432432432432,0.108108108108108
3,0,1,4,0,1,3,75,100,100,0.508474576271186,0,0.661016949152542,0.661016949152542,0.0677966101694915
3,0,1,4,1,1,0,100,100,100,0.705882352941177,0,1.47058823529412,1.47058823529412,0
3,0,1,4,1,1,2,85.7142857142857,85.7142857142857,100,0.666666666666667,0.0238095238095238,1.52380952380952,1.52380952380952,0.0238095238095238
3,0,0,4,1,1,0,50,100,100,0.605263157894737,0.236842105263158,1.36842105263158,1.36842105263158,0.0263157894736842
3,0,1,4,1,1,0,90.4139306971725,94.1993862767545,90.9256440514256,0.9,0.866666666666667,2.05,2.05,0.05
3,0,0,4,1,1,2,100,100,100,0.792452830188679,0.641509433962264,1.54716981132075,1.54716981132075,0.0566037735849057
3,0,0,4,1,1,1,100,100,100,0.863636363636364,0.590909090909091,2.22727272727273,2.22727272727273,0.0909090909090909
3,0,0,4,1,1,1,100,100,100,0.9,0.766666666666667,1.56666666666667,1.56666666666667,0.0333333333333333
3,0,0,4,0,1,2,100,100,100,0.871794871794872,0.82051282051282,1.66666666666667,1.66666666666667,0.0512820512820513
3,0,2,5,0,1,0,100,100,100,0.933333333333333,0.766666666666667,1.56666666666667,1.56666666666667,0
3,0,2,4,0,1,0,88.8888888888889,100,100,0.5,0,10,10,1.25
3,0,1,3,0,1,0,75,100,100,0.627450980392157,0,1.2156862745098,1.2156862745098,0.0392156862745098
3,0,1,4,0,1,1,75,100,100,0.526315789473684,0.0175438596491228,1.19298245614035,1.19298245614035,0.0175438596491228
3,0,1,4,1,1,1,100,100,100,0.878048780487805,0,1.58536585365854,1.58536585365854,0.024390243902439
3,0,0,4,1,1,0,90.4139306971725,94.1993862767545,90.9256440514256,0.5,0,1.125,1.125,0.075
3,0,1,4,0,1,0,83.3333333333333,83.3333333333333,100,0.75,0,3.33333333333333,3.33333333333333,0.0833333333333333
3,0,1,4,1,1,0,85.7142857142857,85.7142857142857,100,0.513888888888889,0.0138888888888889,1.20833333333333,1.20833333333333,0.0138888888888889
2,0,1,4,0,1,1,100,100,100,0.826086956521739,0.804347826086957,1.80434782608696,1.80434782608696,0
2,0,1,3,0,1,0,100,100,100,1.3,1.2,2,2,0.05
3,0,1,4,0,1,1,90.4139306971725,94.1993862767545,90.9256440514256,0.82051282051282,0.794871794871795,1.84615384615385,1.84615384615385,0.0512820512820513
3,0,1,4,0,1,2,90.4139306971725,94.1993862767545,90.9256440514256,0.815789473684211,0.815789473684211,1.73684210526316,1.73684210526316,0.0526315789473684
3,0,1,4,0,1,1,100,100,100,0.704545454545455,0.681818181818182,1.38636363636364,1.38636363636364,0.0454545454545455
3,0,1,4,0,1,0,100,100,100,0.673913043478261,0.652173913043478,1.39130434782609,1.39130434782609,0.0652173913043478
3,0,0,4,1,1,2,100,100,100,0.909090909090909,0.772727272727273,1.59090909090909,1.59090909090909,0.0454545454545455
3,0,0,4,0,1,1,100,100,100,1.08823529411765,0.970588235294118,2.97058823529412,2.97058823529412,0.0294117647058824
3,0,0,4,0,1,0,100,100,100,0.861111111111111,0.861111111111111,2.02777777777778,2.02777777777778,0.0555555555555556
3,0,2,4,0,1,1,90,100,100,0.776699029126214,0,1.18446601941748,1.18446601941748,0.0485436893203883
3,0,2,3,0,1,0,90.4139306971725,94.1993862767545,90.9256440514256,0.56140350877193,0,1.50877192982456,1.50877192982456,0.0175438596491228
3,0,2,4,0,1,0,83.3333333333333,100,100,0.037037037037037,0,2.25925925925926,2.25925925925926,0.0740740740740741
3,0,1,4,0,1,0,100,100,100,0.897959183673469,0.897959183673469,1.6734693877551,1.6734693877551,0.0612244897959184
3,0,1,4,0,1,0,90.4139306971725,94.1993862767545,90.9256440514256,0.695652173913043,0.695652173913043,1.91304347826087,1.91304347826087,0.0869565217391304
3,0,1,4,0,1,0,100,100,100,0.76,0.76,1.64,1.64,0.08
3,0,1,4,0,1,0,100,100,100,0.588235294117647,0.470588235294118,1.76470588235294,1.76470588235294,0.117647058823529
3,0,2,5,0,1,2,100,100,100,0.703703703703704,0.444444444444444,2.07407407407407,2.07407407407407,0.0740740740740741
3,0,2,5,0,1,3,100,100,100,1.1304347826087,0.934782608695652,1.84782608695652,1.84782608695652,0.0434782608695652
3,0,2,5,0,1,4,100,80,100,0.817073170731707,0.573170731707317,1.45121951219512,1.45121951219512,0.0487804878048781
3,0,2,5,0,1,1,100,100,100,0.861538461538462,0.353846153846154,1.26153846153846,1.26153846153846,0.0307692307692308
3,0,1,5,0,1,1,90.4139306971725,94.1993862767545,90.9256440514256,0.7,0,1.6,1.6,0.02
3,0,1,5,1,1,0,90.4139306971725,94.1993862767545,90.9256440514256,2,0,3.75,3.75,0.166666666666667
3,0,1,5,1,1,0,90.4139306971725,94.1993862767545,90.9256440514256,0.64,0,1.68,1.68,0
3,0,2,0,1,1,0,90.4139306971725,94.1993862767545,90.9256440514256,1.16666666666667,0,2.16666666666667,2.16666666666667,0
3,0,3,3,1,1,0,90.4139306971725,94.1993862767545,90.9256440514256,0.730769230769231,0,1.65384615384615,1.65384615384615,0.0769230769230769
3,0,1,4,1,1,0,90.4139306971725,94.1993862767545,90.9256440514256,1,0,2.17857142857143,2.17857142857143,0.0357142857142857
3,0,1,4,1,1,1,90.4139306971725,94.1993862767545,90.9256440514256,0.877551020408163,0,1.85714285714286,1.85714285714286,0.0408163265306122
3,0,2,4,0,1,1,90.4139306971725,94.1993862767545,90.9256440514256,0.794871794871795,0,2.30769230769231,2.30769230769231,0.0769230769230769
3,0,1,5,0,1,0,90.4139306971725,94.1993862767545,90.9256440514256,1.125,0,2.4375,2.4375,0.0625
3,0,1,5,0,1,0,90.4139306971725,94.1993862767545,90.9256440514256,0.833333333333333,0,2.16666666666667,2.16666666666667,0.0416666666666667
3,0,1,5,0,1,0,90.4139306971725,94.1993862767545,90.9256440514256,1.09090909090909,0,2.36363636363636,2.36363636363636,0
3,0,1,5,1,1,1,90.4139306971725,94.1993862767545,90.9256440514256,0.692307692307692,0,1.23076923076923,1.23076923076923,0.0384615384615385
3,0,2,4,1,1,0,90.4139306971725,94.1993862767545,90.9256440514256,6.35714285714286,0,1.71428571428571,1.71428571428571,0
3,0,2,3,1,1,2,90.4139306971725,94.1993862767545,90.9256440514256,0.637362637362637,0,1.14285714285714,1.14285714285714,0.032967032967033
3,0,2,0,1,1,1,90.4139306971725,94.1993862767545,90.9256440514256,0.782608695652174,0,1.69565217391304,1.69565217391304,0.0869565217391304
3,0,3,3,1,1,1,90.4139306971725,94.1993862767545,90.9256440514256,1,0,1.82352941176471,1.82352941176471,0
2,0,3,3,1,1,1,90.4139306971725,94.1993862767545,90.9256440514256,0.833333333333333,0,1.75,1.75,0.0416666666666667
3,0,2,4,1,1,1,90.4139306971725,94.1993862767545,90.9256440514256,0.793103448275862,0,1.37931034482759,1.37931034482759,0.0344827586206897
3,0,1,4,1,1,0,90.4139306971725,94.1993862767545,90.9256440514256,0.740740740740741,0,1.88888888888889,1.88888888888889,0.037037037037037
3,0,1,5,1,1,1,90.4139306971725,94.1993862767545,90.9256440514256,0.975,0,2.25,2.25,0.05
3,0,1,5,1,1,1,90.4139306971725,94.1993862767545,90.9256440514256,1.31428571428571,0,2.62857142857143,2.62857142857143,0.0857142857142857
3,0,1,5,0,1,0,90.4139306971725,94.1993862767545,90.9256440514256,1.22222222222222,0,2.74074074074074,2.74074074074074,0.111111111111111
3,0,2,4,0,1,0,90.4139306971725,94.1993862767545,90.9256440514256,0.78125,0,1.875,1.875,0.09375
3,0,1,4,0,1,1,90.4139306971725,94.1993862767545,90.9256440514256,0.551724137931034,0,1.31034482758621,1.31034482758621,0.0344827586206897
3,0,1,4,0,1,1,90.4139306971725,94.1993862767545,90.9256440514256,0.703703703703704,0,1.92592592592593,1.92592592592593,0.0740740740740741
3,0,2,4,0,1,2,90.4139306971725,94.1993862767545,90.9256440514256,0.238095238095238,0,1.17460317460317,1.17460317460317,0.0317460317460317
3,2,3,4,1,1,0,90.4139306971725,94.1993862767545,90.9256440514256,0.41304347826087,0,1.08695652173913,1.08695652173913,0.0869565217391304
2,0,2,0,0,1,0,90.4139306971725,94.1993862767545,90.9256440514256,1.1,0,1.55,1.55,0.05
3,0,2,5,0,1,0,90.4139306971725,94.1993862767545,90.9256440514256,0.571428571428571,0,2.35714285714286,2.35714285714286,0.0357142857142857
3,0,0,4,1,1,0,90.4139306971725,94.1993862767545,90.9256440514256,1.06666666666667,0,1.96666666666667,1.96666666666667,0.0333333333333333
3,0,1,5,1,1,2,90.4139306971725,94.1993862767545,90.9256440514256,0.804878048780488,0,1.78048780487805,1.78048780487805,0.146341463414634
3,0,1,5,1,1,1,100,100,100,0.877551020408163,0,1.63265306122449,1.63265306122449,0.0408163265306122
3,0,1,5,1,1,1,100,50,100,1.54761904761905,0,2.38095238095238,2.38095238095238,0.0714285714285714
3,0,1,5,1,1,3,100,100,100,0.828571428571429,0,1.68571428571429,1.68571428571429,0.0571428571428571
3,0,1,4,0,1,1,90.4139306971725,94.1993862767545,90.9256440514256,0.875,0,3.75,3.75,0.5
3,0,2,4,1,1,1,50,100,50,0.658730158730159,0,1.15079365079365,1.15079365079365,0.0793650793650794
3,0,2,4,0,1,0,90.4139306971725,94.1993862767545,90.9256440514256,0.757575757575758,0,1.78787878787879,1.78787878787879,0.0454545454545455
3,0,0,4,1,1,1,100,100,85.7142857142857,1.2,0,2.06666666666667,2.06666666666667,0.133333333333333
3,0,1,4,1,1,0,100,80,100,0.818181818181818,0,1.27272727272727,1.27272727272727,0.0606060606060606
3,0,1,4,1,1,1,100,100,80,0.972222222222222,0,2.38888888888889,2.38888888888889,0.111111111111111
3,0,1,4,1,1,2,100,100,80,1.07142857142857,0,2.45238095238095,2.45238095238095,0.0714285714285714
3,0,0,4,1,1,2,100,100,85.7142857142857,0.849056603773585,0,1.54716981132075,1.54716981132075,0.0188679245283019
3,0,1,5,1,1,1,100,94.7368421052632,89.4736842105263,0.825,0.15,1.875,1.875,0.125
3,0,1,5,1,1,1,100,93.75,87.5,0.714285714285714,0.0714285714285714,2.85714285714286,2.85714285714286,0.642857142857143
3,0,1,4,1,1,2,100,87.5,100,0.823529411764706,0,2.64705882352941,2.64705882352941,0.235294117647059
3,0,2,4,1,1,0,100,92.8571428571429,100,0.164179104477612,0.0597014925373134,1.23880597014925,1.23880597014925,0.0597014925373134
3,0,2,4,1,1,1,100,100,100,0.4375,0,2.75,2.75,0.25
3,0,2,4,1,1,0,100,100,100,0.896551724137931,0,1.48275862068966,1.48275862068966,0
3,0,1,4,1,1,0,90.4139306971725,94.1993862767545,90.9256440514256,0.2,0,2.53333333333333,2.53333333333333,0.2
3,0,1,4,1,1,1,100,100,100,1.02857142857143,0,2.17142857142857,2.17142857142857,0.0571428571428571
3,0,1,4,1,1,2,100,100,100,1.275,0,2.175,2.175,0.025
2,0,1,4,1,1,1,100,100,100,1.44444444444444,0,2.55555555555556,2.55555555555556,0.111111111111111
3,0,1,4,1,1,1,100,100,100,0.975,0,1.875,1.875,0.075
3,0,1,5,1,1,1,100,90.9090909090909,100,0.702702702702703,0,1.86486486486486,1.86486486486486,0.0810810810810811
3,0,1,5,1,1,0,100,91.6666666666667,100,0.69811320754717,0.245283018867925,1.32075471698113,1.32075471698113,0.0188679245283019
3,0,1,5,1,1,2,100,92.3076923076923,100,0.666666666666667,0.666666666666667,1.77777777777778,1.77777777777778,0.0833333333333333
3,0,2,5,0,1,0,100,91.6666666666667,100,0.98,0.84,1.6,1.6,0.06
3,0,2,5,0,1,0,100,80,100,0.731707317073171,0.658536585365854,1.70731707317073,1.70731707317073,0.0731707317073171
2,0,1,4,0,1,1,100,100,100,0.692307692307692,0.230769230769231,1.34615384615385,1.34615384615385,0.115384615384615
3,0,0,4,1,1,1,100,100,100,0.944444444444444,0,3,3,0.111111111111111
3,0,0,4,1,1,2,100,75,100,0.795454545454545,0.0227272727272727,1.31818181818182,1.31818181818182,0
3,0,2,4,1,1,1,90.4139306971725,94.1993862767545,90.9256440514256,0.476190476190476,0,1.23809523809524,1.23809523809524,0.0238095238095238
3,0,1,4,1,1,1,100,100,100,1.21428571428571,0,1.83333333333333,1.83333333333333,0.0238095238095238
3,0,1,4,1,1,1,100,100,100,1,0,1.75,1.75,0.0277777777777778
3,0,1,4,1,1,0,100,100,100,0.0714285714285714,0,2.28571428571429,2.28571428571429,0.0714285714285714
2,0,2,0,1,1,0,90.4139306971725,94.1993862767545,90.9256440514256,1.8,0,3.4,3.4,0.1
2,0,2,0,1,1,0,100,100,100,0.625,0,2.625,2.625,0.5
3,0,3,4,1,1,3,85.7142857142857,100,100,1.23636363636364,0,2.09090909090909,2.09090909090909,0.145454545454545
3,0,1,4,1,1,2,100,80,100,0.673076923076923,0,1.17307692307692,1.17307692307692,0.0769230769230769
3,0,1,5,1,1,0,100,88.8888888888889,100,0.666666666666667,0.444444444444444,1.94444444444444,1.94444444444444,0.0555555555555556
3,0,2,5,1,1,0,100,91.6666666666667,100,0.884615384615385,0.576923076923077,2.38461538461538,2.38461538461538,0.0769230769230769
3,0,3,5,1,1,3,94.1176470588235,100,100,0.798850574712644,0.0114942528735632,1.04022988505747,1.04022988505747,0.0459770114942529
3,0,2,5,1,1,0,100,100,100,0.98,0.44,1.66,1.66,0.08
3,0,2,4,1,1,2,100,90.9090909090909,100,0.560975609756098,0.560975609756098,1.41463414634146,1.41463414634146,0.024390243902439
3,0,1,5,1,1,1,100,92.8571428571429,100,0.463414634146341,0.463414634146341,1.21951219512195,1.21951219512195,0.0975609756097561
3,0,2,5,0,1,1,100,100,100,0.641025641025641,0.58974358974359,1.79487179487179,1.79487179487179,0.102564102564103
3,0,1,5,0,1,3,100,80,100,0.884615384615385,0.846153846153846,2.38461538461538,2.38461538461538,0.0769230769230769
3,0,1,4,1,1,4,100,92.3076923076923,100,0.914529914529915,0.367521367521368,1.06837606837607,1.06837606837607,0.0683760683760684
3,0,0,4,1,1,0,100,50,100,0.5,0,16.5,16.5,0.5
3,0,0,4,1,1,2,100,100,100,1.52,1.4,3.68,3.68,0.28
3,0,0,4,1,1,1,88.8888888888889,100,77.7777777777778,0.951219512195122,0.804878048780488,2.24390243902439,2.24390243902439,0.0487804878048781
3,0,0,4,1,1,2,100,100,100,1.65217391304348,1.60869565217391,4.30434782608696,4.30434782608696,0.347826086956522
3,0,1,4,1,1,1,100,100,100,1.34782608695652,1.21739130434783,3.47826086956522,3.47826086956522,0.478260869565217
3,0,1,4,1,1,0,100,87.5,100,1.1,1,2.15,2.15,0.15
3,0,1,4,1,1,0,100,85.7142857142857,100,0.85,0.8,2.35,2.35,0.1
3,0,0,4,1,1,0,100,90.9090909090909,100,2,2,10,10,2
3,0,0,4,1,1,0,100,100,94.4444444444444,1.05,1.05,4.2,4.2,0.4
3,0,0,4,1,1,2,92.3076923076923,100,84.6153846153846,1.27777777777778,1.13888888888889,2.91666666666667,2.91666666666667,0.194444444444444
3,0,1,4,0,1,0,88.8888888888889,100,77.7777777777778,1.10714285714286,1.07142857142857,2.89285714285714,2.89285714285714,0.178571428571429
3,0,0,4,0,1,0,83.3333333333333,100,66.6666666666667,0.733333333333333,0.711111111111111,1.57777777777778,1.57777777777778,0.0666666666666667
3,0,1,5,0,1,2,100,100,100,0.688888888888889,0.555555555555556,1.33333333333333,1.33333333333333,0.0888888888888889
3,0,2,4,1,1,0,100,100,100,0.852941176470588,0.852941176470588,2,2,0.0882352941176471
3,0,2,4,1,1,1,100,100,100,0.84375,0.84375,2.0625,2.0625,0.0625
3,0,1,5,1,1,0,100,100,100,0.804878048780488,0.658536585365854,1.75609756097561,1.75609756097561,0.0975609756097561
3,0,0,5,1,1,0,100,100,100,0.75,0.409090909090909,1.15909090909091,1.15909090909091,0.0454545454545455
3,0,2,4,1,1,0,100,100,100,0.653846153846154,0.653846153846154,1.5,1.5,0.0384615384615385
3,0,1,4,1,1,1,100,100,100,0.774193548387097,0.645161290322581,1.80645161290323,1.80645161290323,0.0967741935483871
3,0,1,4,1,1,1,100,83.3333333333333,100,0.4,0.371428571428571,1.37142857142857,1.37142857142857,0.0285714285714286
3,0,1,4,1,1,1,95.8333333333333,100,91.6666666666667,1.375,1.375,3.20833333333333,3.20833333333333,0.333333333333333
3,0,1,4,1,1,0,95.8333333333333,100,95.8333333333333,0.96,0.88,2.48,2.48,0.08
3,0,1,4,0,1,2,87.5,100,75,0.840909090909091,0.840909090909091,1.97727272727273,1.97727272727273,0.0454545454545455
3,0,1,4,0,1,1,85.7142857142857,100,71.4285714285714,0.588235294117647,0.549019607843137,1.23529411764706,1.23529411764706,0.0588235294117647
3,0,0,5,0,1,0,100,75,100,0.714285714285714,0.619047619047619,1.30952380952381,1.30952380952381,0.0476190476190476
3,0,2,5,1,1,0,100,100,100,0.869565217391304,0.608695652173913,1.91304347826087,1.91304347826087,0.0869565217391304
3,0,1,4,0,1,0,100,100,100,0.75,0.25,1.66666666666667,1.66666666666667,0.111111111111111
3,0,1,4,0,1,1,83.3333333333333,100,100,0.5,0.461538461538462,1.5,1.5,0.115384615384615
3,0,2,4,1,1,0,100,100,100,0.739130434782609,0.739130434782609,2.06521739130435,2.06521739130435,0.0217391304347826
3,0,2,4,0,1,2,100,80,100,0.619047619047619,0.488095238095238,1.0952380952381,1.0952380952381,0.0238095238095238
3,0,2,4,0,1,1,100,100,100,0.454545454545455,0.363636363636364,0.977272727272727,0.977272727272727,0.0681818181818182
3,0,1,4,0,1,3,100,100,100,0.927272727272727,0.363636363636364,1.43636363636364,1.43636363636364,0.0363636363636364
3,0,1,4,0,1,0,66.6666666666667,100,100,0.586206896551724,0.482758620689655,1.82758620689655,1.82758620689655,0.0689655172413793
3,0,2,4,1,1,1,100,95.6521739130435,100,0.936170212765957,0.74468085106383,1.51063829787234,1.51063829787234,0.0425531914893617
3,0,2,4,1,1,2,100,92.8571428571429,100,1.61904761904762,0.642857142857143,1.04761904761905,1.04761904761905,0.142857142857143
2,0,1,4,1,1,0,100,91.6666666666667,100,0.4,0.4,3.6,3.6,0.4
3,0,2,4,1,1,2,100,100,100,1.34375,1.34375,2.875,2.875,0.25
3,0,2,4,1,1,2,100,100,100,0.771428571428571,0.571428571428571,1.57142857142857,1.57142857142857,0.114285714285714
2,0,2,4,1,1,1,75,100,100,0.545454545454545,0.424242424242424,1.39393939393939,1.39393939393939,0.0606060606060606
3,0,1,4,1,1,1,90.4139306971725,94.1993862767545,90.9256440514256,0.642857142857143,0.571428571428571,1.35714285714286,1.35714285714286,0.0714285714285714
3,0,1,4,1,1,1,100,100,100,0.9,0,1.9,1.9,0.1
3,0,1,4,1,1,0,100,88.2352941176471,100,0.789473684210526,0.105263157894737,2.21052631578947,2.21052631578947,0.210526315789474
3,0,0,4,1,1,1,100,88.4615384615385,100,1.03571428571429,0.857142857142857,1.85714285714286,1.85714285714286,0.321428571428571
3,0,1,4,1,1,1,100,96.2962962962963,100,0.9375,0.875,1.625,1.625,0.3125
3,0,1,4,1,1,1,100,93.5483870967742,100,0.0909090909090909,0.0909090909090909,1.81818181818182,1.81818181818182,0.181818181818182
3,0,1,4,1,1,1,100,93.1034482758621,100,1.25925925925926,1.25925925925926,2.7037037037037,2.7037037037037,0.259259259259259
3,0,1,4,1,1,1,100,96.2962962962963,100,1.27777777777778,1.27777777777778,1.11111111111111,1.11111111111111,0.444444444444444
3,0,0,4,1,1,1,100,91.304347826087,100,0.758620689655172,0.758620689655172,1.58620689655172,1.58620689655172,0.172413793103448
3,0,2,4,1,1,1,88.8888888888889,100,100,0.868421052631579,0.736842105263158,2.23684210526316,2.23684210526316,0.105263157894737
3,0,1,4,1,1,1,83.3333333333333,100,100,0.682926829268293,0.585365853658537,2.07317073170732,2.07317073170732,0.0487804878048781
3,0,1,4,1,1,1,83.3333333333333,100,100,0.729166666666667,0.6875,1.72916666666667,1.72916666666667,0.0416666666666667
3,0,2,4,1,1,1,75,100,100,0.764705882352941,0.558823529411765,1.85294117647059,1.85294117647059,0.0294117647058824
3,0,2,4,1,1,1,100,83.3333333333333,100,0.888888888888889,0.333333333333333,3.66666666666667,3.66666666666667,0.111111111111111
3,0,0,4,1,1,1,100,80,100,0.894736842105263,0.210526315789474,1.63157894736842,1.63157894736842,0.0526315789473684
3,0,0,4,1,1,1,100,83.3333333333333,100,1.71428571428571,1.14285714285714,2.28571428571429,2.28571428571429,1.14285714285714
3,0,0,4,1,1,1,100,87.0967741935484,100,1.27586206896552,1.10344827586207,2.20689655172414,2.20689655172414,0.172413793103448
3,0,0,4,1,1,2,100,91.6666666666667,100,0.714285714285714,0.6,1.08571428571429,1.08571428571429,0
3,0,0,4,1,1,1,100,93.1034482758621,100,0.3125,0.3125,1,1,0.1875
3,0,0,4,1,1,0,100,96.4285714285714,100,0.666666666666667,0.5,4.16666666666667,4.16666666666667,0.5
3,0,0,4,1,1,3,100,96,100,1.94736842105263,1.94736842105263,1.68421052631579,1.68421052631579,0.421052631578947
3,0,1,4,1,1,0,100,88.8888888888889,100,1.5,1.5,14.5,14.5,2.5
3,0,1,4,1,1,2,100,86.6666666666667,100,0.838709677419355,0.838709677419355,2.09677419354839,2.09677419354839,0.0967741935483871
3,0,1,4,1,1,2,85.7142857142857,85.7142857142857,100,0.6875,0.6875,2.0625,2.0625,0.03125
3,0,1,4,0,1,0,85.7142857142857,100,100,0.6,0.514285714285714,1.37142857142857,1.37142857142857,0.0857142857142857
2,0,1,4,0,1,1,80,100,100,0.8125,0.6875,1.35416666666667,1.35416666666667,0.0625
3,0,1,4,0,1,2,100,100,100,0.71875,0.1875,1.96875,1.96875,0.09375
3,0,1,4,1,1,1,100,100,100,0.622222222222222,0.533333333333333,1.4,1.4,0.0888888888888889
3,0,1,4,1,1,0,100,100,100,0.636363636363636,0.545454545454545,1.5,1.5,0.0227272727272727
3,0,1,4,1,1,0,90.4139306971725,94.1993862767545,90.9256440514256,0.717948717948718,0.333333333333333,1.1025641025641,1.1025641025641,0.0512820512820513
3,0,1,4,1,1,2,100,80,100,1,0.1,1.4,1.4,0.3
3,0,1,4,1,1,1,100,88.2352941176471,100,0.333333333333333,0.166666666666667,0.333333333333333,0.333333333333333,0.166666666666667
3,0,1,4,1,1,2,100,93.75,100,0.391304347826087,0.217391304347826,0.608695652173913,0.608695652173913,0.304347826086957
3,0,0,4,1,1,2,100,89.1891891891892,100,0.636363636363636,0.590909090909091,1.86363636363636,1.86363636363636,0.227272727272727
3,0,1,4,1,1,2,100,87.5,100,0.642857142857143,0.5,0.785714285714286,0.785714285714286,0.357142857142857
3,0,0,4,1,1,0,100,100,100,1,0.571428571428571,1.92857142857143,1.92857142857143,0.142857142857143
3,0,2,4,0,1,0,100,100,100,1.0625,0.1875,1.875,1.875,0
3,0,1,4,1,1,2,100,100,100,0.657894736842105,0.394736842105263,1.42105263157895,1.42105263157895,0.0526315789473684
3,0,2,4,1,1,2,90.4139306971725,94.1993862767545,90.9256440514256,0.84375,0.40625,1.28125,1.28125,0.09375
3,0,2,4,1,1,1,100,95,100,0.875,0.5,2.25,2.25,0
2,0,2,4,1,1,2,100,100,100,0.740740740740741,0.555555555555556,2.11111111111111,2.11111111111111,0.037037037037037
1,0,2,4,1,1,2,100,100,100,0.916666666666667,0.708333333333333,1.625,1.625,0.0416666666666667
3,0,2,4,1,1,1,100,100,100,0.660714285714286,0.589285714285714,1.25,1.25,0.0714285714285714
3,0,2,4,1,1,0,100,100,100,0.333333333333333,0.333333333333333,10.6666666666667,10.6666666666667,2.66666666666667
3,0,2,4,1,1,2,100,100,100,1.8,0.3,1.7,1.7,0.5
3,0,0,4,1,1,0,100,100,100,0.625,0.0416666666666667,1.5,1.5,0.0416666666666667
3,0,0,4,1,1,1,100,90,100,0.384615384615385,0.153846153846154,4.15384615384615,4.15384615384615,0.153846153846154
3,0,2,4,1,1,0,100,95.2380952380952,100,1.17647058823529,1.05882352941176,2.82352941176471,2.82352941176471,0.0588235294117647
3,0,2,4,1,1,3,97.2972972972973,94.5945945945946,100,0.227272727272727,0.143939393939394,1.06060606060606,1.06060606060606,0.181818181818182
2,0,2,4,1,1,2,100,100,100,0.756756756756757,0.72972972972973,1.59459459459459,1.59459459459459,0.162162162162162
2,0,2,4,1,1,0,100,100,100,0.714285714285714,0.673469387755102,1.44897959183673,1.44897959183673,0.0816326530612245
3,0,1,4,1,1,4,100,100,100,1.10810810810811,0.945945945945946,1.54054054054054,1.54054054054054,0.0810810810810811
3,0,1,4,1,1,0,100,100,100,0.133333333333333,0.0666666666666667,1.46666666666667,1.46666666666667,0.133333333333333
3,0,2,4,1,1,0,100,92.8571428571429,100,0.8,0.6,2.6,2.6,0.4
3,0,1,4,1,1,2,100,100,100,2.25,1.125,8.125,8.125,0.25
3,0,0,4,1,1,1,100,100,100,1.875,0.875,7.125,7.125,0.25
3,0,1,4,1,1,1,100,100,100,0.444444444444444,0,1.66666666666667,1.66666666666667,0.111111111111111
3,0,0,4,1,1,1,100,85.7142857142857,100,0.705882352941177,0.382352941176471,1.02941176470588,1.02941176470588,0.0882352941176471
3,0,0,4,1,1,1,100,100,100,0.296296296296296,0.111111111111111,1.55555555555556,1.55555555555556,0.111111111111111
2,0,1,4,1,1,1,100,100,100,0.935483870967742,0.870967741935484,2.48387096774194,2.48387096774194,0.032258064516129
3,0,1,4,1,1,2,100,100,100,0.895833333333333,0.854166666666667,2.25,2.25,0.0833333333333333
3,0,1,4,1,1,0,100,100,100,0.926829268292683,0.829268292682927,1.80487804878049,1.80487804878049,0.0975609756097561
3,0,0,4,1,1,1,100,94.7368421052632,100,1.42105263157895,1.31578947368421,3.15789473684211,3.15789473684211,0.315789473684211
3,0,0,4,1,1,2,100,66.6666666666667,100,0.454545454545455,0.363636363636364,0.909090909090909,0.909090909090909,0.363636363636364
3,0,0,4,1,1,1,100,80,100,0.357142857142857,0.0714285714285714,0.428571428571429,0.428571428571429,0.357142857142857
3,0,1,4,1,1,1,100,100,100,0.909090909090909,0.727272727272727,1.54545454545455,1.54545454545455,0.363636363636364
3,0,0,4,1,1,2,95.4545454545455,95.4545454545455,100,0.5,0,6,6,0.25
3,0,2,4,1,1,7,95.2380952380952,92.8571428571429,100,0.842391304347826,0.114130434782609,0.945652173913043,0.945652173913043,0.0760869565217391
2,0,1,4,1,1,1,100,94.4444444444444,100,0.6875,0.583333333333333,1.35416666666667,1.35416666666667,0.0208333333333333
3,0,1,4,1,1,1,100,100,100,1.06451612903226,1.06451612903226,3.32258064516129,3.32258064516129,0.0645161290322581
3,0,0,4,1,1,1,100,100,100,0.577777777777778,0.555555555555556,1.64444444444444,1.64444444444444,0.0888888888888889
3,0,0,4,1,1,1,100,95.8333333333333,100,1.08695652173913,1.08695652173913,2.8695652173913,2.8695652173913,0.652173913043478
3,0,1,4,0,1,2,100,100,100,0.433962264150943,0,1.0188679245283,1.0188679245283,0.0377358490566038
3,0,0,4,0,1,0,100,100,100,0.813953488372093,0,1.76744186046512,1.76744186046512,0.0465116279069767
3,0,0,4,0,1,2,50,100,50,0.851851851851852,0,1.96296296296296,1.96296296296296,0.0740740740740741
3,0,1,3,0,1,1,50,100,50,0.660714285714286,0,1.41071428571429,1.41071428571429,0.0357142857142857
3,0,2,4,0,1,3,75,100,75,0.640625,0,1.0625,1.0625,0.0234375
3,0,2,0,0,1,0,100,100,100,0.695652173913043,0,1.26086956521739,1.26086956521739,0.0434782608695652
3,0,2,4,0,1,1,100,100,100,0.59375,0,1.46875,1.46875,0.03125
3,0,3,4,0,1,3,100,100,100,0.711864406779661,0,0.966101694915254,0.966101694915254,0.0508474576271186
3,0,1,4,0,1,3,100,100,100,0.736842105263158,0,1.36842105263158,1.36842105263158,0.0526315789473684
3,0,1,4,0,1,0,100,100,100,0.625,0,1.325,1.325,0.05
3,0,1,4,0,1,1,100,100,100,0.714285714285714,0,1.68571428571429,1.68571428571429,0.0571428571428571
3,0,1,4,0,1,1,100,100,100,0.674418604651163,0,1.30232558139535,1.30232558139535,0.0465116279069767
3,0,1,4,0,1,0,100,100,100,0.509090909090909,0,1.09090909090909,1.09090909090909,0.0363636363636364
3,0,2,3,0,1,1,100,100,100,0.944444444444444,0,1.27777777777778,1.27777777777778,0.0555555555555556
3,0,2,4,0,1,3,100,100,100,0.699115044247788,0,1.20353982300885,1.20353982300885,0.0265486725663717
3,0,0,4,0,1,0,100,100,100,0.75,0,1.54166666666667,1.54166666666667,0.0416666666666667
3,0,1,4,0,1,2,50,100,50,0.741935483870968,0,1.54838709677419,1.54838709677419,0.032258064516129
3,0,1,4,0,1,1,50,100,50,0.782608695652174,0,2.1304347826087,2.1304347826087,0.0869565217391304
3,0,1,4,0,1,2,100,100,100,0.666666666666667,0,1.23333333333333,1.23333333333333,0.0333333333333333
3,0,2,4,0,1,0,100,100,100,0.78125,0,1.90625,1.90625,0.03125
3,0,2,4,0,1,0,100,90,100,3.75,0,10,10,0.25
3,0,1,4,0,1,0,100,80,100,0.520833333333333,0,1.10416666666667,1.10416666666667,0.0416666666666667
3,0,0,4,0,1,2,100,80,100,0.478260869565217,0,1.32608695652174,1.32608695652174,0.0217391304347826
3,0,2,4,0,1,0,100,66.6666666666667,100,0.590909090909091,0,1.38636363636364,1.38636363636364,0.0454545454545455
3,0,1,4,0,1,1,100,100,100,0.560975609756098,0,1.26829268292683,1.26829268292683,0.0487804878048781
3,1,2,4,0,1,1,100,100,100,0.436363636363636,0,0.836363636363636,0.836363636363636,0.0454545454545455
3,0,2,4,0,1,2,90.4139306971725,94.1993862767545,90.9256440514256,0.533333333333333,0,1.06666666666667,1.06666666666667,0.0333333333333333
3,0,2,3,0,1,0,90.4139306971725,94.1993862767545,90.9256440514256,0.546875,0,0.84375,0.84375,0.046875
3,0,2,4,0,1,1,100,100,100,0.918032786885246,0,1.5327868852459,1.5327868852459,0.0327868852459016
3,0,2,4,0,1,0,100,100,100,0.645833333333333,0,1.1875,1.1875,0.0208333333333333
3,0,2,4,0,1,1,100,100,100,0.641509433962264,0,1.20754716981132,1.20754716981132,0.0377358490566038
3,0,2,4,0,1,1,100,100,100,0.531914893617021,0,1.25531914893617,1.25531914893617,0.0212765957446809
3,0,2,4,0,1,1,100,100,100,0.572649572649573,0,1.05128205128205,1.05128205128205,0.0427350427350427
3,0,1,4,0,1,1,100,50,100,0.588235294117647,0,1.38235294117647,1.38235294117647,0
3,0,2,4,0,1,1,100,50,100,0.509803921568627,0,1.23529411764706,1.23529411764706,0.0196078431372549
2,0,2,4,0,1,1,100,66.6666666666667,100,0.644444444444444,0,1,1,0.0222222222222222
2,0,2,1,0,1,0,100,50,100,0.848484848484849,0,1.72727272727273,1.72727272727273,0.0303030303030303
3,0,0,4,0,1,0,100,100,100,0.533333333333333,0,1.2,1.2,0.0888888888888889
3,0,3,4,1,1,2,100,90,100,0.5,0,1.53571428571429,1.53571428571429,0.0714285714285714
3,0,0,4,0,1,1,100,100,100,0.58,0,1.22,1.22,0.06
3,0,0,4,0,1,1,100,100,100,1.16666666666667,0,4,4,0.333333333333333
3,0,2,4,0,1,3,100,100,100,0.567164179104478,0,0.985074626865672,0.985074626865672,0.0447761194029851
3,1,3,4,1,1,0,100,88.8888888888889,100,0.772727272727273,0,2.54545454545455,2.54545454545455,0.227272727272727
3,0,2,4,0,1,0,100,100,100,0.709677419354839,0,1.12903225806452,1.12903225806452,0.0645161290322581
3,0,1,4,0,1,0,100,100,100,0.548387096774194,0,1.04838709677419,1.04838709677419,0.0483870967741935
3,0,1,4,0,1,1,90.4139306971725,94.1993862767545,90.9256440514256,0.962264150943396,0,0.962264150943396,0.962264150943396,0.0566037735849057
3,0,1,4,0,1,2,85.7142857142857,85.7142857142857,100,0.545454545454545,0,0.613636363636364,0.613636363636364,0.0681818181818182
3,0,0,4,0,1,3,100,100,100,0.676470588235294,0,1.29411764705882,1.29411764705882,0.117647058823529
3,0,3,4,0,1,2,100,91.6666666666667,100,0.392857142857143,0,0.821428571428571,0.821428571428571,0.142857142857143
3,0,2,4,0,1,0,100,100,100,0.64,0,1.72,1.72,0.04
3,0,2,4,0,1,1,100,91.6666666666667,100,0.55,0,1,1,0
2,0,2,1,0,1,1,100,66.6666666666667,100,0.888888888888889,0,1.27777777777778,1.27777777777778,0.0277777777777778
3,0,2,4,0,1,1,100,75,100,0.944444444444444,0,1.22222222222222,1.22222222222222,0.0277777777777778
3,0,2,4,0,1,1,100,60,100,0.595238095238095,0,1.54761904761905,1.54761904761905,0.0238095238095238
3,0,1,4,0,1,1,100,66.6666666666667,100,0.520833333333333,0,1.41666666666667,1.41666666666667,0.0833333333333333
3,0,0,4,0,1,0,100,100,100,0.777777777777778,0,3.66666666666667,3.66666666666667,0.333333333333333
3,0,1,4,0,1,1,100,50,100,0.535714285714286,0,1.39285714285714,1.39285714285714,0.0357142857142857
3,0,1,4,0,1,2,100,100,100,0.0212765957446809,0,1.25531914893617,1.25531914893617,0.0425531914893617
3,0,3,4,1,1,6,97.4358974358974,92.3076923076923,100,0.883720930232558,0.0116279069767442,1.06976744186047,1.06976744186047,0.151162790697674
3,0,3,4,1,1,14,96.6666666666667,91.6666666666667,100,0.369127516778524,0,0.557046979865772,0.557046979865772,0.194630872483221
3,0,2,4,1,1,8,100,95.1219512195122,100,0.716216216216216,0.027027027027027,0.756756756756757,0.756756756756757,0.189189189189189
3,0,1,4,1,1,0,90.4139306971725,94.1993862767545,90.9256440514256,2.5,0,5.83333333333333,5.83333333333333,0.333333333333333
3,0,3,4,1,1,1,89.6551724137931,89.6551724137931,100,0.887640449438202,0,0.550561797752809,0.550561797752809,0.247191011235955
1,1,3,4,1,1,1,50,100,100,0.678571428571429,0.607142857142857,1.35714285714286,1.35714285714286,0.107142857142857
2,1,3,4,1,1,0,50,100,100,0.714285714285714,0.571428571428571,1.32142857142857,1.32142857142857,0.0714285714285714
1,1,3,4,1,1,0,90.4139306971725,94.1993862767545,90.9256440514256,0.6,0.6,1.73333333333333,1.73333333333333,0.0666666666666667
1,1,2,4,1,1,0,90.4139306971725,94.1993862767545,90.9256440514256,0.653846153846154,0.615384615384615,1.38461538461538,1.38461538461538,0.0384615384615385
1,1,2,4,1,1,0,90.4139306971725,94.1993862767545,90.9256440514256,0.625,0.625,1.875,1.875,0.125
1,1,2,0,1,1,0,90.4139306971725,94.1993862767545,90.9256440514256,1.28,1.28,0.96,0.96,0
1,1,2,0,1,1,0,90.4139306971725,94.1993862767545,90.9256440514256,1,1,1.78260869565217,1.78260869565217,0.0434782608695652
1,1,3,0,1,1,1,90.4139306971725,94.1993862767545,90.9256440514256,1.07692307692308,1.03846153846154,1.34615384615385,1.34615384615385,0.0769230769230769
1,1,3,4,1,1,2,50,100,100,0.316666666666667,0.216666666666667,0.9,0.9,0.05
3,1,3,4,1,1,3,88.4615384615385,92.3076923076923,100,0.182926829268293,0.0487804878048781,0.719512195121951,0.719512195121951,0.109756097560976
2,2,3,4,1,1,0,71.4285714285714,85.7142857142857,100,1.47368421052632,1.15789473684211,1.68421052631579,1.68421052631579,0.105263157894737
3,0,2,4,1,1,0,100,88.8888888888889,100,4.66666666666667,0,0.888888888888889,0.888888888888889,0.333333333333333
3,0,2,0,0,0,0,90.4139306971725,94.1993862767545,90.9256440514256,0.807692307692308,0,1.42307692307692,1.42307692307692,0.0769230769230769
2,0,2,0,0,0,0,90.4139306971725,94.1993862767545,90.9256440514256,0.944444444444444,0,2.22222222222222,2.22222222222222,0.166666666666667
3,0,2,4,1,0,0,90.4139306971725,94.1993862767545,90.9256440514256,0.392857142857143,0,1.05952380952381,1.05952380952381,0.0714285714285714
1,0,3,4,1,1,0,100,50,50,0.974358974358974,0,1.94871794871795,1.94871794871795,0.0256410256410256
1,0,3,4,1,1,1,100,50,50,1.17647058823529,0,2.29411764705882,2.29411764705882,0.117647058823529
3,0,3,4,1,1,0,100,100,100,0.125,0,2.875,2.875,0
3,0,3,4,1,1,0,50,100,100,1.33333333333333,0,2.5,2.5,0.0833333333333333
3,0,3,4,1,1,0,33.3333333333333,100,100,0.833333333333333,0,2.20833333333333,2.20833333333333,0.0833333333333333
3,0,3,4,1,1,2,25,75,75,0.791208791208791,0,1.30769230769231,1.30769230769231,0.032967032967033
3,2,3,4,1,1,8,96.969696969697,93.9393939393939,100,0.365853658536585,0,1.31707317073171,1.31707317073171,0.138211382113821
1,0,3,4,1,1,1,100,50,50,0.68,0,2.12,2.12,0.04
1,0,3,4,1,1,0,90.4139306971725,94.1993862767545,90.9256440514256,0.8,0,2.1,2.1,0
1,2,3,4,1,1,0,100,50,50,1.24390243902439,0,1.14634146341463,1.14634146341463,0.0487804878048781
0,2,3,4,0,1,1,100,50,50,0.254716981132075,0,0.990566037735849,0.990566037735849,0.0283018867924528
1,1,3,4,0,1,1,90.4139306971725,94.1993862767545,90.9256440514256,0.777777777777778,0,1.51851851851852,1.51851851851852,0.037037037037037
1,0,3,4,0,1,1,100,50,50,1.0952380952381,0,2.23809523809524,2.23809523809524,0.0476190476190476
3,0,1,4,1,1,0,75,100,100,0.708333333333333,0,1.91666666666667,1.91666666666667,0.0833333333333333
3,0,2,4,1,1,0,75,100,100,0.806451612903226,0,2.19354838709677,2.19354838709677,0.032258064516129
3,0,1,4,1,1,1,100,100,100,1.05194805194805,0,1.53246753246753,1.53246753246753,0.0909090909090909
3,2,3,4,1,1,4,96.4285714285714,96.4285714285714,96.4285714285714,0.279202279202279,0,0.264957264957265,0.264957264957265,0.125356125356125
3,2,3,4,1,1,1,100,50,100,0.394366197183099,0.0140845070422535,1.23943661971831,1.23943661971831,0.0845070422535211
0,1,2,4,0,1,1,90.4139306971725,94.1993862767545,90.9256440514256,0.6,0.0285714285714286,1.54285714285714,1.54285714285714,0.0285714285714286
1,1,2,4,0,1,1,90.4139306971725,94.1993862767545,90.9256440514256,0.9,0,1.9,1.9,0
3,1,3,4,1,1,4,50,83.3333333333333,83.3333333333333,0.919047619047619,0.195238095238095,1.12380952380952,1.12380952380952,0.0476190476190476
2,0,3,0,1,0,0,90.4139306971725,94.1993862767545,90.9256440514256,0.382352941176471,0,1.08823529411765,1.08823529411765,0.0882352941176471
3,0,3,4,1,1,2,94.1176470588235,94.1176470588235,100,0.321428571428571,0,1.32142857142857,1.32142857142857,0.0714285714285714
2,0,2,4,1,1,0,90.4139306971725,94.1993862767545,90.9256440514256,0.935483870967742,0,1.51612903225806,1.51612903225806,0.032258064516129
2,0,2,4,1,1,0,90.4139306971725,94.1993862767545,90.9256440514256,0.111111111111111,0,1.14814814814815,1.14814814814815,0.037037037037037
3,0,3,4,1,1,2,90.4139306971725,94.1993862767545,90.9256440514256,0.986111111111111,0,1.40277777777778,1.40277777777778,0.0555555555555556
1,0,2,0,1,1,0,90.4139306971725,94.1993862767545,90.9256440514256,1.08333333333333,0,1.375,1.375,0.0833333333333333
1,0,3,0,1,1,0,90.4139306971725,94.1993862767545,90.9256440514256,0.782608695652174,0,1.52173913043478,1.52173913043478,0.0434782608695652
1,0,2,0,0,1,0,90.4139306971725,94.1993862767545,90.9256440514256,1.29411764705882,0,1.05882352941176,1.05882352941176,0
2,0,3,4,1,1,2,100,100,100,1,0,1.39130434782609,1.39130434782609,0.130434782608696
3,0,2,5,1,1,2,100,100,100,0.964912280701754,0,1.25438596491228,1.25438596491228,0.0350877192982456
3,0,2,3,1,1,1,90.4139306971725,94.1993862767545,90.9256440514256,0.6875,0,0.979166666666667,0.979166666666667,0.0416666666666667
2,0,3,3,1,1,0,90.4139306971725,94.1993862767545,90.9256440514256,0.813333333333333,0,1.13333333333333,1.13333333333333,0.04
1,0,3,4,1,1,0,90.4139306971725,94.1993862767545,90.9256440514256,0.962962962962963,0,1.62962962962963,1.62962962962963,0.0740740740740741
1,0,3,4,1,1,0,90.4139306971725,94.1993862767545,90.9256440514256,0.722222222222222,0,1.5,1.5,0.0555555555555556
1,0,3,0,0,1,3,90.4139306971725,94.1993862767545,90.9256440514256,1,0,0.9,0.9,0
1,0,3,0,0,1,0,90.4139306971725,94.1993862767545,90.9256440514256,1,0,1.66666666666667,1.66666666666667,0
2,1,2,4,1,1,0,100,100,100,0.604651162790698,0,1.09302325581395,1.09302325581395,0.0465116279069767
2,0,2,4,1,1,1,100,100,100,0.75,0,4.375,4.375,0.125
3,0,2,4,1,1,0,100,100,100,1.63157894736842,0,2.21052631578947,2.21052631578947,0.0526315789473684
3,0,1,4,1,1,2,90.4139306971725,94.1993862767545,90.9256440514256,1,0,1.625,1.625,0.05
3,0,0,0,1,1,0,90.4139306971725,94.1993862767545,90.9256440514256,0.538461538461538,0,2.69230769230769,2.69230769230769,0
3,0,1,4,1,1,1,90.4139306971725,94.1993862767545,90.9256440514256,0.612244897959184,0,1.06122448979592,1.06122448979592,0.0408163265306122
3,0,0,3,1,1,2,90.4139306971725,94.1993862767545,90.9256440514256,0.91304347826087,0,1.8695652173913,1.8695652173913,0.0434782608695652
3,0,0,3,1,1,0,90.4139306971725,94.1993862767545,90.9256440514256,0.695652173913043,0,1.69565217391304,1.69565217391304,0.0869565217391304
3,0,2,3,1,1,0,90.4139306971725,94.1993862767545,90.9256440514256,1.66666666666667,0,8.66666666666667,8.66666666666667,0.666666666666667
3,0,2,4,1,1,0,90.4139306971725,94.1993862767545,90.9256440514256,0.828571428571429,0,1.28571428571429,1.28571428571429,0.0571428571428571
0,0,3,4,0,1,0,90.4139306971725,94.1993862767545,90.9256440514256,0.454545454545455,0,0.939393939393939,0.939393939393939,0
0,1,3,4,0,1,0,90.4139306971725,94.1993862767545,90.9256440514256,0.875,0,1.20833333333333,1.20833333333333,0.0833333333333333
0,2,3,4,0,1,0,90.4139306971725,94.1993862767545,90.9256440514256,0.666666666666667,0,0.80952380952381,0.80952380952381,0.0952380952380952
0,2,3,4,0,1,1,90.4139306971725,94.1993862767545,90.9256440514256,0.888888888888889,0,0.888888888888889,0.888888888888889,0
2,1,2,0,0,1,2,100,100,100,0.619718309859155,0,1.11267605633803,1.11267605633803,0.0845070422535211
2,0,2,4,0,1,3,100,100,100,0.972972972972973,0,1.51351351351351,1.51351351351351,0.027027027027027
3,0,2,4,1,1,0,100,100,100,0.533333333333333,0,1.46666666666667,1.46666666666667,0
3,0,2,4,1,1,1,100,100,100,0.952380952380952,0,2.04761904761905,2.04761904761905,0.0476190476190476
3,0,1,4,1,1,2,100,100,100,0.666666666666667,0,1.24444444444444,1.24444444444444,0.0222222222222222
3,0,1,4,1,1,0,100,100,100,0.8,0,1.65,1.65,0
3,0,3,4,1,1,1,100,100,100,2.22916666666667,0,1.47916666666667,1.47916666666667,0.0625
2,2,3,4,0,1,0,90.4139306971725,94.1993862767545,90.9256440514256,0.616666666666667,0,1.5,1.5,0.116666666666667
3,2,3,4,1,1,5,83.3333333333333,100,100,0.661224489795918,0,1.17959183673469,1.17959183673469,0.0653061224489796
3,0,1,4,0,1,0,90.4139306971725,94.1993862767545,90.9256440514256,0.523809523809524,0,1.4047619047619,1.4047619047619,0.0714285714285714
3,0,2,4,1,1,6,100,100,100,0.678714859437751,0,1.08433734939759,1.08433734939759,0.0240963855421687
2,0,1,4,0,1,0,90.4139306971725,94.1993862767545,90.9256440514256,0.5,0,1.16666666666667,1.16666666666667,0.0333333333333333
3,0,2,4,0,1,0,90.4139306971725,94.1993862767545,90.9256440514256,0.788461538461538,0,1.19230769230769,1.19230769230769,0.0769230769230769
3,0,2,4,1,1,1,90.4139306971725,94.1993862767545,90.9256440514256,0.577777777777778,0,1.26666666666667,1.26666666666667,0.0444444444444444
3,0,1,4,1,1,1,100,100,100,0.826086956521739,0,1.73913043478261,1.73913043478261,0.0869565217391304
3,0,1,4,1,1,0,100,100,100,0.578947368421053,0,0.973684210526316,0.973684210526316,0.0263157894736842
3,0,2,4,1,1,2,100,100,100,0.470588235294118,0,1.17647058823529,1.17647058823529,0.0294117647058824
3,0,1,4,1,1,0,90.4139306971725,94.1993862767545,90.9256440514256,0.739130434782609,0,1.43478260869565,1.43478260869565,0.130434782608696
3,0,1,4,1,1,1,90.4139306971725,94.1993862767545,90.9256440514256,0.647058823529412,0,1.25490196078431,1.25490196078431,0.0784313725490196
3,0,1,5,1,1,2,100,100,100,0.634615384615385,0,1.21153846153846,1.21153846153846,0.0288461538461538
3,0,0,4,0,1,1,100,100,100,1.03846153846154,0,2.61538461538462,2.61538461538462,0.0769230769230769
3,0,0,4,1,1,2,100,100,100,0.642857142857143,0,1.16666666666667,1.16666666666667,0.0714285714285714
3,0,2,4,1,1,0,100,100,100,0.533333333333333,0,0.911111111111111,0.911111111111111,0.0333333333333333
3,0,1,4,0,1,0,90.4139306971725,94.1993862767545,90.9256440514256,0.0833333333333333,0,1.08333333333333,1.08333333333333,0.0833333333333333
3,0,2,4,1,1,1,90.4139306971725,94.1993862767545,90.9256440514256,0.727272727272727,0,1.09090909090909,1.09090909090909,0.0454545454545455
3,0,1,4,1,1,0,90.4139306971725,94.1993862767545,90.9256440514256,0.352941176470588,0,1.88235294117647,1.88235294117647,0.294117647058824
3,0,1,4,1,1,2,90.4139306971725,94.1993862767545,90.9256440514256,0.694444444444444,0,1.44444444444444,1.44444444444444,0
3,0,2,4,1,1,2,100,100,100,0.482352941176471,0,1.45882352941176,1.45882352941176,0.0470588235294118
3,0,0,5,1,1,1,100,100,100,1.10526315789474,0,2.26315789473684,2.26315789473684,0.0526315789473684
3,0,0,4,0,1,1,100,100,100,0.527777777777778,0,1.61111111111111,1.61111111111111,0.0277777777777778
3,0,0,4,0,1,0,100,100,100,0.763157894736842,0,1.44736842105263,1.44736842105263,0.0526315789473684
3,0,0,4,0,1,1,100,100,100,1.1875,0,2.875,2.875,0.125
3,0,0,4,0,1,0,100,100,100,0.861111111111111,0,1.69444444444444,1.69444444444444,0.0833333333333333
3,0,0,4,1,1,0,100,100,100,0.769230769230769,0,1.61538461538462,1.61538461538462,0.0769230769230769
3,0,2,4,1,1,0,100,100,100,0.25,0,5.75,5.75,0.5
2,0,3,4,1,1,2,90.4139306971725,94.1993862767545,90.9256440514256,0.758620689655172,0,1.79310344827586,1.79310344827586,0
2,0,3,4,1,1,1,90.4139306971725,94.1993862767545,90.9256440514256,0.787878787878788,0,1.09090909090909,1.09090909090909,0.0303030303030303
3,0,2,4,1,1,1,90.4139306971725,94.1993862767545,90.9256440514256,0.557377049180328,0,1.18032786885246,1.18032786885246,0.0327868852459016
3,0,3,4,1,1,2,90.4139306971725,94.1993862767545,90.9256440514256,0.607594936708861,0,1.25316455696203,1.25316455696203,0.0253164556962025
3,0,2,4,0,1,0,90.4139306971725,94.1993862767545,90.9256440514256,1.83333333333333,0,10.8333333333333,10.8333333333333,0.833333333333333
3,0,2,3,1,1,1,90.4139306971725,94.1993862767545,90.9256440514256,0.611111111111111,0,1.16666666666667,1.16666666666667,0.0555555555555556
3,0,1,4,1,1,2,90.4139306971725,94.1993862767545,90.9256440514256,0.730769230769231,0,1.19230769230769,1.19230769230769,0.0769230769230769
3,0,2,5,1,1,2,100,100,100,0.958333333333333,0,1.39583333333333,1.39583333333333,0.0833333333333333
3,0,2,4,1,1,2,100,100,100,0.72463768115942,0,1.3768115942029,1.3768115942029,0.0579710144927536
2,0,3,3,0,0,0,100,100,100,0.777777777777778,0,2.44444444444444,2.44444444444444,0
3,0,3,3,0,0,0,100,100,100,2.33333333333333,0,0.958333333333333,0.958333333333333,0.0416666666666667
3,0,3,4,1,1,2,100,100,100,0.895522388059702,0,1.3134328358209,1.3134328358209,0.0597014925373134
3,0,3,4,1,1,0,100,100,100,0.641304347826087,0.0108695652173913,0.91304347826087,0.91304347826087,0.0326086956521739
3,1,3,4,1,1,7,100,100,100,0.661616161616162,0,1.33838383838384,1.33838383838384,0.0505050505050505
0,0,3,4,0,1,0,90.4139306971725,94.1993862767545,90.9256440514256,1,0,1.06896551724138,1.06896551724138,0.0344827586206897
0,0,3,4,0,1,0,90.4139306971725,94.1993862767545,90.9256440514256,0.533333333333333,0,0.933333333333333,0.933333333333333,0.0222222222222222
1,0,3,4,0,1,1,90.4139306971725,94.1993862767545,90.9256440514256,0.71875,0,1.25,1.25,0
2,0,3,4,0,1,2,100,100,66.6666666666667,0.644444444444444,0,1.08888888888889,1.08888888888889,0.0555555555555556
3,0,2,4,1,1,2,90.4139306971725,94.1993862767545,90.9256440514256,0.6,0.0285714285714286,1.51428571428571,1.51428571428571,0.0571428571428571
3,0,2,4,1,1,1,90.4139306971725,94.1993862767545,90.9256440514256,0.590909090909091,0,1.54545454545455,1.54545454545455,0
2,0,2,4,1,1,0,90.4139306971725,94.1993862767545,90.9256440514256,0.695652173913043,0,1.47826086956522,1.47826086956522,0
2,0,3,4,0,1,0,90.4139306971725,94.1993862767545,90.9256440514256,0.585365853658537,0,1.1219512195122,1.1219512195122,0
2,0,3,4,0,1,0,90.4139306971725,94.1993862767545,90.9256440514256,0.634146341463415,0,1.51219512195122,1.51219512195122,0.0487804878048781
1,0,3,4,0,1,1,90.4139306971725,94.1993862767545,90.9256440514256,0.58974358974359,0,1.20512820512821,1.20512820512821,0.0512820512820513
1,0,3,4,0,1,2,90.4139306971725,94.1993862767545,90.9256440514256,0.53125,0,0.875,0.875,0.015625
2,0,2,4,0,1,0,90.4139306971725,94.1993862767545,90.9256440514256,0.655172413793103,0,1.72413793103448,1.72413793103448,0.0344827586206897
3,0,2,4,1,1,0,90.4139306971725,94.1993862767545,90.9256440514256,0.548387096774194,0,1.45161290322581,1.45161290322581,0.0645161290322581
3,0,2,4,1,1,1,90.4139306971725,94.1993862767545,90.9256440514256,0.727272727272727,0,1.48484848484848,1.48484848484848,0.0909090909090909
2,0,1,4,1,1,3,90.4139306971725,94.1993862767545,90.9256440514256,0.592592592592593,0,1.14814814814815,1.14814814814815,0.037037037037037
2,0,1,4,1,1,1,90.4139306971725,94.1993862767545,90.9256440514256,0.566666666666667,0,0.9,0.9,0.0333333333333333
2,0,1,4,0,1,0,90.4139306971725,94.1993862767545,90.9256440514256,0.5,0,1.26923076923077,1.26923076923077,0.115384615384615
2,0,2,4,0,1,0,90.4139306971725,94.1993862767545,90.9256440514256,0.431818181818182,0,0.772727272727273,0.772727272727273,0.0454545454545455
3,0,2,4,0,1,0,90.4139306971725,94.1993862767545,90.9256440514256,0.59375,0,1.0625,1.0625,0
3,0,2,4,1,1,1,90.4139306971725,94.1993862767545,90.9256440514256,0.903225806451613,0,2.25806451612903,2.25806451612903,0.0645161290322581
3,0,1,4,1,1,0,90.4139306971725,94.1993862767545,90.9256440514256,0.65,0,1.4,1.4,0
3,0,1,0,1,1,1,90.4139306971725,94.1993862767545,90.9256440514256,0.78125,0,1.5,1.5,0
3,0,2,0,0,1,0,90.4139306971725,94.1993862767545,90.9256440514256,0.636363636363636,0,1.42424242424242,1.42424242424242,0.0606060606060606
3,0,1,0,0,1,1,90.4139306971725,94.1993862767545,90.9256440514256,0.88,0,1.6,1.6,0.08
3,1,3,4,0,1,0,100,100,100,0.817204301075269,0,1.32258064516129,1.32258064516129,0.0645161290322581
3,0,3,4,0,1,4,100,100,83.3333333333333,2.10769230769231,0,1.27692307692308,1.27692307692308,0.0769230769230769
3,0,2,4,0,1,3,100,100,66.6666666666667,0.0444444444444444,0,1.02222222222222,1.02222222222222,0.118518518518519
3,0,2,4,1,1,4,100,100,85.7142857142857,0.757142857142857,0,1.41428571428571,1.41428571428571,0.142857142857143
2,0,1,4,1,1,3,100,100,100,0.681818181818182,0,2.04545454545455,2.04545454545455,0.363636363636364
3,0,2,4,1,1,3,100,100,100,0.0727272727272727,0,0.472727272727273,0.472727272727273,0.163636363636364
3,0,1,4,1,1,1,90.4139306971725,94.1993862767545,90.9256440514256,0.585365853658537,0,0.902439024390244,0.902439024390244,0.024390243902439
3,0,1,4,1,1,0,90.4139306971725,94.1993862767545,90.9256440514256,0.724137931034483,0,1.24137931034483,1.24137931034483,0
2,2,3,4,0,1,1,100,100,100,0.34070796460177,0,0,0,0.0442477876106195
3,2,3,4,0,0,1,100,100,100,0.1875,0,0,0,0.0625
1,1,3,4,0,0,1,100,50,100,0.318181818181818,0,0,0,0.181818181818182
1,0,3,4,0,1,1,90.4139306971725,94.1993862767545,90.9256440514256,0.875,0,2.6875,2.6875,0.125
2,0,3,4,0,1,3,100,100,100,0.9,0,1.68,1.68,0.08
1,0,2,3,0,1,0,90.4139306971725,94.1993862767545,90.9256440514256,0.333333333333333,0,2.28571428571429,2.28571428571429,0.0952380952380952
2,0,2,3,0,1,0,90.4139306971725,94.1993862767545,90.9256440514256,0.733333333333333,0,1.86666666666667,1.86666666666667,0.2
2,1,3,4,0,1,1,100,100,100,0.509259259259259,0,0.833333333333333,0.833333333333333,0.0462962962962963
2,1,3,4,0,1,3,100,100,100,0.621848739495798,0,1.39495798319328,1.39495798319328,0.0840336134453782
2,0,3,4,0,1,2,100,100,100,0.136986301369863,0,1.50684931506849,1.50684931506849,0.0958904109589041
2,0,2,4,0,1,1,100,100,100,0.391304347826087,0,1.39130434782609,1.39130434782609,0.130434782608696
3,1,3,4,0,1,3,100,100,100,0.452830188679245,0,1.17924528301887,1.17924528301887,0.0754716981132075
3,0,2,4,0,1,0,100,100,100,0.4375,0,2.125,2.125,0.3125
3,1,3,4,0,1,7,100,100,90,0.472972972972973,0,0.574324324324324,0.574324324324324,0.128378378378378
0,0,3,3,0,1,0,90.4139306971725,94.1993862767545,90.9256440514256,0.5,0,0.5,0.5,0
2,1,3,4,0,1,0,90.4139306971725,94.1993862767545,90.9256440514256,0.941176470588235,0,3.11764705882353,3.11764705882353,0.117647058823529
2,1,2,4,0,1,0,90.4139306971725,94.1993862767545,90.9256440514256,0.826086956521739,0,1.42028985507246,1.42028985507246,0.0434782608695652
2,1,3,4,0,1,0,100,100,100,1.10526315789474,0,1.76315789473684,1.76315789473684,0.0263157894736842
3,0,2,4,0,1,1,100,100,100,0.674418604651163,0,1.32558139534884,1.32558139534884,0.0930232558139535
2,1,3,4,0,1,0,90.4139306971725,94.1993862767545,90.9256440514256,0.0909090909090909,0,1.27272727272727,1.27272727272727,0.181818181818182
3,1,3,4,0,1,14,100,100,100,0.300675675675676,0,0.503378378378378,0.503378378378378,0.097972972972973
3,1,3,4,0,1,1,90.4139306971725,94.1993862767545,90.9256440514256,0.117647058823529,0,0.529411764705882,0.529411764705882,0
3,1,3,4,1,1,8,100,88.8888888888889,100,0.012987012987013,0.00649350649350649,0.616883116883117,0.616883116883117,0.038961038961039
3,0,3,4,0,1,5,100,100,100,0.675925925925926,0,0.984567901234568,0.984567901234568,0.0185185185185185
3,0,1,4,0,1,0,90.4139306971725,94.1993862767545,90.9256440514256,0.135135135135135,0,1.32432432432432,1.32432432432432,0
3,0,2,4,0,1,1,100,100,100,0.207547169811321,0,1.30188679245283,1.30188679245283,0
3,0,1,0,0,1,0,100,100,100,1,0,2.76923076923077,2.76923076923077,0.0769230769230769
3,0,1,0,0,1,0,100,100,100,0.523809523809524,0,2.19047619047619,2.19047619047619,0.142857142857143
1,0,2,0,0,0,0,90.4139306971725,94.1993862767545,90.9256440514256,0.821428571428571,0,1.5,1.5,0.0357142857142857
2,0,2,0,0,0,0,90.4139306971725,94.1993862767545,90.9256440514256,1.07142857142857,0,3.71428571428571,3.71428571428571,0.0714285714285714
2,0,2,0,0,0,0,90.4139306971725,94.1993862767545,90.9256440514256,0.523809523809524,0,2.33333333333333,2.33333333333333,0.0476190476190476
3,2,3,4,0,1,2,90.4139306971725,94.1993862767545,90.9256440514256,0.271929824561404,0,0.93859649122807,0.93859649122807,0.0526315789473684
3,0,2,4,0,1,2,100,100,100,0.142857142857143,0,1.375,1.375,0.0892857142857143
3,0,1,4,0,1,0,100,100,100,0.606060606060606,0,1.36363636363636,1.36363636363636,0.0909090909090909
3,0,1,4,0,1,0,100,100,100,0.75,0,2.16666666666667,2.16666666666667,0.0833333333333333
3,0,1,4,0,1,1,100,100,100,0.64,0.04,1.6,1.6,0.04
3,0,1,4,0,1,0,100,100,100,0.631578947368421,0,0.929824561403509,0.929824561403509,0.0350877192982456
2,0,1,4,0,1,1,100,100,100,0.508771929824561,0,1.36842105263158,1.36842105263158,0.0526315789473684
2,0,1,4,0,1,3,100,100,100,0.7,0,1.5,1.5,0.05
0,0,3,3,0,1,1,90.4139306971725,94.1993862767545,90.9256440514256,1.01818181818182,0,1.01818181818182,1.01818181818182,0.0363636363636364
2,0,2,4,1,1,0,90.4139306971725,94.1993862767545,90.9256440514256,0.85,0,1.2,1.2,0.05
1,0,3,4,0,0,0,90.4139306971725,94.1993862767545,90.9256440514256,0.666666666666667,0,0,0,0.0476190476190476
0,0,3,4,0,0,0,90.4139306971725,94.1993862767545,90.9256440514256,0.666666666666667,0,0,0,0.0303030303030303
0,0,3,4,0,0,0,90.4139306971725,94.1993862767545,90.9256440514256,0.555555555555556,0,0,0,0.037037037037037
0,2,2,3,0,0,1,90.4139306971725,94.1993862767545,90.9256440514256,0.545454545454545,0,0,0,0.0227272727272727
0,0,3,4,0,0,1,90.4139306971725,94.1993862767545,90.9256440514256,0.6,0,0,0,0.1
0,0,3,4,0,0,0,90.4139306971725,94.1993862767545,90.9256440514256,0.608695652173913,0,0,0,0.0869565217391304
3,2,3,4,0,1,2,100,100,100,1.48704663212435,0,0,0,0.00518134715025907
2,0,1,4,0,0,0,100,100,100,1.32142857142857,0,0,0,0.0357142857142857
1,0,3,4,0,0,0,90.4139306971725,94.1993862767545,90.9256440514256,5.12903225806452,0,0,0,0.032258064516129
0,0,3,4,0,0,0,90.4139306971725,94.1993862767545,90.9256440514256,1.25714285714286,0,0,0,0.0285714285714286
2,0,2,4,0,0,0,90.4139306971725,94.1993862767545,90.9256440514256,0.739130434782609,0,0,0,0.0434782608695652
3,0,3,4,0,1,1,90.4139306971725,94.1993862767545,90.9256440514256,0.711340206185567,0,1.19587628865979,1.19587628865979,0.0618556701030928
2,0,3,3,1,1,1,90.4139306971725,94.1993862767545,90.9256440514256,0.901234567901235,0,0.91358024691358,0.91358024691358,0.037037037037037
3,0,1,4,0,1,0,100,87.5,100,4,0.875,1.75,1.75,0.125
1,0,2,0,1,1,0,90.4139306971725,94.1993862767545,90.9256440514256,1.1,0,1.4,1.4,0.05
2,0,1,4,1,1,0,100,100,100,1.16666666666667,1.16666666666667,2.5,2.5,0.0555555555555556
3,0,1,4,1,1,0,90.4139306971725,94.1993862767545,90.9256440514256,0.701754385964912,0,1.10526315789474,1.10526315789474,0.0526315789473684
3,0,1,4,1,1,1,90.4139306971725,94.1993862767545,90.9256440514256,0.8,0.316666666666667,1.53333333333333,1.53333333333333,0.0333333333333333
3,0,3,4,1,1,2,96.1538461538462,96.1538461538462,100,0.705882352941177,0,0.284313725490196,0.284313725490196,0.117647058823529
1,1,3,4,1,1,2,100,85.7142857142857,100,0.583333333333333,0,2.33333333333333,2.33333333333333,0.5
3,0,2,4,0,1,1,100,66.6666666666667,100,0,0,2.41176470588235,2.41176470588235,0.117647058823529
3,0,2,4,0,0,0,90.4139306971725,94.1993862767545,90.9256440514256,0,0,0.666666666666667,0.666666666666667,0.666666666666667
3,0,2,4,1,0,0,90.4139306971725,94.1993862767545,90.9256440514256,0,0,1.33333333333333,1.33333333333333,0.166666666666667
3,0,3,4,0,0,0,100,71.4285714285714,100,0,0,1.07692307692308,1.07692307692308,0.307692307692308
3,0,2,4,1,1,1,100,100,100,0,0,0.625,0.625,0.1875
2,1,2,4,0,0,1,90.4139306971725,94.1993862767545,90.9256440514256,0,0,0.551020408163265,0.551020408163265,0.0612244897959184
2,1,0,3,0,0,0,90.4139306971725,94.1993862767545,90.9256440514256,0,0,0.848484848484849,0.848484848484849,0.0303030303030303
2,1,2,3,0,0,0,90.4139306971725,94.1993862767545,90.9256440514256,0,0,0.882352941176471,0.882352941176471,0.0588235294117647
2,1,2,0,0,0,0,90.4139306971725,94.1993862767545,90.9256440514256,0,0,0.388888888888889,0.388888888888889,0.0555555555555556
2,1,2,4,0,0,0,90.4139306971725,94.1993862767545,90.9256440514256,0,0,0.5,0.5,0.0357142857142857
2,1,2,4,0,0,0,90.4139306971725,94.1993862767545,90.9256440514256,0,0,0.769230769230769,0.769230769230769,0.0384615384615385
2,1,1,4,0,0,1,90.4139306971725,94.1993862767545,90.9256440514256,0,0,0.830188679245283,0.830188679245283,0.0377358490566038
2,1,0,3,0,0,1,90.4139306971725,94.1993862767545,90.9256440514256,0,0,0.633333333333333,0.633333333333333,0
2,1,1,3,0,0,0,90.4139306971725,94.1993862767545,90.9256440514256,0,0,1.17391304347826,1.17391304347826,0.0434782608695652
2,1,2,3,0,0,0,100,100,50,0,0,0.444444444444444,0.444444444444444,0.0444444444444444
2,1,2,4,0,0,0,100,100,100,0,0,0.548387096774194,0.548387096774194,0
2,1,2,4,0,0,2,100,100,100,0,0,0.653846153846154,0.653846153846154,0.0384615384615385
2,1,2,3,0,0,1,100,100,100,0,0,0.645454545454546,0.645454545454546,0.00909090909090909
2,1,1,3,0,0,1,100,100,100,0,0,0.304347826086957,0.304347826086957,0.0869565217391304
2,1,2,3,0,0,0,100,100,50,0,0,0.647058823529412,0.647058823529412,0.0294117647058824
2,0,1,3,0,0,0,100,100,50,0,0,0.9,0.9,0
2,1,2,1,0,0,0,100,100,50,0,0,1.15151515151515,1.15151515151515,0.0303030303030303
2,1,2,1,0,0,1,100,100,50,0,0,0.911764705882353,0.911764705882353,0.0294117647058824
2,1,2,0,0,0,2,100,100,50,0,0,0.59375,0.59375,0.03125
2,0,0,3,0,0,0,90.4139306971725,94.1993862767545,90.9256440514256,0,0,1.24,1.24,0
3,1,3,4,0,1,0,90.4139306971725,94.1993862767545,90.9256440514256,0,0,0.970588235294118,0.970588235294118,0.0294117647058824
2,0,3,0,0,1,0,90.4139306971725,94.1993862767545,90.9256440514256,0,0,2.9,2.9,0.1
2,0,2,0,0,1,0,90.4139306971725,94.1993862767545,90.9256440514256,0,0,1.35,1.35,0.1
2,0,1,3,0,1,0,90.4139306971725,94.1993862767545,90.9256440514256,0,0,1.46153846153846,1.46153846153846,0
3,0,0,4,1,1,0,100,96.1538461538462,100,0,0,11,11,1
3,0,2,4,1,1,3,100,100,100,0,0,1.63888888888889,1.63888888888889,0.0555555555555556
3,0,1,3,0,1,1,100,100,100,0,0,1.43243243243243,1.43243243243243,0.027027027027027
3,0,0,0,0,0,0,90.4139306971725,94.1993862767545,90.9256440514256,0,0,1.25,1.25,0
2,0,3,4,0,0,1,100,50,100,0,0,0,0,0.5
3,0,1,0,0,1,1,100,100,100,0,0,3.5,3.5,0
3,0,1,5,0,1,0,100,100,100,0,0,57,57,2
3,0,2,0,1,0,0,100,100,100,0,0,2.66666666666667,2.66666666666667,0.666666666666667
3,0,3,0,0,0,0,90.4139306971725,94.1993862767545,90.9256440514256,0,0,2.57142857142857,2.57142857142857,0.285714285714286
3,0,1,0,0,0,0,90.4139306971725,94.1993862767545,90.9256440514256,0,0,1.93333333333333,1.93333333333333,0.133333333333333
3,0,2,0,0,0,0,100,100,100,0,0,2,2,0.230769230769231
3,0,2,0,0,0,0,90.4139306971725,94.1993862767545,90.9256440514256,0,0,2.55555555555556,2.55555555555556,0.333333333333333
3,0,2,0,0,0,0,90.4139306971725,94.1993862767545,90.9256440514256,0,0,1.25,1.25,0.1
3,0,2,0,0,0,0,90.4139306971725,94.1993862767545,90.9256440514256,0,0,22,22,2
3,0,1,0,1,0,0,100,100,100,0,0,2.5,2.5,1
3,0,1,0,0,0,0,90.4139306971725,94.1993862767545,90.9256440514256,0,0,1.5,1.5,0.5
3,0,1,0,0,0,0,90.4139306971725,94.1993862767545,90.9256440514256,0,0,1.35294117647059,1.35294117647059,0.117647058823529
3,0,1,0,0,0,0,90.4139306971725,94.1993862767545,90.9256440514256,0,0,1.31578947368421,1.31578947368421,0.105263157894737
3,0,1,0,0,0,0,90.4139306971725,94.1993862767545,90.9256440514256,0,0,1.5,1.5,0.3
3,0,1,0,0,0,0,90.4139306971725,94.1993862767545,90.9256440514256,0,0,0.576923076923077,0.576923076923077,0.115384615384615
2,0,1,3,0,0,0,90.4139306971725,94.1993862767545,90.9256440514256,0,0,1.66666666666667,1.66666666666667,0.0833333333333333
2,0,2,4,0,0,0,90.4139306971725,94.1993862767545,90.9256440514256,0,0,0.75,0.75,0.25
2,0,2,3,0,0,0,90.4139306971725,94.1993862767545,90.9256440514256,0,0,0.2,0.2,0.4
2,0,2,5,1,1,0,90.4139306971725,94.1993862767545,90.9256440514256,0,0,2.3,2.3,0.1
0,2,3,3,0,0,0,100,100,100,0,0,0,0,0.1
